seed,model,explanation_cohort,output_class_code,output_class_label,feature,mean_signed_shap,median_signed_shap,mean_abs_shap,class_specific_importance_rank,positive_share,negative_share,zero_share,sample_rows,interpretation
1103,lightgbm_weighted,random_internal_test,0,Minor,feature_number_of_lanes,0.0035949739612999012,-0.025385170142458998,0.07435027669275178,7.0,0.2758338448946184,0.7241661551053816,0.0,4887,raw_class_score_attribution_not_causal
1103,lightgbm_weighted,random_internal_test,0,Minor,feature_state_highway,-0.002016530549948347,0.015641276711168946,0.05796514423255773,8.0,0.6108041743400859,0.38919582565991406,0.0,4887,raw_class_score_attribution_not_causal
1103,lightgbm_weighted,random_internal_test,0,Minor,feature_terrain,0.001126170764880338,0.004808148731191983,0.04517039201384119,9.0,0.5938203396766932,0.4061796603233067,0.0,4887,raw_class_score_attribution_not_causal
1103,lightgbm_weighted,random_internal_test,0,Minor,feature_light,0.0049396415545873125,0.01684116013388879,0.09857015637071188,6.0,0.5696746470227133,0.4303253529772867,0.0,4887,raw_class_score_attribution_not_causal
1103,lightgbm_weighted,random_internal_test,0,Minor,feature_road_character,0.0012602008973687658,-0.014480581629047667,0.03515837974359647,12.0,0.048496009821976674,0.9515039901780233,0.0,4887,raw_class_score_attribution_not_causal
1103,lightgbm_weighted,random_internal_test,0,Minor,feature_road_lane,0.0012489939705341026,-0.05203504525859751,0.09886345496556465,5.0,0.21403724166155105,0.785962758338449,0.0,4887,raw_class_score_attribution_not_causal
1103,lightgbm_weighted,random_internal_test,0,Minor,feature_road_surface,0.00038061424860872045,-0.001517918171449836,0.006260365323705931,15.0,0.348475547370575,0.651524452629425,0.0,4887,raw_class_score_attribution_not_causal
1103,lightgbm_weighted,random_internal_test,0,Minor,feature_street_light,0.0026448153271586327,0.03584621908119331,0.11953653357216878,3.0,0.602414569265398,0.397585430734602,0.0,4887,raw_class_score_attribution_not_causal
1103,lightgbm_weighted,random_internal_test,0,Minor,feature_traffic_control,-0.0025483194621553464,-0.057759210905673326,0.11564099770965129,4.0,0.3147125025578064,0.6852874974421935,0.0,4887,raw_class_score_attribution_not_causal
1103,lightgbm_weighted,random_internal_test,0,Minor,feature_urban,0.0036884729983105036,0.014677309322667599,0.039023857312674694,11.0,0.6208307755269081,0.37916922447309187,0.0,4887,raw_class_score_attribution_not_causal
1103,lightgbm_weighted,random_internal_test,0,Minor,feature_weather_primary,-0.0034861849727514864,-0.07797406116859612,0.13107257227595662,2.0,0.20094127276447718,0.7990587272355228,0.0,4887,raw_class_score_attribution_not_causal
1103,lightgbm_weighted,random_internal_test,0,Minor,feature_weather_secondary,-0.0010987868123064303,-0.01543386200165928,0.032545040791213085,13.0,0.03130755064456722,0.9686924493554327,0.0,4887,raw_class_score_attribution_not_causal
1103,lightgbm_weighted,random_internal_test,0,Minor,feature_advisory_speed,-0.0023201947052614367,-0.009292719797338582,0.02130845928421259,14.0,0.14835277266216493,0.851647227337835,0.0,4887,raw_class_score_attribution_not_causal
1103,lightgbm_weighted,random_internal_test,0,Minor,feature_speed_limit,0.0016050357755820841,0.06194573204200618,0.16844124193940616,1.0,0.590341722938408,0.40965827706159197,0.0,4887,raw_class_score_attribution_not_causal
1103,lightgbm_weighted,random_internal_test,0,Minor,feature_temporary_speed_limit,-0.00043453727150244084,-0.021461204871460426,0.04218714670913298,10.0,0.03314917127071823,0.9668508287292817,0.0,4887,raw_class_score_attribution_not_causal
1103,lightgbm_weighted,random_internal_test,1,Serious,feature_number_of_lanes,-0.004530208420417938,-0.025506720411000643,0.0655094028282745,5.0,0.22979332924084306,0.7702066707591569,0.0,4887,raw_class_score_attribution_not_causal
1103,lightgbm_weighted,random_internal_test,1,Serious,feature_state_highway,2.9849184931231754e-05,0.03885661612209902,0.09245767204225383,2.0,0.6660527931246163,0.33394720687538365,0.0,4887,raw_class_score_attribution_not_causal
1103,lightgbm_weighted,random_internal_test,1,Serious,feature_terrain,0.00033770735748401485,-0.002812547974927881,0.04095899396065298,8.0,0.4117045222017598,0.5882954777982402,0.0,4887,raw_class_score_attribution_not_causal
1103,lightgbm_weighted,random_internal_test,1,Serious,feature_light,5.718623952765059e-05,0.010221074833406753,0.0816998532947663,3.0,0.5318191119296092,0.4681808880703908,0.0,4887,raw_class_score_attribution_not_causal
1103,lightgbm_weighted,random_internal_test,1,Serious,feature_road_character,0.0015697562679032697,-0.007038671934440975,0.022676076512110552,12.0,0.1692244730918764,0.8307755269081236,0.0,4887,raw_class_score_attribution_not_causal
1103,lightgbm_weighted,random_internal_test,1,Serious,feature_road_lane,0.0040159529960815355,-0.011919124387101574,0.0336151355587372,9.0,0.2913853079598936,0.7086146920401064,0.0,4887,raw_class_score_attribution_not_causal
1103,lightgbm_weighted,random_internal_test,1,Serious,feature_road_surface,-0.0012314734284290928,-0.0036038728192657825,0.009335621942343482,15.0,0.173316963372212,0.826683036627788,0.0,4887,raw_class_score_attribution_not_causal
1103,lightgbm_weighted,random_internal_test,1,Serious,feature_street_light,-0.00821235909250211,-0.011259063926451584,0.0612061441859998,6.0,0.45508491917331695,0.544915080826683,0.0,4887,raw_class_score_attribution_not_causal
1103,lightgbm_weighted,random_internal_test,1,Serious,feature_traffic_control,0.0006996520856376513,-0.006413607272766927,0.0691937546014512,4.0,0.4741149989768774,0.5258850010231225,0.0,4887,raw_class_score_attribution_not_causal
1103,lightgbm_weighted,random_internal_test,1,Serious,feature_urban,2.0304394723909277e-05,0.0007671738007335093,0.020716088886343652,13.0,0.5621035400040925,0.4378964599959075,0.0,4887,raw_class_score_attribution_not_causal
1103,lightgbm_weighted,random_internal_test,1,Serious,feature_weather_primary,-0.0005342748146195751,-0.0024298279228157586,0.041959930884083535,7.0,0.44423981993042766,0.5557601800695723,0.0,4887,raw_class_score_attribution_not_causal
1103,lightgbm_weighted,random_internal_test,1,Serious,feature_weather_secondary,9.172335128354234e-05,-0.0012830328569986974,0.016913967683227227,14.0,0.45242480049109884,0.5475751995089012,0.0,4887,raw_class_score_attribution_not_causal
1103,lightgbm_weighted,random_internal_test,1,Serious,feature_advisory_speed,-0.003509500404746836,-0.010277006716886881,0.02763933596259233,10.0,0.1368937998772253,0.8631062001227747,0.0,4887,raw_class_score_attribution_not_causal
1103,lightgbm_weighted,random_internal_test,1,Serious,feature_speed_limit,0.005841075375009967,0.00361342785980728,0.09479279704650334,1.0,0.5479844485369347,0.45201555146306527,0.0,4887,raw_class_score_attribution_not_causal
1103,lightgbm_weighted,random_internal_test,1,Serious,feature_temporary_speed_limit,-0.0009235533744736166,-0.013021880727648451,0.02503924046023442,11.0,0.05033763044812769,0.9496623695518723,0.0,4887,raw_class_score_attribution_not_causal
1103,lightgbm_weighted,random_internal_test,2,Fatal,feature_number_of_lanes,-0.006218803002303304,0.1892656073385895,0.3855897487482364,2.0,0.7937384898710865,0.20626151012891344,0.0,4887,raw_class_score_attribution_not_causal
1103,lightgbm_weighted,random_internal_test,2,Fatal,feature_state_highway,0.010414925091931183,-0.05091687218625671,0.1471542022493778,9.0,0.3513402905668099,0.6486597094331901,0.0,4887,raw_class_score_attribution_not_causal
1103,lightgbm_weighted,random_internal_test,2,Fatal,feature_terrain,-0.001390901371349311,-0.009416010847776433,0.07484108627133688,12.0,0.44567219152854515,0.5543278084714549,0.0,4887,raw_class_score_attribution_not_causal
1103,lightgbm_weighted,random_internal_test,2,Fatal,feature_light,-0.005879549392834116,-0.030932886034230167,0.22048145385189755,6.0,0.4221403724166155,0.5778596275833845,0.0,4887,raw_class_score_attribution_not_causal
1103,lightgbm_weighted,random_internal_test,2,Fatal,feature_road_character,-0.003343234761032939,0.04663054476955784,0.09240634730850061,11.0,0.9396357683650501,0.06036423163494987,0.0,4887,raw_class_score_attribution_not_causal
1103,lightgbm_weighted,random_internal_test,2,Fatal,feature_road_lane,-0.014584727659934365,0.16612330520801102,0.28833128781017425,4.0,0.853488847963986,0.14651115203601392,0.0,4887,raw_class_score_attribution_not_causal
1103,lightgbm_weighted,random_internal_test,2,Fatal,feature_road_surface,0.004321266708261526,-0.0021224258976687838,0.015769710453634362,15.0,0.3707796193984039,0.629220380601596,0.0,4887,raw_class_score_attribution_not_causal
1103,lightgbm_weighted,random_internal_test,2,Fatal,feature_street_light,0.015764767173132514,0.03093162633722417,0.1821434249585337,7.0,0.5324329854716595,0.4675670145283405,0.0,4887,raw_class_score_attribution_not_causal
1103,lightgbm_weighted,random_internal_test,2,Fatal,feature_traffic_control,-0.01071762780823787,0.1562025539345983,0.3516586476707198,3.0,0.6513198281154082,0.34868017188459177,0.0,4887,raw_class_score_attribution_not_causal
1103,lightgbm_weighted,random_internal_test,2,Fatal,feature_urban,-0.009265161018047306,-0.08679752441799997,0.1530676887899383,8.0,0.3767137303048905,0.6232862696951095,0.0,4887,raw_class_score_attribution_not_causal
1103,lightgbm_weighted,random_internal_test,2,Fatal,feature_weather_primary,-0.0046408060202726455,0.13219734845998532,0.2539051666431728,5.0,0.786781256394516,0.21321874360548393,0.0,4887,raw_class_score_attribution_not_causal
1103,lightgbm_weighted,random_internal_test,2,Fatal,feature_weather_secondary,0.0010314790091094518,0.023357880700746125,0.04836794250361119,14.0,0.9607120933087784,0.039287906691221605,0.0,4887,raw_class_score_attribution_not_causal
1103,lightgbm_weighted,random_internal_test,2,Fatal,feature_advisory_speed,0.003322885666309007,0.02623453217290222,0.04989340579403235,13.0,0.9204010640474729,0.07959893595252711,0.0,4887,raw_class_score_attribution_not_causal
1103,lightgbm_weighted,random_internal_test,2,Fatal,feature_speed_limit,-0.0006450088418144289,-0.09688446999511661,0.3903770634623473,1.0,0.4376918354818907,0.5623081645181093,0.0,4887,raw_class_score_attribution_not_causal
1103,lightgbm_weighted,random_internal_test,2,Fatal,feature_temporary_speed_limit,0.0037597863581073903,0.06509227188316329,0.12100630420078248,10.0,0.9670554532432986,0.03294454675670145,0.0,4887,raw_class_score_attribution_not_causal
1103,lightgbm_weighted,matched_2025,0,Minor,feature_number_of_lanes,-0.0011420688846966384,-0.027908391675443296,0.07017749426268567,7.0,0.2635563740536116,0.7364436259463883,0.0,4887,raw_class_score_attribution_not_causal
1103,lightgbm_weighted,matched_2025,0,Minor,feature_state_highway,-0.00021625533922267599,0.016105262331775592,0.05832264191409049,8.0,0.620012277470841,0.37998772252915897,0.0,4887,raw_class_score_attribution_not_causal
1103,lightgbm_weighted,matched_2025,0,Minor,feature_terrain,0.004057873772901291,0.006354892048372703,0.04742912995131755,9.0,0.6087579291999181,0.39124207080008183,0.0,4887,raw_class_score_attribution_not_causal
1103,lightgbm_weighted,matched_2025,0,Minor,feature_light,0.008980577664726775,0.01684116013388879,0.09728351140505292,6.0,0.5880908532842235,0.41190914671577655,0.0,4887,raw_class_score_attribution_not_causal
1103,lightgbm_weighted,matched_2025,0,Minor,feature_road_character,0.0017042864571725975,-0.014593560938398607,0.03555254431585561,12.0,0.045017393083691425,0.9549826069163085,0.0,4887,raw_class_score_attribution_not_causal
1103,lightgbm_weighted,matched_2025,0,Minor,feature_road_lane,0.004941807217847341,-0.05349693121531262,0.10303298227371359,4.0,0.20994475138121546,0.7900552486187845,0.0,4887,raw_class_score_attribution_not_causal
1103,lightgbm_weighted,matched_2025,0,Minor,feature_road_surface,0.0004174446195965679,-0.001517918171449836,0.006498182123752042,15.0,0.36443625946388375,0.6355637405361162,0.0,4887,raw_class_score_attribution_not_causal
1103,lightgbm_weighted,matched_2025,0,Minor,feature_street_light,0.0010047731087856207,0.03584621908119331,0.1221095350526467,3.0,0.5989359525271127,0.40106404747288726,0.0,4887,raw_class_score_attribution_not_causal
1103,lightgbm_weighted,matched_2025,0,Minor,feature_traffic_control,-0.020196436755730022,-0.05791824423762308,0.09995437285466294,5.0,0.29404542664211175,0.7059545733578882,0.0,4887,raw_class_score_attribution_not_causal
1103,lightgbm_weighted,matched_2025,0,Minor,feature_urban,0.0029281492285378502,0.015163032439734103,0.03976045142791875,11.0,0.6136689175363208,0.38633108246367914,0.0,4887,raw_class_score_attribution_not_causal
1103,lightgbm_weighted,matched_2025,0,Minor,feature_weather_primary,-0.009961802139852738,-0.080596188604058,0.12864145350302988,2.0,0.18293431553100062,0.8170656844689994,0.0,4887,raw_class_score_attribution_not_causal
1103,lightgbm_weighted,matched_2025,0,Minor,feature_weather_secondary,-0.00041476848490613845,-0.015507829636475526,0.03402817270546119,13.0,0.03621853898096992,0.9637814610190301,0.0,4887,raw_class_score_attribution_not_causal
1103,lightgbm_weighted,matched_2025,0,Minor,feature_advisory_speed,-0.0009178573718709202,-0.009301619761624658,0.022414629044670068,14.0,0.15326376099856762,0.8467362390014324,0.0,4887,raw_class_score_attribution_not_causal
1103,lightgbm_weighted,matched_2025,0,Minor,feature_speed_limit,0.004071926403387889,0.06435348332065968,0.16775861203767184,1.0,0.5901370984243912,0.4098629015756088,0.0,4887,raw_class_score_attribution_not_causal
1103,lightgbm_weighted,matched_2025,0,Minor,feature_temporary_speed_limit,0.002895949878073898,-0.021764799820519348,0.04574930908965134,10.0,0.03580928995293636,0.9641907100470637,0.0,4887,raw_class_score_attribution_not_causal
1103,lightgbm_weighted,matched_2025,1,Serious,feature_number_of_lanes,-0.006303247160479593,-0.026975348931181573,0.0631337325573963,5.0,0.22263147125025579,0.7773685287497443,0.0,4887,raw_class_score_attribution_not_causal
1103,lightgbm_weighted,matched_2025,1,Serious,feature_state_highway,0.0031806580540987236,0.046836385472854784,0.09675900927808447,2.0,0.6785348884796398,0.3214651115203601,0.0,4887,raw_class_score_attribution_not_causal
1103,lightgbm_weighted,matched_2025,1,Serious,feature_terrain,0.0004521686833505879,-0.004561529874141938,0.04405809528096204,7.0,0.4057704112952732,0.5942295887047269,0.0,4887,raw_class_score_attribution_not_causal
1103,lightgbm_weighted,matched_2025,1,Serious,feature_light,0.004815781579447755,0.014798339266907757,0.0793197504818762,3.0,0.5516676897892367,0.44833231021076325,0.0,4887,raw_class_score_attribution_not_causal
1103,lightgbm_weighted,matched_2025,1,Serious,feature_road_character,0.0005163125944610662,-0.006830246522099259,0.021253044569042225,12.0,0.175158583998363,0.824841416001637,0.0,4887,raw_class_score_attribution_not_causal
1103,lightgbm_weighted,matched_2025,1,Serious,feature_road_lane,0.005439754444315246,-0.011919124387101574,0.03495772138526925,9.0,0.29261305504399426,0.7073869449560057,0.0,4887,raw_class_score_attribution_not_causal
1103,lightgbm_weighted,matched_2025,1,Serious,feature_road_surface,-0.0012641404781547655,-0.0036038728192657825,0.009403545648109413,15.0,0.1782279517086147,0.8217720482913853,0.0,4887,raw_class_score_attribution_not_causal
1103,lightgbm_weighted,matched_2025,1,Serious,feature_street_light,-0.00779482112895008,-0.010328290035784522,0.060658982414859626,6.0,0.45692653979946796,0.543073460200532,0.0,4887,raw_class_score_attribution_not_causal
1103,lightgbm_weighted,matched_2025,1,Serious,feature_traffic_control,0.0011303753599468031,-0.005666758248994465,0.06772704679193513,4.0,0.4812768569674647,0.5187231430325353,0.0,4887,raw_class_score_attribution_not_causal
1103,lightgbm_weighted,matched_2025,1,Serious,feature_urban,-0.0003129514829575021,0.00019986724550491794,0.020865974866903374,13.0,0.5522815633312871,0.4477184366687129,0.0,4887,raw_class_score_attribution_not_causal
1103,lightgbm_weighted,matched_2025,1,Serious,feature_weather_primary,-0.0022598413902459873,-0.0024298279228157586,0.039233357285731386,8.0,0.44915080826683035,0.5508491917331696,0.0,4887,raw_class_score_attribution_not_causal
1103,lightgbm_weighted,matched_2025,1,Serious,feature_weather_secondary,0.0009913149246061261,-0.0008447986308185925,0.018844947773141094,14.0,0.47575199508901167,0.5242480049109883,0.0,4887,raw_class_score_attribution_not_causal
1103,lightgbm_weighted,matched_2025,1,Serious,feature_advisory_speed,-0.0008651124224087925,-0.010644283475296088,0.029872061105574006,10.0,0.14507878043789646,0.8549212195621035,0.0,4887,raw_class_score_attribution_not_causal
1103,lightgbm_weighted,matched_2025,1,Serious,feature_speed_limit,0.007893420034365972,0.0033363070078216007,0.09763126405186992,1.0,0.5397994679762635,0.46020053202373645,0.0,4887,raw_class_score_attribution_not_causal
1103,lightgbm_weighted,matched_2025,1,Serious,feature_temporary_speed_limit,0.00239251224015613,-0.012902473247681456,0.02725480631813748,11.0,0.055657867812563946,0.944342132187436,0.0,4887,raw_class_score_attribution_not_causal
1103,lightgbm_weighted,matched_2025,2,Fatal,feature_number_of_lanes,0.009574902159509893,0.19196497218405853,0.3743898392947917,2.0,0.8105177000204624,0.18948229997953756,0.0,4887,raw_class_score_attribution_not_causal
1103,lightgbm_weighted,matched_2025,2,Fatal,feature_state_highway,0.005861434980383928,-0.05838623916550662,0.1518724972649008,8.0,0.34008594229588707,0.6599140577041129,0.0,4887,raw_class_score_attribution_not_causal
1103,lightgbm_weighted,matched_2025,2,Fatal,feature_terrain,-0.004888115223561398,-0.01112487683596199,0.07847806198052384,12.0,0.443012072846327,0.556987927153673,0.0,4887,raw_class_score_attribution_not_causal
1103,lightgbm_weighted,matched_2025,2,Fatal,feature_light,-0.012004320074878618,-0.034468005864075016,0.2087595371570916,6.0,0.40290566809903827,0.5970943319009617,0.0,4887,raw_class_score_attribution_not_causal
1103,lightgbm_weighted,matched_2025,2,Fatal,feature_road_character,-0.0008650631525332913,0.04663054476955784,0.0903108373922033,11.0,0.9449560057294863,0.05504399427051361,0.0,4887,raw_class_score_attribution_not_causal
1103,lightgbm_weighted,matched_2025,2,Fatal,feature_road_lane,-0.027573755913607494,0.16636050327434906,0.301012964622792,4.0,0.8485778596275834,0.1514221403724166,0.0,4887,raw_class_score_attribution_not_causal
1103,lightgbm_weighted,matched_2025,2,Fatal,feature_road_surface,0.0030967053531898714,-0.00212331140107493,0.015456701520291709,15.0,0.3656640065479844,0.6343359934520155,0.0,4887,raw_class_score_attribution_not_causal
1103,lightgbm_weighted,matched_2025,2,Fatal,feature_street_light,0.013658483716592257,0.0294571664630796,0.18054619531121222,7.0,0.5277266216492735,0.4722733783507264,0.0,4887,raw_class_score_attribution_not_causal
1103,lightgbm_weighted,matched_2025,2,Fatal,feature_traffic_control,0.02796900844481956,0.16508177276291905,0.31803055315163237,3.0,0.6742377736852875,0.3257622263147125,0.0,4887,raw_class_score_attribution_not_causal
1103,lightgbm_weighted,matched_2025,2,Fatal,feature_urban,-0.008889278747924216,-0.08410298209799243,0.15116735310146828,9.0,0.3787599754450583,0.6212400245549416,0.0,4887,raw_class_score_attribution_not_causal
1103,lightgbm_weighted,matched_2025,2,Fatal,feature_weather_primary,0.011618534350102221,0.13594785996885356,0.24280918132213378,5.0,0.805402087170043,0.19459791282995703,0.0,4887,raw_class_score_attribution_not_causal
1103,lightgbm_weighted,matched_2025,2,Fatal,feature_weather_secondary,-0.001947452719737558,0.023357880700746125,0.05191446591906568,14.0,0.9570288520564764,0.042971147943523635,0.0,4887,raw_class_score_attribution_not_causal
1103,lightgbm_weighted,matched_2025,2,Fatal,feature_advisory_speed,-0.0016888395784939612,0.02659045723412661,0.05456601427420435,13.0,0.9122160834868017,0.08778391651319828,0.0,4887,raw_class_score_attribution_not_causal
1103,lightgbm_weighted,matched_2025,2,Fatal,feature_speed_limit,-0.008539926982715093,-0.09688446999511661,0.3895100890855417,1.0,0.4340085942295887,0.5659914057704113,0.0,4887,raw_class_score_attribution_not_causal
1103,lightgbm_weighted,matched_2025,2,Fatal,feature_temporary_speed_limit,-0.007416311091936882,0.06482030653799921,0.13167415374551245,10.0,0.9641907100470637,0.03580928995293636,0.0,4887,raw_class_score_attribution_not_causal
2207,lightgbm_weighted,random_internal_test,0,Minor,feature_number_of_lanes,0.006588338543913021,-0.02524494704544155,0.07836058110965208,7.0,0.2954777982402292,0.7045222017597709,0.0,4887,raw_class_score_attribution_not_causal
2207,lightgbm_weighted,random_internal_test,0,Minor,feature_state_highway,-0.007290250061735915,-0.0010408714551861855,0.04762054878047946,8.0,0.49457745037855533,0.5054225496214446,0.0,4887,raw_class_score_attribution_not_causal
2207,lightgbm_weighted,random_internal_test,0,Minor,feature_terrain,-0.0011556058843554347,0.011531596609331042,0.04600506116762199,9.0,0.5911602209944752,0.4088397790055249,0.0,4887,raw_class_score_attribution_not_causal
2207,lightgbm_weighted,random_internal_test,0,Minor,feature_light,0.003566032079701205,0.010492799117447844,0.11790161365947782,4.0,0.5111520360139145,0.48884796398608554,0.0,4887,raw_class_score_attribution_not_causal
2207,lightgbm_weighted,random_internal_test,0,Minor,feature_road_character,0.001557440880843209,-0.009062034769297227,0.024942977266519922,13.0,0.20237364436259464,0.7976263556374054,0.0,4887,raw_class_score_attribution_not_causal
2207,lightgbm_weighted,random_internal_test,0,Minor,feature_road_lane,-7.639681099709488e-05,-0.05597934207057991,0.10340604961410219,5.0,0.14282791078371188,0.8571720892162881,0.0,4887,raw_class_score_attribution_not_causal
2207,lightgbm_weighted,random_internal_test,0,Minor,feature_road_surface,0.0011456802572626288,0.0012287930983955531,0.006051721367617875,15.0,0.6083486801718846,0.3916513198281154,0.0,4887,raw_class_score_attribution_not_causal
2207,lightgbm_weighted,random_internal_test,0,Minor,feature_street_light,-0.012793923621121708,0.0036107072219980396,0.092793391578377,6.0,0.5091057908737466,0.4908942091262533,0.0,4887,raw_class_score_attribution_not_causal
2207,lightgbm_weighted,random_internal_test,0,Minor,feature_traffic_control,-0.0020209916000904016,-0.06573327799556725,0.13263239570889443,2.0,0.3042766523429507,0.6957233476570494,0.0,4887,raw_class_score_attribution_not_causal
2207,lightgbm_weighted,random_internal_test,0,Minor,feature_urban,0.002891929117634662,0.012574689022531076,0.03505787294877485,11.0,0.5944342132187436,0.4055657867812564,0.0,4887,raw_class_score_attribution_not_causal
2207,lightgbm_weighted,random_internal_test,0,Minor,feature_weather_primary,0.0026785475361064477,-0.06564940533580066,0.12726667359200344,3.0,0.20012277470841006,0.7998772252915899,0.0,4887,raw_class_score_attribution_not_causal
2207,lightgbm_weighted,random_internal_test,0,Minor,feature_weather_secondary,-0.0013343731148822732,-0.014637851433582257,0.029302420493421605,12.0,0.051974626560261916,0.948025373439738,0.0,4887,raw_class_score_attribution_not_causal
2207,lightgbm_weighted,random_internal_test,0,Minor,feature_advisory_speed,-0.0019612051657529207,-0.006804643354115064,0.020164481559266235,14.0,0.13627992633517497,0.8637200736648251,0.0,4887,raw_class_score_attribution_not_causal
2207,lightgbm_weighted,random_internal_test,0,Minor,feature_speed_limit,-0.005782093686227655,0.06405621513996652,0.18428973828100595,1.0,0.5606711684059751,0.43932883159402497,0.0,4887,raw_class_score_attribution_not_causal
2207,lightgbm_weighted,random_internal_test,0,Minor,feature_temporary_speed_limit,0.0008587913294522974,-0.019373542849589552,0.03908492013946067,10.0,0.03560466543891958,0.9643953345610804,0.0,4887,raw_class_score_attribution_not_causal
2207,lightgbm_weighted,random_internal_test,1,Serious,feature_number_of_lanes,-0.0005790283348755938,-0.027204951100680583,0.06983295680422591,4.0,0.1839574381010845,0.8160425618989154,0.0,4887,raw_class_score_attribution_not_causal
2207,lightgbm_weighted,random_internal_test,1,Serious,feature_state_highway,0.005178508816463433,0.029118649067856144,0.07019278967320934,3.0,0.6464088397790055,0.35359116022099446,0.0,4887,raw_class_score_attribution_not_causal
2207,lightgbm_weighted,random_internal_test,1,Serious,feature_terrain,0.0037108063028919083,-0.006159263302307586,0.04483479302297096,7.0,0.37916922447309187,0.6208307755269081,0.0,4887,raw_class_score_attribution_not_causal
2207,lightgbm_weighted,random_internal_test,1,Serious,feature_light,-0.00042260425159270585,0.007777545243598771,0.07577360619946878,2.0,0.5340699815837937,0.46593001841620624,0.0,4887,raw_class_score_attribution_not_causal
2207,lightgbm_weighted,random_internal_test,1,Serious,feature_road_character,0.0008271735057201605,0.0016641015257976809,0.026418455057314306,10.0,0.612645794966237,0.38735420503376305,0.0,4887,raw_class_score_attribution_not_causal
2207,lightgbm_weighted,random_internal_test,1,Serious,feature_road_lane,-0.0019069762770155037,-0.007659753692780528,0.028693626964064575,9.0,0.3149171270718232,0.6850828729281768,0.0,4887,raw_class_score_attribution_not_causal
2207,lightgbm_weighted,random_internal_test,1,Serious,feature_road_surface,-0.0008941776692315429,-0.004361538625083507,0.010240247484723665,15.0,0.220585226110088,0.779414773889912,0.0,4887,raw_class_score_attribution_not_causal
2207,lightgbm_weighted,random_internal_test,1,Serious,feature_street_light,-0.005516902238105358,-0.0014406414284483385,0.06489033179757793,6.0,0.49560057294863924,0.5043994270513608,0.0,4887,raw_class_score_attribution_not_causal
2207,lightgbm_weighted,random_internal_test,1,Serious,feature_traffic_control,0.0004082574739911849,-0.0134091244651689,0.06895177881785537,5.0,0.4174340085942296,0.5825659914057704,0.0,4887,raw_class_score_attribution_not_causal
2207,lightgbm_weighted,random_internal_test,1,Serious,feature_urban,-0.0007288771097659758,-0.00038390574669321814,0.023769901086894366,11.0,0.4964190710047064,0.5035809289952936,0.0,4887,raw_class_score_attribution_not_causal
2207,lightgbm_weighted,random_internal_test,1,Serious,feature_weather_primary,0.0019142829626738324,-0.007533766000915224,0.041418397502479436,8.0,0.41416001636996114,0.5858399836300389,0.0,4887,raw_class_score_attribution_not_causal
2207,lightgbm_weighted,random_internal_test,1,Serious,feature_weather_secondary,-0.0008494490277500586,-0.0028140899623100572,0.016800118438321816,14.0,0.2342950685492122,0.7657049314507878,0.0,4887,raw_class_score_attribution_not_causal
2207,lightgbm_weighted,random_internal_test,1,Serious,feature_advisory_speed,0.0017657299348281803,-0.004886243338534249,0.020402161974457683,13.0,0.289134438305709,0.7108655616942909,0.0,4887,raw_class_score_attribution_not_causal
2207,lightgbm_weighted,random_internal_test,1,Serious,feature_speed_limit,-0.0038605292069328156,0.024993894643575487,0.11464229702026947,1.0,0.5469613259668509,0.4530386740331492,0.0,4887,raw_class_score_attribution_not_causal
2207,lightgbm_weighted,random_internal_test,1,Serious,feature_temporary_speed_limit,-0.0007988700188193727,-0.011466542062718308,0.023014557968597707,12.0,0.05013300593411091,0.9498669940658891,0.0,4887,raw_class_score_attribution_not_causal
2207,lightgbm_weighted,random_internal_test,2,Fatal,feature_number_of_lanes,-0.003494844163996122,0.17039052414839742,0.3263019214921423,3.0,0.7880090034786167,0.21199099652138326,0.0,4887,raw_class_score_attribution_not_causal
2207,lightgbm_weighted,random_internal_test,2,Fatal,feature_state_highway,0.003516534413494836,-0.05188789954163867,0.13519197507892167,8.0,0.3953345610804174,0.6046654389195826,0.0,4887,raw_class_score_attribution_not_causal
2207,lightgbm_weighted,random_internal_test,2,Fatal,feature_terrain,-1.8971911483429994e-05,-0.0015822695216546252,0.0747378406076367,11.0,0.49478207489257214,0.5052179251074279,0.0,4887,raw_class_score_attribution_not_causal
2207,lightgbm_weighted,random_internal_test,2,Fatal,feature_light,-0.005104578660602907,-0.0046049027275229335,0.20948279498024677,5.0,0.4931450787804379,0.5068549212195621,0.0,4887,raw_class_score_attribution_not_causal
2207,lightgbm_weighted,random_internal_test,2,Fatal,feature_road_character,0.00034260195275677093,0.022287598566984517,0.04584061460135149,12.0,0.9126253325148352,0.08737466748516472,0.0,4887,raw_class_score_attribution_not_causal
2207,lightgbm_weighted,random_internal_test,2,Fatal,feature_road_lane,-0.010601632150474832,0.09724351361211678,0.18950504425137757,6.0,0.8277061591978719,0.1722938408021281,0.0,4887,raw_class_score_attribution_not_causal
2207,lightgbm_weighted,random_internal_test,2,Fatal,feature_road_surface,-0.0013108943270246142,-0.0028132482909804506,0.010726775915060544,15.0,0.3632085123797831,0.6367914876202169,0.0,4887,raw_class_score_attribution_not_causal
2207,lightgbm_weighted,random_internal_test,2,Fatal,feature_street_light,0.01627833037896635,0.018562345046893493,0.17114798997270922,7.0,0.5238387558829548,0.47616124411704525,0.0,4887,raw_class_score_attribution_not_causal
2207,lightgbm_weighted,random_internal_test,2,Fatal,feature_traffic_control,0.0015229243159803187,0.19282287900234588,0.4035127808730529,2.0,0.6924493554327809,0.30755064456721914,0.0,4887,raw_class_score_attribution_not_causal
2207,lightgbm_weighted,random_internal_test,2,Fatal,feature_urban,0.004697547479440109,-0.04539867057469207,0.11843471053949572,9.0,0.42602823818293434,0.5739717618170657,0.0,4887,raw_class_score_attribution_not_causal
2207,lightgbm_weighted,random_internal_test,2,Fatal,feature_weather_primary,0.0006913864240788322,0.1431070135728803,0.27269070536325296,4.0,0.7918968692449355,0.20810313075506445,0.0,4887,raw_class_score_attribution_not_causal
2207,lightgbm_weighted,random_internal_test,2,Fatal,feature_weather_secondary,0.002534147546879682,0.011738305954000399,0.0300845096934412,14.0,0.9101698383466339,0.08983016165336608,0.0,4887,raw_class_score_attribution_not_causal
2207,lightgbm_weighted,random_internal_test,2,Fatal,feature_advisory_speed,-0.0015124154910740406,0.012196611312682572,0.03925561417269332,13.0,0.7839165131982812,0.21608348680171885,0.0,4887,raw_class_score_attribution_not_causal
2207,lightgbm_weighted,random_internal_test,2,Fatal,feature_speed_limit,0.030895175291376392,-0.09446173192937697,0.406885685538312,1.0,0.44546756701452833,0.5545324329854716,0.0,4887,raw_class_score_attribution_not_causal
2207,lightgbm_weighted,random_internal_test,2,Fatal,feature_temporary_speed_limit,-0.000787145320651879,0.0518951781459788,0.10282280317113729,10.0,0.9641907100470637,0.03580928995293636,0.0,4887,raw_class_score_attribution_not_causal
2207,lightgbm_weighted,matched_2025,0,Minor,feature_number_of_lanes,0.003698178939334871,-0.02524494704544155,0.07322140239048601,7.0,0.292817679558011,0.7071823204419889,0.0,4887,raw_class_score_attribution_not_causal
2207,lightgbm_weighted,matched_2025,0,Minor,feature_state_highway,-0.006937742811367794,0.00040592247914784864,0.04684050040238923,9.0,0.5011254348270923,0.49887456517290774,0.0,4887,raw_class_score_attribution_not_causal
2207,lightgbm_weighted,matched_2025,0,Minor,feature_terrain,0.0018139038239702316,0.013771491033477374,0.04797314748559389,8.0,0.6063024350317168,0.3936975649682832,0.0,4887,raw_class_score_attribution_not_causal
2207,lightgbm_weighted,matched_2025,0,Minor,feature_light,0.007266537768674228,0.009106778533622309,0.11175725283620445,4.0,0.5117659095559648,0.4882340904440352,0.0,4887,raw_class_score_attribution_not_causal
2207,lightgbm_weighted,matched_2025,0,Minor,feature_road_character,-0.000595356350377482,-0.009372266214066812,0.022706397611473174,13.0,0.2007366482504604,0.7992633517495396,0.0,4887,raw_class_score_attribution_not_causal
2207,lightgbm_weighted,matched_2025,0,Minor,feature_road_lane,-0.00036804329786280026,-0.05638706574121518,0.10471203588330516,5.0,0.13955391855944344,0.8604460814405566,0.0,4887,raw_class_score_attribution_not_causal
2207,lightgbm_weighted,matched_2025,0,Minor,feature_road_surface,0.0006691851648033451,0.0010941815193379622,0.00643491026247555,15.0,0.5989359525271127,0.40106404747288726,0.0,4887,raw_class_score_attribution_not_causal
2207,lightgbm_weighted,matched_2025,0,Minor,feature_street_light,-0.00844583328308244,0.005657280425646931,0.09313052762371216,6.0,0.5195416410886025,0.4804583589113976,0.0,4887,raw_class_score_attribution_not_causal
2207,lightgbm_weighted,matched_2025,0,Minor,feature_traffic_control,-0.01705606102757067,-0.06573327799556725,0.1205475933513476,3.0,0.2834049519132392,0.7165950480867608,0.0,4887,raw_class_score_attribution_not_causal
2207,lightgbm_weighted,matched_2025,0,Minor,feature_urban,0.00318060090071311,0.012761543372421637,0.03493991002307173,11.0,0.6028238182934316,0.39717618170656843,0.0,4887,raw_class_score_attribution_not_causal
2207,lightgbm_weighted,matched_2025,0,Minor,feature_weather_primary,-0.0012924831080200721,-0.06564940533580066,0.12347577500233309,2.0,0.18661755678330263,0.8133824432166974,0.0,4887,raw_class_score_attribution_not_causal
2207,lightgbm_weighted,matched_2025,0,Minor,feature_weather_secondary,-0.0014535170708139266,-0.01421799230277508,0.02856184497775526,12.0,0.050746879476161244,0.9492531205238387,0.0,4887,raw_class_score_attribution_not_causal
2207,lightgbm_weighted,matched_2025,0,Minor,feature_advisory_speed,-0.0016611525562535076,-0.0064631921753715675,0.018815304724148246,14.0,0.1387354205033763,0.8612645794966237,0.0,4887,raw_class_score_attribution_not_causal
2207,lightgbm_weighted,matched_2025,0,Minor,feature_speed_limit,0.0051223128431447775,0.07889407774739936,0.1867937819132731,1.0,0.5807243707796194,0.4192756292203806,0.0,4887,raw_class_score_attribution_not_causal
2207,lightgbm_weighted,matched_2025,0,Minor,feature_temporary_speed_limit,-0.0013850513325086953,-0.019408302611269513,0.03693980743288694,10.0,0.03192142418661756,0.9680785758133824,0.0,4887,raw_class_score_attribution_not_causal
2207,lightgbm_weighted,matched_2025,1,Serious,feature_number_of_lanes,-0.003809435125898387,-0.027204951100680583,0.06691612277938466,5.0,0.1772048291385308,0.8227951708614692,0.0,4887,raw_class_score_attribution_not_causal
2207,lightgbm_weighted,matched_2025,1,Serious,feature_state_highway,0.005840839687326502,0.030548710351114616,0.0701567834865854,3.0,0.6560261919377941,0.34397380806220584,0.0,4887,raw_class_score_attribution_not_causal
2207,lightgbm_weighted,matched_2025,1,Serious,feature_terrain,0.00208279991936348,-0.007362272969741461,0.045753167331502524,7.0,0.3734397380806221,0.626560261919378,0.0,4887,raw_class_score_attribution_not_causal
2207,lightgbm_weighted,matched_2025,1,Serious,feature_light,0.0032927888481308555,0.007777545243598771,0.07527743993914592,2.0,0.5531000613873542,0.4468999386126458,0.0,4887,raw_class_score_attribution_not_causal
2207,lightgbm_weighted,matched_2025,1,Serious,feature_road_character,0.000625571786567723,0.0018860949146141494,0.02361059818183934,11.0,0.627378759975445,0.37262124002455493,0.0,4887,raw_class_score_attribution_not_causal
2207,lightgbm_weighted,matched_2025,1,Serious,feature_road_lane,-0.0025231821877214535,-0.007659753692780528,0.02757267943609283,9.0,0.3028442807448332,0.6971557192551667,0.0,4887,raw_class_score_attribution_not_causal
2207,lightgbm_weighted,matched_2025,1,Serious,feature_road_surface,-0.0009314185222789505,-0.004438946867941436,0.010270759164228784,15.0,0.2156742377736853,0.7843257622263147,0.0,4887,raw_class_score_attribution_not_causal
2207,lightgbm_weighted,matched_2025,1,Serious,feature_street_light,-0.0027095422352762274,0.0019178317952911223,0.06389236146625388,6.0,0.5054225496214446,0.49457745037855533,0.0,4887,raw_class_score_attribution_not_causal
2207,lightgbm_weighted,matched_2025,1,Serious,feature_traffic_control,-0.00021186788291616555,-0.00989392438560782,0.06796416900084849,4.0,0.42480049109883367,0.5751995089011663,0.0,4887,raw_class_score_attribution_not_causal
2207,lightgbm_weighted,matched_2025,1,Serious,feature_urban,-0.0008693682981555713,-0.00021728912262136463,0.02374892698270708,10.0,0.49662369551872315,0.5033763044812769,0.0,4887,raw_class_score_attribution_not_causal
2207,lightgbm_weighted,matched_2025,1,Serious,feature_weather_primary,-0.0004009775215816804,-0.007533766000915224,0.038989057723310086,8.0,0.4135461428279108,0.5864538571720892,0.0,4887,raw_class_score_attribution_not_causal
2207,lightgbm_weighted,matched_2025,1,Serious,feature_weather_secondary,0.0011872831964674143,-0.00283965143605592,0.016571329263073,14.0,0.2285655821567424,0.7714344178432576,0.0,4887,raw_class_score_attribution_not_causal
2207,lightgbm_weighted,matched_2025,1,Serious,feature_advisory_speed,0.0020286304921326116,-0.00522882512614828,0.021690246286801464,13.0,0.27481072232453446,0.7251892776754655,0.0,4887,raw_class_score_attribution_not_causal
2207,lightgbm_weighted,matched_2025,1,Serious,feature_speed_limit,0.005384280444954939,0.030938241152475177,0.11431600024409147,1.0,0.5666052793124616,0.43339472068753837,0.0,4887,raw_class_score_attribution_not_causal
2207,lightgbm_weighted,matched_2025,1,Serious,feature_temporary_speed_limit,-0.000939405898843139,-0.011409816899629794,0.022422276406348182,12.0,0.048700634335993455,0.9512993656640065,0.0,4887,raw_class_score_attribution_not_causal
2207,lightgbm_weighted,matched_2025,2,Fatal,feature_number_of_lanes,0.00955318614481012,0.17775129810320126,0.3205880040485368,3.0,0.7945569879271537,0.20544301207284632,0.0,4887,raw_class_score_attribution_not_causal
2207,lightgbm_weighted,matched_2025,2,Fatal,feature_state_highway,0.002616667662145633,-0.05369723115777688,0.1361426849289918,8.0,0.3943114385103335,0.6056885614896664,0.0,4887,raw_class_score_attribution_not_causal
2207,lightgbm_weighted,matched_2025,2,Fatal,feature_terrain,-0.004201805436448477,-0.003407255024569257,0.07902740649104624,11.0,0.48843871495805197,0.511561285041948,0.0,4887,raw_class_score_attribution_not_causal
2207,lightgbm_weighted,matched_2025,2,Fatal,feature_light,-0.013394647355755279,-0.006827620798936192,0.1997209847091039,5.0,0.4890525885001023,0.5109474114998976,0.0,4887,raw_class_score_attribution_not_causal
2207,lightgbm_weighted,matched_2025,2,Fatal,feature_road_character,0.0024337810460156608,0.022211142148900343,0.043510098020331414,12.0,0.9206056885614897,0.07939431143851033,0.0,4887,raw_class_score_attribution_not_causal
2207,lightgbm_weighted,matched_2025,2,Fatal,feature_road_lane,-0.007449940864519974,0.10240085137194681,0.19084461868630864,6.0,0.8403928790669122,0.1596071209330878,0.0,4887,raw_class_score_attribution_not_causal
2207,lightgbm_weighted,matched_2025,2,Fatal,feature_road_surface,-0.0006612444938971189,-0.00252136202207263,0.011096066194312394,15.0,0.37998772252915897,0.620012277470841,0.0,4887,raw_class_score_attribution_not_causal
2207,lightgbm_weighted,matched_2025,2,Fatal,feature_street_light,0.0027817681649711756,0.001678433420955902,0.1666787004649078,7.0,0.5027624309392266,0.4972375690607735,0.0,4887,raw_class_score_attribution_not_causal
2207,lightgbm_weighted,matched_2025,2,Fatal,feature_traffic_control,0.02815532302723929,0.2039078677815063,0.3888315508245865,2.0,0.7092285655821567,0.29077143441784326,0.0,4887,raw_class_score_attribution_not_causal
2207,lightgbm_weighted,matched_2025,2,Fatal,feature_urban,0.0028957807880578483,-0.047176146511676904,0.11578072552215338,9.0,0.40965827706159197,0.590341722938408,0.0,4887,raw_class_score_attribution_not_causal
2207,lightgbm_weighted,matched_2025,2,Fatal,feature_weather_primary,0.015268906269774613,0.14515835232529514,0.26064066103071304,4.0,0.8064252097401269,0.19357479025987312,0.0,4887,raw_class_score_attribution_not_causal
2207,lightgbm_weighted,matched_2025,2,Fatal,feature_weather_secondary,0.001429527103533162,0.011493265785310297,0.030298288797479436,14.0,0.9169224473091876,0.08307755269081236,0.0,4887,raw_class_score_attribution_not_causal
2207,lightgbm_weighted,matched_2025,2,Fatal,feature_advisory_speed,-0.0017122999648071994,0.012776873124880137,0.03987823036791362,13.0,0.7869858809085328,0.21301411909146717,0.0,4887,raw_class_score_attribution_not_causal
2207,lightgbm_weighted,matched_2025,2,Fatal,feature_speed_limit,-0.005221856478973001,-0.13668281899425117,0.4081583804564297,1.0,0.42459586658481685,0.5754041334151831,0.0,4887,raw_class_score_attribution_not_causal
2207,lightgbm_weighted,matched_2025,2,Fatal,feature_temporary_speed_limit,0.0027331830558301393,0.0518951781459788,0.09972680136108368,10.0,0.9680785758133824,0.03192142418661756,0.0,4887,raw_class_score_attribution_not_causal
3301,lightgbm_weighted,random_internal_test,0,Minor,feature_number_of_lanes,0.008867703190179514,-0.025275239304390427,0.08768647571162581,7.0,0.2598731328013096,0.7401268671986904,0.0,4887,raw_class_score_attribution_not_causal
3301,lightgbm_weighted,random_internal_test,0,Minor,feature_state_highway,-0.0025759730060759076,0.008196497210827262,0.045344723333093806,9.0,0.5655821567423778,0.4344178432576223,0.0,4887,raw_class_score_attribution_not_causal
3301,lightgbm_weighted,random_internal_test,0,Minor,feature_terrain,0.00148479073511773,0.00850597149253572,0.04653550877081696,8.0,0.5813382443216697,0.41866175567833025,0.0,4887,raw_class_score_attribution_not_causal
3301,lightgbm_weighted,random_internal_test,0,Minor,feature_light,-0.0009441974164585105,0.008659939233700245,0.11817414000333852,5.0,0.5340699815837937,0.46593001841620624,0.0,4887,raw_class_score_attribution_not_causal
3301,lightgbm_weighted,random_internal_test,0,Minor,feature_road_character,7.282349050055599e-05,-0.010595610129494452,0.028834995288051998,13.0,0.1880499283814201,0.8119500716185799,0.0,4887,raw_class_score_attribution_not_causal
3301,lightgbm_weighted,random_internal_test,0,Minor,feature_road_lane,0.007968878633817343,-0.045882458279192094,0.09410400141755107,6.0,0.1663597298956415,0.8336402701043585,0.0,4887,raw_class_score_attribution_not_causal
3301,lightgbm_weighted,random_internal_test,0,Minor,feature_road_surface,0.0009284299088555716,0.0001276907988266672,0.006222843626776701,15.0,0.5066502967055453,0.49334970329445466,0.0,4887,raw_class_score_attribution_not_causal
3301,lightgbm_weighted,random_internal_test,0,Minor,feature_street_light,0.014306003347367185,0.05729592182597999,0.13928501939578483,2.0,0.6239001432371598,0.3760998567628402,0.0,4887,raw_class_score_attribution_not_causal
3301,lightgbm_weighted,random_internal_test,0,Minor,feature_traffic_control,-0.0036444360870874254,-0.056323368986830144,0.11929883892873533,4.0,0.2832003273992224,0.7167996726007776,0.0,4887,raw_class_score_attribution_not_causal
3301,lightgbm_weighted,random_internal_test,0,Minor,feature_urban,0.006999302688535529,0.007563091019395281,0.025463555155875294,14.0,0.5930018416206262,0.40699815837937386,0.0,4887,raw_class_score_attribution_not_causal
3301,lightgbm_weighted,random_internal_test,0,Minor,feature_weather_primary,0.005597484693329281,-0.06246784000249503,0.12517502918106274,3.0,0.20135052179251076,0.7986494782074892,0.0,4887,raw_class_score_attribution_not_causal
3301,lightgbm_weighted,random_internal_test,0,Minor,feature_weather_secondary,0.0006551962852015539,-0.014133554474929722,0.031090194357162215,12.0,0.05361162267239615,0.9463883773276038,0.0,4887,raw_class_score_attribution_not_causal
3301,lightgbm_weighted,random_internal_test,0,Minor,feature_advisory_speed,-0.00399691911916758,-0.01436017262878974,0.031475585706200654,11.0,0.08430529977491304,0.9156947002250869,0.0,4887,raw_class_score_attribution_not_causal
3301,lightgbm_weighted,random_internal_test,0,Minor,feature_speed_limit,-0.008337113012910215,0.06144727530906797,0.18651065561146607,1.0,0.5758133824432167,0.42418661755678333,0.0,4887,raw_class_score_attribution_not_causal
3301,lightgbm_weighted,random_internal_test,0,Minor,feature_temporary_speed_limit,0.0029721882351526918,-0.020887465031054812,0.04326911149762459,10.0,0.03887865766318805,0.9611213423368119,0.0,4887,raw_class_score_attribution_not_causal
3301,lightgbm_weighted,random_internal_test,1,Serious,feature_number_of_lanes,0.0007084005929026952,-0.025871496327198398,0.06608354349537893,6.0,0.28626969510947414,0.7137303048905259,0.0,4887,raw_class_score_attribution_not_causal
3301,lightgbm_weighted,random_internal_test,1,Serious,feature_state_highway,0.000453798699555367,0.031536596319218964,0.08249160551058872,3.0,0.6187845303867403,0.3812154696132597,0.0,4887,raw_class_score_attribution_not_causal
3301,lightgbm_weighted,random_internal_test,1,Serious,feature_terrain,0.0014568458875139662,-0.000914917480870127,0.042081253484713345,8.0,0.4910988336402701,0.5089011663597299,0.0,4887,raw_class_score_attribution_not_causal
3301,lightgbm_weighted,random_internal_test,1,Serious,feature_light,-0.0015757871776921522,0.0022468266172644266,0.09458486394470222,2.0,0.5052179251074279,0.49478207489257214,0.0,4887,raw_class_score_attribution_not_causal
3301,lightgbm_weighted,random_internal_test,1,Serious,feature_road_character,0.0010438011884998084,-0.0021407443422562155,0.021183716460369394,12.0,0.40331491712707185,0.5966850828729282,0.0,4887,raw_class_score_attribution_not_causal
3301,lightgbm_weighted,random_internal_test,1,Serious,feature_road_lane,0.00043596053934537863,-0.005441044267557022,0.03050646103240891,9.0,0.43155310006138736,0.5684468999386126,0.0,4887,raw_class_score_attribution_not_causal
3301,lightgbm_weighted,random_internal_test,1,Serious,feature_road_surface,-0.0013519077365022041,-0.0036554232159581018,0.008378501094294456,15.0,0.19296091671782278,0.8070390832821772,0.0,4887,raw_class_score_attribution_not_causal
3301,lightgbm_weighted,random_internal_test,1,Serious,feature_street_light,0.002513531911877138,-0.00915198883503004,0.07105252986512524,4.0,0.4724780028647432,0.5275219971352568,0.0,4887,raw_class_score_attribution_not_causal
3301,lightgbm_weighted,random_internal_test,1,Serious,feature_traffic_control,0.002974658397095338,-0.0003921088704699239,0.07044810294550403,5.0,0.49928381420094126,0.5007161857990587,0.0,4887,raw_class_score_attribution_not_causal
3301,lightgbm_weighted,random_internal_test,1,Serious,feature_urban,0.00500455537844707,-0.0012262370794927848,0.02577347481230802,10.0,0.42193574790259875,0.5780642520974013,0.0,4887,raw_class_score_attribution_not_causal
3301,lightgbm_weighted,random_internal_test,1,Serious,feature_weather_primary,0.0008365660973278305,-0.01833330863972222,0.05279371732531157,7.0,0.2995702885205648,0.7004297114794352,0.0,4887,raw_class_score_attribution_not_causal
3301,lightgbm_weighted,random_internal_test,1,Serious,feature_weather_secondary,8.393151104355927e-05,-0.00041531334644891844,0.016242344912425936,14.0,0.48189073050951503,0.518109269490485,0.0,4887,raw_class_score_attribution_not_causal
3301,lightgbm_weighted,random_internal_test,1,Serious,feature_advisory_speed,-0.001273032702878874,-0.0030377770052487144,0.02201655112034784,11.0,0.3306732146511152,0.6693267853488848,0.0,4887,raw_class_score_attribution_not_causal
3301,lightgbm_weighted,random_internal_test,1,Serious,feature_speed_limit,-0.008592483248945253,0.012897460372371833,0.103371725534352,1.0,0.5260896255371393,0.47391037446286066,0.0,4887,raw_class_score_attribution_not_causal
3301,lightgbm_weighted,random_internal_test,1,Serious,feature_temporary_speed_limit,0.0011478166002017948,-0.007220066205845376,0.017301093811633892,13.0,0.061387354205033766,0.9386126457949663,0.0,4887,raw_class_score_attribution_not_causal
3301,lightgbm_weighted,random_internal_test,2,Fatal,feature_number_of_lanes,-0.010475039806388168,0.20967558437342035,0.4335108423991546,2.0,0.8037650910579087,0.19623490894209125,0.0,4887,raw_class_score_attribution_not_causal
3301,lightgbm_weighted,random_internal_test,2,Fatal,feature_state_highway,-0.007084550688452562,-0.05729526731495627,0.12860307354731645,8.0,0.3544096582770616,0.6455903417229384,0.0,4887,raw_class_score_attribution_not_causal
3301,lightgbm_weighted,random_internal_test,2,Fatal,feature_terrain,0.0030185658119442032,-0.012941073951522629,0.08674454971765648,11.0,0.42234499693063227,0.5776550030693677,0.0,4887,raw_class_score_attribution_not_causal
3301,lightgbm_weighted,random_internal_test,2,Fatal,feature_light,-0.0048093933494860516,-0.07149655390996991,0.3015404107863295,4.0,0.44567219152854515,0.5543278084714549,0.0,4887,raw_class_score_attribution_not_causal
3301,lightgbm_weighted,random_internal_test,2,Fatal,feature_road_character,-0.00029295653717883703,0.01904216320169038,0.05009367522590671,13.0,0.8884796398608553,0.11152036013914467,0.0,4887,raw_class_score_attribution_not_causal
3301,lightgbm_weighted,random_internal_test,2,Fatal,feature_road_lane,-0.01453253691038448,0.10281196177634555,0.20225886440720847,6.0,0.8236136689175363,0.17638633108246368,0.0,4887,raw_class_score_attribution_not_causal
3301,lightgbm_weighted,random_internal_test,2,Fatal,feature_road_surface,0.0002032194076829728,0.0015982990647657755,0.010413072187215044,15.0,0.5657867812563945,0.43421321874360547,0.0,4887,raw_class_score_attribution_not_causal
3301,lightgbm_weighted,random_internal_test,2,Fatal,feature_street_light,-0.021028457493965293,0.01202320501571117,0.15744144888176417,7.0,0.5215878862287702,0.4784121137712298,0.0,4887,raw_class_score_attribution_not_causal
3301,lightgbm_weighted,random_internal_test,2,Fatal,feature_traffic_control,-0.011079252276545104,0.18019033010751487,0.3642194756211398,3.0,0.6746470227133211,0.32535297728667895,0.0,4887,raw_class_score_attribution_not_causal
3301,lightgbm_weighted,random_internal_test,2,Fatal,feature_urban,0.003524953822901165,-0.03570170586354511,0.10265832964604735,10.0,0.4172293840802128,0.5827706159197872,0.0,4887,raw_class_score_attribution_not_causal
3301,lightgbm_weighted,random_internal_test,2,Fatal,feature_weather_primary,-0.005373514954607842,0.15200003390761385,0.2827260303462455,5.0,0.7937384898710865,0.20626151012891344,0.0,4887,raw_class_score_attribution_not_causal
3301,lightgbm_weighted,random_internal_test,2,Fatal,feature_weather_secondary,-0.00018520063846209648,0.015478262553291735,0.0350531857387993,14.0,0.9289952936361776,0.07100470636382239,0.0,4887,raw_class_score_attribution_not_causal
3301,lightgbm_weighted,random_internal_test,2,Fatal,feature_advisory_speed,0.003301789433329887,0.021449957506053403,0.05506484818548654,12.0,0.9224473091876407,0.07755269081235933,0.0,4887,raw_class_score_attribution_not_causal
3301,lightgbm_weighted,random_internal_test,2,Fatal,feature_speed_limit,0.019035799458960043,-0.1628450181624733,0.44626299557990634,1.0,0.4311438510333538,0.5688561489666462,0.0,4887,raw_class_score_attribution_not_causal
3301,lightgbm_weighted,random_internal_test,2,Fatal,feature_temporary_speed_limit,-0.007571831773137886,0.05218920856939019,0.10874947656844351,9.0,0.9609167178227952,0.03908328217720483,0.0,4887,raw_class_score_attribution_not_causal
3301,lightgbm_weighted,matched_2025,0,Minor,feature_number_of_lanes,0.0020669679918475206,-0.02881611867555678,0.08194763343397055,7.0,0.2304072027828934,0.7695927972171066,0.0,4887,raw_class_score_attribution_not_causal
3301,lightgbm_weighted,matched_2025,0,Minor,feature_state_highway,-0.004452833541220091,0.008196497210827262,0.04478327245804814,9.0,0.5668099038264784,0.4331900961735216,0.0,4887,raw_class_score_attribution_not_causal
3301,lightgbm_weighted,matched_2025,0,Minor,feature_terrain,0.0061447036468356446,0.008800285930527932,0.0474500414821463,8.0,0.5997544505831799,0.4002455494168201,0.0,4887,raw_class_score_attribution_not_causal
3301,lightgbm_weighted,matched_2025,0,Minor,feature_light,-0.0019902405406498343,0.00870826122209584,0.11560930671049947,4.0,0.5330468590137099,0.46695314098629015,0.0,4887,raw_class_score_attribution_not_causal
3301,lightgbm_weighted,matched_2025,0,Minor,feature_road_character,-0.0010876476027190257,-0.010227678882965203,0.027528703553761073,13.0,0.1802741968487825,0.8197258031512176,0.0,4887,raw_class_score_attribution_not_causal
3301,lightgbm_weighted,matched_2025,0,Minor,feature_road_lane,0.007465066905344289,-0.0471014668510921,0.09501378082922281,6.0,0.1596071209330878,0.8403928790669122,0.0,4887,raw_class_score_attribution_not_causal
3301,lightgbm_weighted,matched_2025,0,Minor,feature_road_surface,0.0006880109825496913,2.586897413322924e-05,0.006807826274478293,15.0,0.5017393083691426,0.4982606916308574,0.0,4887,raw_class_score_attribution_not_causal
3301,lightgbm_weighted,matched_2025,0,Minor,feature_street_light,0.010732863213171247,0.0560077987825797,0.14190630069689197,2.0,0.6067116840597504,0.39328831594024966,0.0,4887,raw_class_score_attribution_not_causal
3301,lightgbm_weighted,matched_2025,0,Minor,feature_traffic_control,-0.02217243194324846,-0.0574634843773477,0.10152537867192554,5.0,0.26744423981993043,0.7325557601800696,0.0,4887,raw_class_score_attribution_not_causal
3301,lightgbm_weighted,matched_2025,0,Minor,feature_urban,0.006913969683726068,0.008061354541486234,0.024901473176156357,14.0,0.5942295887047269,0.4057704112952732,0.0,4887,raw_class_score_attribution_not_causal
3301,lightgbm_weighted,matched_2025,0,Minor,feature_weather_primary,-0.00011230027610889458,-0.0646762359008829,0.12231489234941319,3.0,0.18743605483936976,0.8125639451606302,0.0,4887,raw_class_score_attribution_not_causal
3301,lightgbm_weighted,matched_2025,0,Minor,feature_weather_secondary,0.0009720637627967145,-0.013680339325485773,0.031296411362105814,12.0,0.053406998158379376,0.9465930018416207,0.0,4887,raw_class_score_attribution_not_causal
3301,lightgbm_weighted,matched_2025,0,Minor,feature_advisory_speed,-0.0016979001740773344,-0.013799743183919785,0.032613865538058215,11.0,0.0886024145692654,0.9113975854307346,0.0,4887,raw_class_score_attribution_not_causal
3301,lightgbm_weighted,matched_2025,0,Minor,feature_speed_limit,-0.003852930957076689,0.06144727530906797,0.18479504917328343,1.0,0.5778596275833845,0.4221403724166155,0.0,4887,raw_class_score_attribution_not_causal
3301,lightgbm_weighted,matched_2025,0,Minor,feature_temporary_speed_limit,-0.00022618983569307153,-0.020973194823530848,0.04035566422080649,10.0,0.03192142418661756,0.9680785758133824,0.0,4887,raw_class_score_attribution_not_causal
3301,lightgbm_weighted,matched_2025,1,Serious,feature_number_of_lanes,0.0008911723753728105,-0.027205875567963986,0.06497191027847432,6.0,0.28892981379169225,0.7110701862083078,0.0,4887,raw_class_score_attribution_not_causal
3301,lightgbm_weighted,matched_2025,1,Serious,feature_state_highway,-0.0003700075148841518,0.031536596319218964,0.08444433227005252,3.0,0.624718641293227,0.3752813587067731,0.0,4887,raw_class_score_attribution_not_causal
3301,lightgbm_weighted,matched_2025,1,Serious,feature_terrain,-0.0014520365178804422,-0.000914917480870127,0.042469613972715196,8.0,0.493963576836505,0.506036423163495,0.0,4887,raw_class_score_attribution_not_causal
3301,lightgbm_weighted,matched_2025,1,Serious,feature_light,0.004798872748895479,0.009977390584217165,0.09128392333365522,2.0,0.5287497442193575,0.4712502557806425,0.0,4887,raw_class_score_attribution_not_causal
3301,lightgbm_weighted,matched_2025,1,Serious,feature_road_character,0.0006096566989836791,-0.0011176082802251404,0.019146110891298918,12.0,0.43462246777163904,0.565377532228361,0.0,4887,raw_class_score_attribution_not_causal
3301,lightgbm_weighted,matched_2025,1,Serious,feature_road_lane,0.0024860311095641517,-0.004375792213320496,0.030760162756122,9.0,0.4419889502762431,0.5580110497237569,0.0,4887,raw_class_score_attribution_not_causal
3301,lightgbm_weighted,matched_2025,1,Serious,feature_road_surface,-0.0008006707292977224,-0.0036554232159581018,0.009562277465367587,15.0,0.19459791282995703,0.805402087170043,0.0,4887,raw_class_score_attribution_not_causal
3301,lightgbm_weighted,matched_2025,1,Serious,feature_street_light,0.0019831885834563894,-0.010379011594526245,0.07142051952512617,4.0,0.4634745242480049,0.536525475751995,0.0,4887,raw_class_score_attribution_not_causal
3301,lightgbm_weighted,matched_2025,1,Serious,feature_traffic_control,0.0017760973117952573,0.001645557831043677,0.07076738685440238,5.0,0.5068549212195621,0.4931450787804379,0.0,4887,raw_class_score_attribution_not_causal
3301,lightgbm_weighted,matched_2025,1,Serious,feature_urban,0.003916854572226644,-0.0016439159133987958,0.025019835334016412,10.0,0.40863515449150806,0.5913648455084919,0.0,4887,raw_class_score_attribution_not_causal
3301,lightgbm_weighted,matched_2025,1,Serious,feature_weather_primary,1.0342673610438813e-05,-0.016845960734875754,0.050892417905636415,7.0,0.2987517904644976,0.7012482095355024,0.0,4887,raw_class_score_attribution_not_causal
3301,lightgbm_weighted,matched_2025,1,Serious,feature_weather_secondary,-0.0002331006670078275,-0.00017741819274639837,0.01634379059474956,13.0,0.49150808266830365,0.5084919173316963,0.0,4887,raw_class_score_attribution_not_causal
3301,lightgbm_weighted,matched_2025,1,Serious,feature_advisory_speed,0.001355762802973087,-0.003051362908553871,0.022765072369482782,11.0,0.3237159811745447,0.6762840188254553,0.0,4887,raw_class_score_attribution_not_causal
3301,lightgbm_weighted,matched_2025,1,Serious,feature_speed_limit,-0.00048617436656411253,0.01876251865850509,0.10683461270821006,1.0,0.5369347247800287,0.4630652752199714,0.0,4887,raw_class_score_attribution_not_causal
3301,lightgbm_weighted,matched_2025,1,Serious,feature_temporary_speed_limit,0.0005182478243238892,-0.007318890479545455,0.01593217453645938,14.0,0.055657867812563946,0.944342132187436,0.0,4887,raw_class_score_attribution_not_causal
3301,lightgbm_weighted,matched_2025,2,Fatal,feature_number_of_lanes,0.009106254186748703,0.21179437604737097,0.4214119920203924,2.0,0.8113361980765296,0.18866380192347043,0.0,4887,raw_class_score_attribution_not_causal
3301,lightgbm_weighted,matched_2025,2,Fatal,feature_state_highway,-0.006272565715178175,-0.059335315256655974,0.13217786870158077,8.0,0.3542050337630448,0.6457949662369552,0.0,4887,raw_class_score_attribution_not_causal
3301,lightgbm_weighted,matched_2025,2,Fatal,feature_terrain,-0.004166905562627049,-0.014637900779849885,0.08957366703093791,11.0,0.41416001636996114,0.5858399836300389,0.0,4887,raw_class_score_attribution_not_causal
3301,lightgbm_weighted,matched_2025,2,Fatal,feature_light,-0.006761606547763135,-0.07149655390996991,0.2892765681709893,4.0,0.4348270922856558,0.5651729077143441,0.0,4887,raw_class_score_attribution_not_causal
3301,lightgbm_weighted,matched_2025,2,Fatal,feature_road_character,-0.00014180713053167678,0.019448390181206154,0.046625587483636065,13.0,0.8921628811131573,0.10783711888684265,0.0,4887,raw_class_score_attribution_not_causal
3301,lightgbm_weighted,matched_2025,2,Fatal,feature_road_lane,-0.015578589353467849,0.10426574044992937,0.20633715339660108,6.0,0.829547779824023,0.17045222017597708,0.0,4887,raw_class_score_attribution_not_causal
3301,lightgbm_weighted,matched_2025,2,Fatal,feature_road_surface,0.0005630033961923508,0.0018346000861484317,0.011890389329006105,15.0,0.5794966236955187,0.42050337630448126,0.0,4887,raw_class_score_attribution_not_causal
3301,lightgbm_weighted,matched_2025,2,Fatal,feature_street_light,-0.02119127982825871,0.012396776558687124,0.15931726774153007,7.0,0.525475751995089,0.474524248004911,0.0,4887,raw_class_score_attribution_not_causal
3301,lightgbm_weighted,matched_2025,2,Fatal,feature_traffic_control,0.02056367802392587,0.18583441432011888,0.3415813621048486,3.0,0.6957233476570494,0.3042766523429507,0.0,4887,raw_class_score_attribution_not_causal
3301,lightgbm_weighted,matched_2025,2,Fatal,feature_urban,0.001674830432614206,-0.03980237835137934,0.10190199288328512,9.0,0.4035195416410886,0.5964804583589114,0.0,4887,raw_class_score_attribution_not_causal
3301,lightgbm_weighted,matched_2025,2,Fatal,feature_weather_primary,0.009629933185169588,0.15200003390761385,0.271085184659361,5.0,0.8074483323102107,0.19255166768978924,0.0,4887,raw_class_score_attribution_not_causal
3301,lightgbm_weighted,matched_2025,2,Fatal,feature_weather_secondary,-0.0006850582835335163,0.015478262553291735,0.03618147755814813,14.0,0.9275629220380601,0.07243707796193984,0.0,4887,raw_class_score_attribution_not_causal
3301,lightgbm_weighted,matched_2025,2,Fatal,feature_advisory_speed,-0.001190009688979301,0.02113259173459888,0.058414845420398105,12.0,0.9183548189073051,0.0816451810926949,0.0,4887,raw_class_score_attribution_not_causal
3301,lightgbm_weighted,matched_2025,2,Fatal,feature_speed_limit,0.0037620580314003194,-0.16718614641033103,0.4456169264959986,1.0,0.425414364640884,0.574585635359116,0.0,4887,raw_class_score_attribution_not_causal
3301,lightgbm_weighted,matched_2025,2,Fatal,feature_temporary_speed_limit,0.001023893519563618,0.0527000751969325,0.10101573410374212,10.0,0.9674647022713321,0.032535297728667895,0.0,4887,raw_class_score_attribution_not_causal
4409,lightgbm_weighted,random_internal_test,0,Minor,feature_number_of_lanes,0.0008865353368142813,-0.020523602519651067,0.06299156675813417,7.0,0.26744423981993043,0.7325557601800696,0.0,4887,raw_class_score_attribution_not_causal
4409,lightgbm_weighted,random_internal_test,0,Minor,feature_state_highway,-0.005462334008169971,0.005695196886763162,0.055596004745583155,8.0,0.578268876611418,0.42173112338858193,0.0,4887,raw_class_score_attribution_not_causal
4409,lightgbm_weighted,random_internal_test,0,Minor,feature_terrain,0.0026797970315874204,-0.0011277058352847985,0.04116922173357096,10.0,0.48782484141600163,0.5121751585839983,0.0,4887,raw_class_score_attribution_not_causal
4409,lightgbm_weighted,random_internal_test,0,Minor,feature_light,0.00013198278084287926,0.004446317830799175,0.10180742361980476,6.0,0.5121751585839983,0.48782484141600163,0.0,4887,raw_class_score_attribution_not_causal
4409,lightgbm_weighted,random_internal_test,0,Minor,feature_road_character,0.0010961337959617175,-0.011670571110961881,0.026792663668838652,13.0,0.14671577655003068,0.8532842234499693,0.0,4887,raw_class_score_attribution_not_causal
4409,lightgbm_weighted,random_internal_test,0,Minor,feature_road_lane,0.0012135311056162155,-0.06434633515419563,0.11614970694516272,4.0,0.13914466953140986,0.8608553304685901,0.0,4887,raw_class_score_attribution_not_causal
4409,lightgbm_weighted,random_internal_test,0,Minor,feature_road_surface,-0.0011235638280240217,-0.0028985969372038486,0.009072787966340106,15.0,0.2580315121751586,0.7419684878248414,0.0,4887,raw_class_score_attribution_not_causal
4409,lightgbm_weighted,random_internal_test,0,Minor,feature_street_light,-0.0021101828556395223,0.023766588727137404,0.10965666138864662,5.0,0.5645590341722938,0.43544096582770614,0.0,4887,raw_class_score_attribution_not_causal
4409,lightgbm_weighted,random_internal_test,0,Minor,feature_traffic_control,0.008363301630390453,-0.0718444817230219,0.14824905967738222,2.0,0.3050951503990178,0.6949048496009822,0.0,4887,raw_class_score_attribution_not_causal
4409,lightgbm_weighted,random_internal_test,0,Minor,feature_urban,-0.0011693862320144557,0.005754781121649164,0.02805022053718734,12.0,0.5678330263965623,0.4321669736034377,0.0,4887,raw_class_score_attribution_not_causal
4409,lightgbm_weighted,random_internal_test,0,Minor,feature_weather_primary,-0.002395871794221989,-0.07245004861396721,0.13082034670815587,3.0,0.19746265602619192,0.802537343973808,0.0,4887,raw_class_score_attribution_not_causal
4409,lightgbm_weighted,random_internal_test,0,Minor,feature_weather_secondary,-0.0029823050983001343,-0.01630921063281826,0.030467568828781905,11.0,0.03417229384080213,0.9658277061591979,0.0,4887,raw_class_score_attribution_not_causal
4409,lightgbm_weighted,random_internal_test,0,Minor,feature_advisory_speed,-0.003781134115228463,-0.008474335602263329,0.023206105859091847,14.0,0.15039901780233272,0.8496009821976673,0.0,4887,raw_class_score_attribution_not_causal
4409,lightgbm_weighted,random_internal_test,0,Minor,feature_speed_limit,0.009787861172237167,0.06838107927378868,0.18652713348808142,1.0,0.5674237773685288,0.4325762226314713,0.0,4887,raw_class_score_attribution_not_causal
4409,lightgbm_weighted,random_internal_test,0,Minor,feature_temporary_speed_limit,0.0035138886731107813,-0.019915202310633918,0.04313588786419606,9.0,0.037037037037037035,0.9629629629629629,0.0,4887,raw_class_score_attribution_not_causal
4409,lightgbm_weighted,random_internal_test,1,Serious,feature_number_of_lanes,-0.00016661522764777127,-0.01098989997310385,0.05378545312668114,7.0,0.3552281563331287,0.6447718436668712,0.0,4887,raw_class_score_attribution_not_causal
4409,lightgbm_weighted,random_internal_test,1,Serious,feature_state_highway,0.0007888889397415448,0.016628258700042458,0.06356167810488174,5.0,0.5977082054430121,0.40229179455698794,0.0,4887,raw_class_score_attribution_not_causal
4409,lightgbm_weighted,random_internal_test,1,Serious,feature_terrain,0.003114768139802045,-0.022134273669739416,0.05695571689584859,6.0,0.2868835686515245,0.7131164313484756,0.0,4887,raw_class_score_attribution_not_causal
4409,lightgbm_weighted,random_internal_test,1,Serious,feature_light,0.001849455377761829,0.008574078947871972,0.08322631498674374,3.0,0.5226110087988541,0.4773889912011459,0.0,4887,raw_class_score_attribution_not_causal
4409,lightgbm_weighted,random_internal_test,1,Serious,feature_road_character,0.00020253864484247043,-0.005572644653611154,0.01825733666966761,13.0,0.2324534479230612,0.7675465520769388,0.0,4887,raw_class_score_attribution_not_causal
4409,lightgbm_weighted,random_internal_test,1,Serious,feature_road_lane,-0.0013729535432945633,-0.01264872044389012,0.033873321429267855,9.0,0.2482095355023532,0.7517904644976469,0.0,4887,raw_class_score_attribution_not_causal
4409,lightgbm_weighted,random_internal_test,1,Serious,feature_road_surface,-0.0003063191543361572,-0.003216325227914573,0.009476040475930357,15.0,0.240024554941682,0.7599754450583179,0.0,4887,raw_class_score_attribution_not_causal
4409,lightgbm_weighted,random_internal_test,1,Serious,feature_street_light,4.5790339639876926e-05,0.004873343527247988,0.06952851276045637,4.0,0.514426028238183,0.48557397176181705,0.0,4887,raw_class_score_attribution_not_causal
4409,lightgbm_weighted,random_internal_test,1,Serious,feature_traffic_control,0.0006019361430276876,-0.024951731548175374,0.08694691346613753,2.0,0.3445876816042562,0.6554123183957438,0.0,4887,raw_class_score_attribution_not_causal
4409,lightgbm_weighted,random_internal_test,1,Serious,feature_urban,-0.005638528249500832,-0.0036787859897763103,0.023778804829832068,11.0,0.41231839574381013,0.5876816042561899,0.0,4887,raw_class_score_attribution_not_causal
4409,lightgbm_weighted,random_internal_test,1,Serious,feature_weather_primary,-0.0014059683762777,-0.015223921294987125,0.05090275612320245,8.0,0.2864743196234909,0.7135256803765091,0.0,4887,raw_class_score_attribution_not_causal
4409,lightgbm_weighted,random_internal_test,1,Serious,feature_weather_secondary,-0.0013634525473606195,-0.002912210187531576,0.015716883867418926,14.0,0.29588704726826276,0.7041129527317372,0.0,4887,raw_class_score_attribution_not_causal
4409,lightgbm_weighted,random_internal_test,1,Serious,feature_advisory_speed,-0.0019521594108483087,0.00018430062718073327,0.018555720706089445,12.0,0.5138121546961326,0.4861878453038674,0.0,4887,raw_class_score_attribution_not_causal
4409,lightgbm_weighted,random_internal_test,1,Serious,feature_speed_limit,0.006358526826134869,0.018139759054574454,0.09716612656941213,1.0,0.5518723143032536,0.4481276856967465,0.0,4887,raw_class_score_attribution_not_causal
4409,lightgbm_weighted,random_internal_test,1,Serious,feature_temporary_speed_limit,0.003127617412995345,-0.014988443851634302,0.032032888020755296,10.0,0.040515653775322284,0.9594843462246777,0.0,4887,raw_class_score_attribution_not_causal
4409,lightgbm_weighted,random_internal_test,2,Fatal,feature_number_of_lanes,-0.01323214688357184,0.14505818147379473,0.30545225675391313,3.0,0.7718436668712911,0.2281563331287088,0.0,4887,raw_class_score_attribution_not_causal
4409,lightgbm_weighted,random_internal_test,2,Fatal,feature_state_highway,0.010131855525759901,-0.02641704513131996,0.12707808108952576,8.0,0.41456926539799466,0.5854307346020053,0.0,4887,raw_class_score_attribution_not_causal
4409,lightgbm_weighted,random_internal_test,2,Fatal,feature_terrain,-0.0014179933139609523,0.03535972589417634,0.09648791292313208,10.0,0.6695314098629016,0.33046859013709845,0.0,4887,raw_class_score_attribution_not_causal
4409,lightgbm_weighted,random_internal_test,2,Fatal,feature_light,-0.016760678998413887,-0.022409248435368827,0.17506167053581798,7.0,0.4458768160425619,0.5541231839574381,0.0,4887,raw_class_score_attribution_not_causal
4409,lightgbm_weighted,random_internal_test,2,Fatal,feature_road_character,0.0035762907348840605,0.02775057567871672,0.05271647640925579,12.0,0.9042357274401474,0.09576427255985268,0.0,4887,raw_class_score_attribution_not_causal
4409,lightgbm_weighted,random_internal_test,2,Fatal,feature_road_lane,-0.013993798681702339,0.12918800461413513,0.2412094864654525,5.0,0.8549212195621035,0.14507878043789646,0.0,4887,raw_class_score_attribution_not_causal
4409,lightgbm_weighted,random_internal_test,2,Fatal,feature_road_surface,0.001059056573735163,0.002430374951966104,0.013878968444517078,15.0,0.6296296296296297,0.37037037037037035,0.0,4887,raw_class_score_attribution_not_causal
4409,lightgbm_weighted,random_internal_test,2,Fatal,feature_street_light,0.01440559211933042,-0.0021318302430138507,0.18502030045226772,6.0,0.4964190710047064,0.5035809289952936,0.0,4887,raw_class_score_attribution_not_causal
4409,lightgbm_weighted,random_internal_test,2,Fatal,feature_traffic_control,-0.013874286692936482,0.28880570497536734,0.491432498715393,1.0,0.7110701862083078,0.28892981379169225,0.0,4887,raw_class_score_attribution_not_causal
4409,lightgbm_weighted,random_internal_test,2,Fatal,feature_urban,0.002169564901774841,-0.022440703770895905,0.08058080532498804,11.0,0.43339472068753837,0.5666052793124616,0.0,4887,raw_class_score_attribution_not_causal
4409,lightgbm_weighted,random_internal_test,2,Fatal,feature_weather_primary,0.008116485469133024,0.1618138471079046,0.29307914492488096,4.0,0.7966032330673215,0.20339676693267852,0.0,4887,raw_class_score_attribution_not_causal
4409,lightgbm_weighted,random_internal_test,2,Fatal,feature_weather_secondary,0.004283040898578001,0.01591956168143592,0.03368830067791825,14.0,0.892572130141191,0.10742786985880909,0.0,4887,raw_class_score_attribution_not_causal
4409,lightgbm_weighted,random_internal_test,2,Fatal,feature_advisory_speed,-0.00019028050532908866,0.014379347165217845,0.04479066767082649,13.0,0.8236136689175363,0.17638633108246368,0.0,4887,raw_class_score_attribution_not_causal
4409,lightgbm_weighted,random_internal_test,2,Fatal,feature_speed_limit,-0.01817932166737313,-0.19028042452511745,0.4376521033301154,2.0,0.42950685492121954,0.5704931450787805,0.0,4887,raw_class_score_attribution_not_causal
4409,lightgbm_weighted,random_internal_test,2,Fatal,feature_temporary_speed_limit,-0.008394778533735523,0.05807213113515967,0.12044899446475851,9.0,0.9629629629629629,0.037037037037037035,0.0,4887,raw_class_score_attribution_not_causal
4409,lightgbm_weighted,matched_2025,0,Minor,feature_number_of_lanes,-0.0017615473566779637,-0.02057746632758616,0.05842902542820847,7.0,0.2527112748107223,0.7472887251892777,0.0,4887,raw_class_score_attribution_not_causal
4409,lightgbm_weighted,matched_2025,0,Minor,feature_state_highway,-0.005050216286187484,0.008780871447308268,0.0564767630988745,8.0,0.5909555964804584,0.40904440351954163,0.0,4887,raw_class_score_attribution_not_causal
4409,lightgbm_weighted,matched_2025,0,Minor,feature_terrain,0.006157281053170538,0.001515175015566809,0.04261547973235445,10.0,0.5117659095559648,0.4882340904440352,0.0,4887,raw_class_score_attribution_not_causal
4409,lightgbm_weighted,matched_2025,0,Minor,feature_light,0.004214705503733651,0.01774577128855161,0.09860660963311565,6.0,0.5389809699201964,0.46101903007980355,0.0,4887,raw_class_score_attribution_not_causal
4409,lightgbm_weighted,matched_2025,0,Minor,feature_road_character,-0.00019971829576045306,-0.012644704873369758,0.026700845237244916,13.0,0.14712502557806426,0.8528749744219357,0.0,4887,raw_class_score_attribution_not_causal
4409,lightgbm_weighted,matched_2025,0,Minor,feature_road_lane,0.005438166367768075,-0.06593705058450984,0.12133619405192214,4.0,0.1356660527931246,0.8643339472068754,0.0,4887,raw_class_score_attribution_not_causal
4409,lightgbm_weighted,matched_2025,0,Minor,feature_road_surface,-0.0010109874519921304,-0.002983202482976648,0.009716883669400524,15.0,0.25762226314712505,0.742377736852875,0.0,4887,raw_class_score_attribution_not_causal
4409,lightgbm_weighted,matched_2025,0,Minor,feature_street_light,-0.0017528014420602695,0.023086159347039982,0.11096273238810764,5.0,0.5692653979946798,0.4307346020053202,0.0,4887,raw_class_score_attribution_not_causal
4409,lightgbm_weighted,matched_2025,0,Minor,feature_traffic_control,-0.010541946614990928,-0.07520285994352773,0.13396705114097693,2.0,0.2827910783711889,0.7172089216288111,0.0,4887,raw_class_score_attribution_not_causal
4409,lightgbm_weighted,matched_2025,0,Minor,feature_urban,-0.0013347662004461452,0.004557639728983001,0.02830563707366563,12.0,0.5608757929199918,0.4391242070800082,0.0,4887,raw_class_score_attribution_not_causal
4409,lightgbm_weighted,matched_2025,0,Minor,feature_weather_primary,-0.0029450874045291535,-0.07661963283350601,0.13293013683262714,3.0,0.1919377941477389,0.8080622058522611,0.0,4887,raw_class_score_attribution_not_causal
4409,lightgbm_weighted,matched_2025,0,Minor,feature_weather_secondary,-0.0012006311645345027,-0.01570039664734837,0.03252019421228458,11.0,0.041743400859422956,0.958256599140577,0.0,4887,raw_class_score_attribution_not_causal
4409,lightgbm_weighted,matched_2025,0,Minor,feature_advisory_speed,-0.0012092083857310626,-0.008474335602263329,0.024317857972632494,14.0,0.16247186412932269,0.8375281358706773,0.0,4887,raw_class_score_attribution_not_causal
4409,lightgbm_weighted,matched_2025,0,Minor,feature_speed_limit,0.01260672720336378,0.07507036262862342,0.18833140964057396,1.0,0.5721301411909147,0.42786985880908535,0.0,4887,raw_class_score_attribution_not_causal
4409,lightgbm_weighted,matched_2025,0,Minor,feature_temporary_speed_limit,0.0026605171081512777,-0.020216347857313743,0.042838403623061364,9.0,0.0354000409249028,0.9645999590750972,0.0,4887,raw_class_score_attribution_not_causal
4409,lightgbm_weighted,matched_2025,1,Serious,feature_number_of_lanes,-0.003734467752379832,-0.011571111542673724,0.052860313385390816,7.0,0.3218743605483937,0.6781256394516063,0.0,4887,raw_class_score_attribution_not_causal
4409,lightgbm_weighted,matched_2025,1,Serious,feature_state_highway,0.0010458999981970364,0.019403169941873417,0.06562259245028741,5.0,0.6128504194802538,0.38714958051974624,0.0,4887,raw_class_score_attribution_not_causal
4409,lightgbm_weighted,matched_2025,1,Serious,feature_terrain,0.002392371964338782,-0.02242415883142875,0.058602277078656936,6.0,0.285451197053407,0.714548802946593,0.0,4887,raw_class_score_attribution_not_causal
4409,lightgbm_weighted,matched_2025,1,Serious,feature_light,0.007665533494939183,0.024650433660766344,0.08396204402493793,3.0,0.5580110497237569,0.4419889502762431,0.0,4887,raw_class_score_attribution_not_causal
4409,lightgbm_weighted,matched_2025,1,Serious,feature_road_character,-0.0013638318903019156,-0.005572644653611154,0.01690184278300839,14.0,0.22426846736239,0.77573153263761,0.0,4887,raw_class_score_attribution_not_causal
4409,lightgbm_weighted,matched_2025,1,Serious,feature_road_lane,-0.0008011361020372154,-0.012535189757527314,0.034141024505130124,9.0,0.2490280335584203,0.7509719664415797,0.0,4887,raw_class_score_attribution_not_causal
4409,lightgbm_weighted,matched_2025,1,Serious,feature_road_surface,-0.000823711977307244,-0.0036693344576443354,0.009525713453241685,15.0,0.23102107632494373,0.7689789236750563,0.0,4887,raw_class_score_attribution_not_causal
4409,lightgbm_weighted,matched_2025,1,Serious,feature_street_light,0.0011525477355557629,0.009053448226601028,0.06966261114709356,4.0,0.5240433803969715,0.47595661960302843,0.0,4887,raw_class_score_attribution_not_causal
4409,lightgbm_weighted,matched_2025,1,Serious,feature_traffic_control,0.0018201007517441344,-0.022169530744028155,0.08435292255339363,2.0,0.34602005320237367,0.6539799467976264,0.0,4887,raw_class_score_attribution_not_causal
4409,lightgbm_weighted,matched_2025,1,Serious,feature_urban,-0.00460938050905173,-0.003512717158253722,0.024427363083056333,11.0,0.42193574790259875,0.5780642520974013,0.0,4887,raw_class_score_attribution_not_causal
4409,lightgbm_weighted,matched_2025,1,Serious,feature_weather_primary,-0.0011563248311947227,-0.015690038735207894,0.05284741601762583,8.0,0.27910783711888687,0.7208921628811131,0.0,4887,raw_class_score_attribution_not_causal
4409,lightgbm_weighted,matched_2025,1,Serious,feature_weather_secondary,-0.00010484666633609815,-0.002879606785419809,0.016994798267220515,13.0,0.29977491303458154,0.7002250869654184,0.0,4887,raw_class_score_attribution_not_causal
4409,lightgbm_weighted,matched_2025,1,Serious,feature_advisory_speed,-0.00015391183643393572,0.0003503371451065141,0.019080578112906213,12.0,0.5271127481072232,0.47288725189277675,0.0,4887,raw_class_score_attribution_not_causal
4409,lightgbm_weighted,matched_2025,1,Serious,feature_speed_limit,0.009857585816474692,0.018139759054574454,0.10024159089826001,1.0,0.5594434213218744,0.44055657867812564,0.0,4887,raw_class_score_attribution_not_causal
4409,lightgbm_weighted,matched_2025,1,Serious,feature_temporary_speed_limit,0.0026494472134677887,-0.014954947007901077,0.03139129076042807,10.0,0.03969715571925517,0.9603028442807449,0.0,4887,raw_class_score_attribution_not_causal
4409,lightgbm_weighted,matched_2025,2,Fatal,feature_number_of_lanes,0.00794282250781458,0.15266108145920002,0.29989408157341146,3.0,0.7900552486187845,0.20994475138121546,0.0,4887,raw_class_score_attribution_not_causal
4409,lightgbm_weighted,matched_2025,2,Fatal,feature_state_highway,0.009681401005214118,-0.030788099342985664,0.12970484192314205,8.0,0.4024964190710047,0.5975035809289952,0.0,4887,raw_class_score_attribution_not_causal
4409,lightgbm_weighted,matched_2025,2,Fatal,feature_terrain,-0.009670925916435,0.03141483901287573,0.09976401463578054,10.0,0.6556169429097606,0.3443830570902394,0.0,4887,raw_class_score_attribution_not_causal
4409,lightgbm_weighted,matched_2025,2,Fatal,feature_light,-0.02508414129864306,-0.039413964032744095,0.17259817281676376,7.0,0.4280744833231021,0.5719255166768978,0.0,4887,raw_class_score_attribution_not_causal
4409,lightgbm_weighted,matched_2025,2,Fatal,feature_road_character,0.005720670073472251,0.028041657586815066,0.05179598064562182,12.0,0.9138530795989359,0.08614692040106404,0.0,4887,raw_class_score_attribution_not_causal
4409,lightgbm_weighted,matched_2025,2,Fatal,feature_road_lane,-0.018792232344122747,0.1292408665544008,0.2469066039091827,5.0,0.8557397176181707,0.14426028238182934,0.0,4887,raw_class_score_attribution_not_causal
4409,lightgbm_weighted,matched_2025,2,Fatal,feature_road_surface,0.00038551049469232225,0.002486605322819746,0.013621008403000902,15.0,0.643134847554737,0.35686515244526296,0.0,4887,raw_class_score_attribution_not_causal
4409,lightgbm_weighted,matched_2025,2,Fatal,feature_street_light,0.010497450134576747,-0.00785020797611829,0.1797587403352022,6.0,0.4843462246777164,0.5156537753222836,0.0,4887,raw_class_score_attribution_not_causal
4409,lightgbm_weighted,matched_2025,2,Fatal,feature_traffic_control,0.03342423627620391,0.2899084474212703,0.4601050935954248,1.0,0.7311233885819521,0.26887661141804786,0.0,4887,raw_class_score_attribution_not_causal
4409,lightgbm_weighted,matched_2025,2,Fatal,feature_urban,0.0016762761626392495,-0.024738003947606484,0.08080768528643298,11.0,0.42684673623900143,0.5731532637609986,0.0,4887,raw_class_score_attribution_not_causal
4409,lightgbm_weighted,matched_2025,2,Fatal,feature_weather_primary,0.011029793567166536,0.16572862383466044,0.2935902024948026,4.0,0.8051974626560262,0.19480253734397382,0.0,4887,raw_class_score_attribution_not_causal
4409,lightgbm_weighted,matched_2025,2,Fatal,feature_weather_secondary,0.0029491980827560296,0.015890773751935275,0.03600037093249198,14.0,0.8880703908328218,0.11192960916717823,0.0,4887,raw_class_score_attribution_not_causal
4409,lightgbm_weighted,matched_2025,2,Fatal,feature_advisory_speed,-0.006435402451234236,0.014329538983111787,0.04893731810175905,13.0,0.8137916922447309,0.1862083077552691,0.0,4887,raw_class_score_attribution_not_causal
4409,lightgbm_weighted,matched_2025,2,Fatal,feature_speed_limit,-0.023245536070465717,-0.18204126538069945,0.4383741735842171,2.0,0.4303253529772867,0.5696746470227133,0.0,4887,raw_class_score_attribution_not_causal
4409,lightgbm_weighted,matched_2025,2,Fatal,feature_temporary_speed_limit,-0.008809215501517271,0.05847208934562815,0.12157551682601099,9.0,0.9645999590750972,0.0354000409249028,0.0,4887,raw_class_score_attribution_not_causal
5501,lightgbm_weighted,random_internal_test,0,Minor,feature_number_of_lanes,0.004655350769866965,-0.020694606190507045,0.06739306051716364,7.0,0.3091876406793534,0.6908123593206467,0.0,4887,raw_class_score_attribution_not_causal
5501,lightgbm_weighted,random_internal_test,0,Minor,feature_state_highway,-0.00492741525162589,0.0033382775096726094,0.05056416975204656,8.0,0.52731737262124,0.47268262737876,0.0,4887,raw_class_score_attribution_not_causal
5501,lightgbm_weighted,random_internal_test,0,Minor,feature_terrain,-0.0012695944188442344,-0.0006492395497751805,0.03844016606881686,10.0,0.4614282791078371,0.5385717208921629,0.0,4887,raw_class_score_attribution_not_causal
5501,lightgbm_weighted,random_internal_test,0,Minor,feature_light,0.0004736216336452017,0.01946348645411008,0.11682288902002277,4.0,0.5678330263965623,0.4321669736034377,0.0,4887,raw_class_score_attribution_not_causal
5501,lightgbm_weighted,random_internal_test,0,Minor,feature_road_character,0.0013487171246757063,-0.008638592344420291,0.02714875352870307,11.0,0.2782893390628197,0.7217106609371803,0.0,4887,raw_class_score_attribution_not_causal
5501,lightgbm_weighted,random_internal_test,0,Minor,feature_road_lane,-0.0014113744660561058,-0.055236811223896225,0.10306764920410448,6.0,0.1407816656435441,0.8592183343564559,0.0,4887,raw_class_score_attribution_not_causal
5501,lightgbm_weighted,random_internal_test,0,Minor,feature_road_surface,0.0016562420641197896,-0.0018746421533731394,0.008678736847544858,15.0,0.4121137712297933,0.5878862287702067,0.0,4887,raw_class_score_attribution_not_causal
5501,lightgbm_weighted,random_internal_test,0,Minor,feature_street_light,0.00328556932537097,0.04638862943990756,0.12604065944187096,2.0,0.6067116840597504,0.39328831594024966,0.0,4887,raw_class_score_attribution_not_causal
5501,lightgbm_weighted,random_internal_test,0,Minor,feature_traffic_control,-0.001081791059083653,-0.05833678386254147,0.12254889123572248,3.0,0.30857376713730306,0.691426232862697,0.0,4887,raw_class_score_attribution_not_causal
5501,lightgbm_weighted,random_internal_test,0,Minor,feature_urban,-0.00022162625441224983,0.003213301256675203,0.022325458806316444,14.0,0.5297728667894414,0.47022713321055865,0.0,4887,raw_class_score_attribution_not_causal
5501,lightgbm_weighted,random_internal_test,0,Minor,feature_weather_primary,-0.0013904178438747482,-0.0627785174591963,0.11566621092901519,5.0,0.1937794147738899,0.8062205852261101,0.0,4887,raw_class_score_attribution_not_causal
5501,lightgbm_weighted,random_internal_test,0,Minor,feature_weather_secondary,-0.00027062263725285496,-0.012701799708827892,0.025809710751701142,12.0,0.09310415387763454,0.9068958461223655,0.0,4887,raw_class_score_attribution_not_causal
5501,lightgbm_weighted,random_internal_test,0,Minor,feature_advisory_speed,-0.0020004523113126057,-0.007014085095136552,0.024553738924440474,13.0,0.21117249846531613,0.7888275015346838,0.0,4887,raw_class_score_attribution_not_causal
5501,lightgbm_weighted,random_internal_test,0,Minor,feature_speed_limit,0.004085087574701539,0.08368615585021688,0.18375754106800327,1.0,0.5852261100879885,0.4147738899120115,0.0,4887,raw_class_score_attribution_not_causal
5501,lightgbm_weighted,random_internal_test,0,Minor,feature_temporary_speed_limit,0.0007410643335597697,-0.020685906229608635,0.041124060520201344,9.0,0.03294454675670145,0.9670554532432986,0.0,4887,raw_class_score_attribution_not_causal
5501,lightgbm_weighted,random_internal_test,1,Serious,feature_number_of_lanes,-0.0016071848393345966,-0.008936491708795073,0.04518428076789672,8.0,0.43196234908942094,0.5680376509105791,0.0,4887,raw_class_score_attribution_not_causal
5501,lightgbm_weighted,random_internal_test,1,Serious,feature_state_highway,-0.0025533684170019662,0.011219880813917815,0.06490706090736656,4.0,0.5858399836300389,0.41416001636996114,0.0,4887,raw_class_score_attribution_not_causal
5501,lightgbm_weighted,random_internal_test,1,Serious,feature_terrain,0.0031968701582596017,-0.01780440860688502,0.05320617813785253,6.0,0.35768365050133005,0.6423163494986699,0.0,4887,raw_class_score_attribution_not_causal
5501,lightgbm_weighted,random_internal_test,1,Serious,feature_light,0.0033029411602401903,0.016714392897899277,0.07847541117516323,3.0,0.5352977286678944,0.46470227133210557,0.0,4887,raw_class_score_attribution_not_causal
5501,lightgbm_weighted,random_internal_test,1,Serious,feature_road_character,0.002902154804776445,-0.0051828117785122285,0.029018008828795065,10.0,0.27890321260487005,0.72109678739513,0.0,4887,raw_class_score_attribution_not_causal
5501,lightgbm_weighted,random_internal_test,1,Serious,feature_road_lane,0.0009758329639099133,-0.009143208934014642,0.0315633739304285,9.0,0.35277266216492736,0.6472273378350727,0.0,4887,raw_class_score_attribution_not_causal
5501,lightgbm_weighted,random_internal_test,1,Serious,feature_road_surface,-0.00028141378187159486,-0.006770232273808489,0.011634425799681105,15.0,0.22119909965213833,0.7788009003478616,0.0,4887,raw_class_score_attribution_not_causal
5501,lightgbm_weighted,random_internal_test,1,Serious,feature_street_light,-0.009031761372089707,-0.004211924478489195,0.05972007847327468,5.0,0.45283404951913236,0.5471659504808676,0.0,4887,raw_class_score_attribution_not_causal
5501,lightgbm_weighted,random_internal_test,1,Serious,feature_traffic_control,0.0037601332894075263,-0.014977916671877036,0.08079874764941523,2.0,0.45528954368733376,0.5447104563126662,0.0,4887,raw_class_score_attribution_not_causal
5501,lightgbm_weighted,random_internal_test,1,Serious,feature_urban,-0.0005279977411409298,-0.0068360525993994906,0.028099051690181072,11.0,0.42459586658481685,0.5754041334151831,0.0,4887,raw_class_score_attribution_not_causal
5501,lightgbm_weighted,random_internal_test,1,Serious,feature_weather_primary,0.0025950265016764077,-0.007130023436664851,0.04804688469386169,7.0,0.3887865766318805,0.6112134233681195,0.0,4887,raw_class_score_attribution_not_causal
5501,lightgbm_weighted,random_internal_test,1,Serious,feature_weather_secondary,-0.00046378451805446577,-0.00187210654229731,0.015855199516732393,14.0,0.38960507468794764,0.6103949253120524,0.0,4887,raw_class_score_attribution_not_causal
5501,lightgbm_weighted,random_internal_test,1,Serious,feature_advisory_speed,-0.00034853000732737715,-0.0028263155912401777,0.020969769487147225,13.0,0.37773685287497444,0.6222631471250256,0.0,4887,raw_class_score_attribution_not_causal
5501,lightgbm_weighted,random_internal_test,1,Serious,feature_speed_limit,0.0035343989354327913,0.010718884968244293,0.12389981330019247,1.0,0.521792510742787,0.478207489257213,0.0,4887,raw_class_score_attribution_not_causal
5501,lightgbm_weighted,random_internal_test,1,Serious,feature_temporary_speed_limit,-0.00022605543919586462,-0.011269311669091975,0.022401846250850146,12.0,0.05954573357888275,0.9404542664211173,0.0,4887,raw_class_score_attribution_not_causal
5501,lightgbm_weighted,random_internal_test,2,Fatal,feature_number_of_lanes,0.011410469239639141,0.16158469182017307,0.29436056645416536,3.0,0.7990587272355228,0.20094127276447718,0.0,4887,raw_class_score_attribution_not_causal
5501,lightgbm_weighted,random_internal_test,2,Fatal,feature_state_highway,0.017466739812815185,-0.015453091681169285,0.11206287438407414,8.0,0.46981788418252507,0.530182115817475,0.0,4887,raw_class_score_attribution_not_causal
5501,lightgbm_weighted,random_internal_test,2,Fatal,feature_terrain,-0.0016189305560007667,0.0011237662510858147,0.0828970847640426,11.0,0.5142214037241661,0.48577859627583386,0.0,4887,raw_class_score_attribution_not_causal
5501,lightgbm_weighted,random_internal_test,2,Fatal,feature_light,-0.01101818341596229,-0.04787282971008184,0.21567893645922132,5.0,0.429097605893186,0.570902394106814,0.0,4887,raw_class_score_attribution_not_causal
5501,lightgbm_weighted,random_internal_test,2,Fatal,feature_road_character,-0.004093377131801891,0.0335803583984038,0.07282831294154327,12.0,0.9281767955801105,0.0718232044198895,0.0,4887,raw_class_score_attribution_not_causal
5501,lightgbm_weighted,random_internal_test,2,Fatal,feature_road_lane,-0.01867759620118182,0.10267016073729517,0.20835368193021775,6.0,0.8438714958051975,0.15612850419480254,0.0,4887,raw_class_score_attribution_not_causal
5501,lightgbm_weighted,random_internal_test,2,Fatal,feature_road_surface,-0.004290121143811642,0.001793953259127596,0.01276547777662816,15.0,0.5766318804992838,0.4233681195007162,0.0,4887,raw_class_score_attribution_not_causal
5501,lightgbm_weighted,random_internal_test,2,Fatal,feature_street_light,0.016203734683240913,0.008577046175952669,0.14451131207773926,7.0,0.5146306527521998,0.4853693472478003,0.0,4887,raw_class_score_attribution_not_causal
5501,lightgbm_weighted,random_internal_test,2,Fatal,feature_traffic_control,-0.001744467236541518,0.16775279260207543,0.3398767018564597,2.0,0.6717822795170861,0.32821772048291387,0.0,4887,raw_class_score_attribution_not_causal
5501,lightgbm_weighted,random_internal_test,2,Fatal,feature_urban,-0.010059240633482458,-0.04109165781130013,0.0846046974138545,10.0,0.37998772252915897,0.620012277470841,0.0,4887,raw_class_score_attribution_not_causal
5501,lightgbm_weighted,random_internal_test,2,Fatal,feature_weather_primary,-0.003419565324944767,0.12215272347308288,0.23049673133053927,4.0,0.7888275015346838,0.21117249846531613,0.0,4887,raw_class_score_attribution_not_causal
5501,lightgbm_weighted,random_internal_test,2,Fatal,feature_weather_secondary,-0.0002762809963370068,0.022599978704168914,0.04569929097801424,14.0,0.9179455698792716,0.08205443012072847,0.0,4887,raw_class_score_attribution_not_causal
5501,lightgbm_weighted,random_internal_test,2,Fatal,feature_advisory_speed,0.0009884179655441016,0.02096409814008864,0.049261687398470415,13.0,0.8762021690198486,0.12379783098015142,0.0,4887,raw_class_score_attribution_not_causal
5501,lightgbm_weighted,random_internal_test,2,Fatal,feature_speed_limit,0.016667090667138448,-0.09687340321299362,0.3735679938205389,1.0,0.44649068958461224,0.5535093104153878,0.0,4887,raw_class_score_attribution_not_causal
5501,lightgbm_weighted,random_internal_test,2,Fatal,feature_temporary_speed_limit,0.0018228571829355137,0.05630602916391896,0.1049041827508463,9.0,0.9662369551872314,0.03376304481276857,0.0,4887,raw_class_score_attribution_not_causal
5501,lightgbm_weighted,matched_2025,0,Minor,feature_number_of_lanes,0.0025260083970970663,-0.022731494217306265,0.06620141949923011,7.0,0.2991610394925312,0.7008389605074687,0.0,4887,raw_class_score_attribution_not_causal
5501,lightgbm_weighted,matched_2025,0,Minor,feature_state_highway,-0.005368758724448384,0.0033382775096726094,0.050603790065536114,8.0,0.5299774913034582,0.47002250869654183,0.0,4887,raw_class_score_attribution_not_causal
5501,lightgbm_weighted,matched_2025,0,Minor,feature_terrain,0.0013391467813779233,-0.0004533646726737754,0.042068315499594576,10.0,0.4853693472478003,0.5146306527521998,0.0,4887,raw_class_score_attribution_not_causal
5501,lightgbm_weighted,matched_2025,0,Minor,feature_light,0.0059317112342022115,0.01946348645411008,0.11313273330906919,3.0,0.583793738489871,0.4162062615101289,0.0,4887,raw_class_score_attribution_not_causal
5501,lightgbm_weighted,matched_2025,0,Minor,feature_road_character,-3.6544842758665135e-05,-0.009557355906122451,0.0263688051501203,11.0,0.2537343973808062,0.7462656026191937,0.0,4887,raw_class_score_attribution_not_causal
5501,lightgbm_weighted,matched_2025,0,Minor,feature_road_lane,0.004509454383025543,-0.055236811223896225,0.10918875484417705,6.0,0.15469613259668508,0.8453038674033149,0.0,4887,raw_class_score_attribution_not_causal
5501,lightgbm_weighted,matched_2025,0,Minor,feature_road_surface,0.001972351283084471,-0.0018746421533731394,0.010129574096766531,15.0,0.4074074074074074,0.5925925925925926,0.0,4887,raw_class_score_attribution_not_causal
5501,lightgbm_weighted,matched_2025,0,Minor,feature_street_light,0.002379000117273897,0.044994924827607675,0.1280261745549706,2.0,0.6056885614896664,0.3943114385103335,0.0,4887,raw_class_score_attribution_not_causal
5501,lightgbm_weighted,matched_2025,0,Minor,feature_traffic_control,-0.015218881449504914,-0.05833678386254147,0.11061516288902565,5.0,0.2950685492121956,0.7049314507878044,0.0,4887,raw_class_score_attribution_not_causal
5501,lightgbm_weighted,matched_2025,0,Minor,feature_urban,-0.0003176272630765666,0.0032980625932956162,0.02292227013070585,14.0,0.5293636177614078,0.47063638223859217,0.0,4887,raw_class_score_attribution_not_causal
5501,lightgbm_weighted,matched_2025,0,Minor,feature_weather_primary,-0.005997585101657371,-0.0627785174591963,0.11203034681217884,4.0,0.18088807039083282,0.8191119296091672,0.0,4887,raw_class_score_attribution_not_causal
5501,lightgbm_weighted,matched_2025,0,Minor,feature_weather_secondary,-0.0011919963404370423,-0.012701799708827892,0.024860553653557167,12.0,0.09555964804583589,0.9044403519541641,0.0,4887,raw_class_score_attribution_not_causal
5501,lightgbm_weighted,matched_2025,0,Minor,feature_advisory_speed,-0.0009313220101946594,-0.006348059425004584,0.024459470432787678,13.0,0.2164927358297524,0.7835072641702476,0.0,4887,raw_class_score_attribution_not_causal
5501,lightgbm_weighted,matched_2025,0,Minor,feature_speed_limit,0.011117654739333757,0.09026243463687028,0.18752100885938638,1.0,0.59402496419071,0.40597503580928995,0.0,4887,raw_class_score_attribution_not_causal
5501,lightgbm_weighted,matched_2025,0,Minor,feature_temporary_speed_limit,0.0017997140161110838,-0.020749934778629683,0.04211118893390354,9.0,0.036013914466953144,0.9639860855330469,0.0,4887,raw_class_score_attribution_not_causal
5501,lightgbm_weighted,matched_2025,1,Serious,feature_number_of_lanes,-0.0016882436819661382,-0.008127191184598433,0.043880120682721284,8.0,0.4403519541641089,0.5596480458358911,0.0,4887,raw_class_score_attribution_not_causal
5501,lightgbm_weighted,matched_2025,1,Serious,feature_state_highway,-0.0009942815579988896,0.015966476148783052,0.06662627137825405,4.0,0.6065070595457336,0.3934929404542664,0.0,4887,raw_class_score_attribution_not_causal
5501,lightgbm_weighted,matched_2025,1,Serious,feature_terrain,-0.0003128269310652297,-0.019214655433299546,0.05433594898749505,6.0,0.3474524248004911,0.6525475751995089,0.0,4887,raw_class_score_attribution_not_causal
5501,lightgbm_weighted,matched_2025,1,Serious,feature_light,0.004394594810727144,0.019818325998168317,0.08059867717876157,3.0,0.5443012072846327,0.4556987927153673,0.0,4887,raw_class_score_attribution_not_causal
5501,lightgbm_weighted,matched_2025,1,Serious,feature_road_character,0.0007119751037163306,-0.004897709672781077,0.025194101853706397,11.0,0.2846326989973399,0.7153673010026601,0.0,4887,raw_class_score_attribution_not_causal
5501,lightgbm_weighted,matched_2025,1,Serious,feature_road_lane,0.0010223974367258768,-0.008742714766155915,0.03316824539548209,9.0,0.3681195007161858,0.6318804992838142,0.0,4887,raw_class_score_attribution_not_causal
5501,lightgbm_weighted,matched_2025,1,Serious,feature_road_surface,0.0009397826962123355,-0.006770232273808489,0.013318618212481868,15.0,0.21178637200736647,0.7882136279926335,0.0,4887,raw_class_score_attribution_not_causal
5501,lightgbm_weighted,matched_2025,1,Serious,feature_street_light,-0.0075926669882541145,-0.004211924478489195,0.061554264023854055,5.0,0.45119705340699817,0.5488029465930019,0.0,4887,raw_class_score_attribution_not_causal
5501,lightgbm_weighted,matched_2025,1,Serious,feature_traffic_control,0.004725812907561239,-0.011935704151770199,0.08161508127257339,2.0,0.4597912829957029,0.5402087170042971,0.0,4887,raw_class_score_attribution_not_causal
5501,lightgbm_weighted,matched_2025,1,Serious,feature_urban,5.82887302278119e-06,-0.0068360525993994906,0.028247607568113814,10.0,0.4258236136689175,0.5741763863310825,0.0,4887,raw_class_score_attribution_not_causal
5501,lightgbm_weighted,matched_2025,1,Serious,feature_weather_primary,0.0032255662495728975,-0.008171407054702122,0.047336763633042026,7.0,0.3885819521178637,0.6114180478821363,0.0,4887,raw_class_score_attribution_not_causal
5501,lightgbm_weighted,matched_2025,1,Serious,feature_weather_secondary,0.0008718885041460948,-0.002751087742866696,0.015305514218682084,14.0,0.3681195007161858,0.6318804992838142,0.0,4887,raw_class_score_attribution_not_causal
5501,lightgbm_weighted,matched_2025,1,Serious,feature_advisory_speed,0.0009187403683679828,-0.0027181445642174076,0.021342410727475235,13.0,0.38039697155719254,0.6196030284428075,0.0,4887,raw_class_score_attribution_not_causal
5501,lightgbm_weighted,matched_2025,1,Serious,feature_speed_limit,0.009707526195192025,0.01308084857971907,0.12366202975454693,1.0,0.532842234499693,0.4671577655003069,0.0,4887,raw_class_score_attribution_not_causal
5501,lightgbm_weighted,matched_2025,1,Serious,feature_temporary_speed_limit,0.0017489399091666926,-0.011269311669091975,0.024003949442538305,12.0,0.06425209740126867,0.9357479025987313,0.0,4887,raw_class_score_attribution_not_causal
5501,lightgbm_weighted,matched_2025,2,Fatal,feature_number_of_lanes,0.02257636476230028,0.1635874983731306,0.29046643483797824,3.0,0.8115408225905464,0.18845917740945364,0.0,4887,raw_class_score_attribution_not_causal
5501,lightgbm_weighted,matched_2025,2,Fatal,feature_state_highway,0.016694298085131346,-0.018512827457820846,0.11424791201832646,8.0,0.45426642111724985,0.5457335788827502,0.0,4887,raw_class_score_attribution_not_causal
5501,lightgbm_weighted,matched_2025,2,Fatal,feature_terrain,-0.00630258259298848,0.0008882263051092788,0.08767196691609537,10.0,0.5048086760793943,0.49519132392060566,0.0,4887,raw_class_score_attribution_not_causal
5501,lightgbm_weighted,matched_2025,2,Fatal,feature_light,-0.018466797825352613,-0.04787282971008184,0.2061562720465958,6.0,0.4057704112952732,0.5942295887047269,0.0,4887,raw_class_score_attribution_not_causal
5501,lightgbm_weighted,matched_2025,2,Fatal,feature_road_character,0.0028086633687613386,0.0346187622307604,0.06720653877723272,12.0,0.9353386535706978,0.06466134642930223,0.0,4887,raw_class_score_attribution_not_causal
5501,lightgbm_weighted,matched_2025,2,Fatal,feature_road_lane,-0.0275070367369726,0.10436508144811289,0.2179726924306162,5.0,0.8334356455903418,0.16656435440965828,0.0,4887,raw_class_score_attribution_not_causal
5501,lightgbm_weighted,matched_2025,2,Fatal,feature_road_surface,-0.004262985480737914,0.0018749148570758635,0.01484259175383602,15.0,0.5815428688356865,0.4184571311643135,0.0,4887,raw_class_score_attribution_not_causal
5501,lightgbm_weighted,matched_2025,2,Fatal,feature_street_light,0.01163033056741651,0.005266038482279855,0.14420320684576857,7.0,0.5121751585839983,0.48782484141600163,0.0,4887,raw_class_score_attribution_not_causal
5501,lightgbm_weighted,matched_2025,2,Fatal,feature_traffic_control,0.02428573898393595,0.18014792064676177,0.32609286515970365,2.0,0.6899938612645795,0.3100061387354205,0.0,4887,raw_class_score_attribution_not_causal
5501,lightgbm_weighted,matched_2025,2,Fatal,feature_urban,-0.010428715610243054,-0.04109165781130013,0.08660644497140822,11.0,0.3801923470431758,0.6198076529568243,0.0,4887,raw_class_score_attribution_not_causal
5501,lightgbm_weighted,matched_2025,2,Fatal,feature_weather_primary,0.0036028004763848254,0.12215272347308288,0.22386558366895448,4.0,0.8013095968897074,0.19869040311029262,0.0,4887,raw_class_score_attribution_not_causal
5501,lightgbm_weighted,matched_2025,2,Fatal,feature_weather_secondary,-0.00013615027558249799,0.02306739250503136,0.045582748759070466,14.0,0.9134438305709024,0.0865561694290976,0.0,4887,raw_class_score_attribution_not_causal
5501,lightgbm_weighted,matched_2025,2,Fatal,feature_advisory_speed,-0.0026947346794829554,0.020716690882307882,0.05120993263156703,13.0,0.8692449355432781,0.13075506445672191,0.0,4887,raw_class_score_attribution_not_causal
5501,lightgbm_weighted,matched_2025,2,Fatal,feature_speed_limit,-0.0046680575635556125,-0.11391375735419904,0.37510398981481374,1.0,0.4348270922856558,0.5651729077143441,0.0,4887,raw_class_score_attribution_not_causal
5501,lightgbm_weighted,matched_2025,2,Fatal,feature_temporary_speed_limit,-0.0046457147248885715,0.05627319934833008,0.11084416712129931,9.0,0.9635768365050132,0.0364231634949867,0.0,4887,raw_class_score_attribution_not_causal
