split_slug,seed,model,explanation_cohort,sample_key,output_scope,feature,mean_abs_shap,importance_rank,sample_rows
random_seed_1103,1103,lightgbm_weighted,random_internal_test,random_seed_1103_internal,overall_equal_class_mean,feature_day_of_week,0.05363627045445957,12.0,10000
random_seed_1103,1103,lightgbm_weighted,random_internal_test,random_seed_1103_internal,overall_equal_class_mean,feature_first_road_class,0.07854093803913237,8.0,10000
random_seed_1103,1103,lightgbm_weighted,random_internal_test,random_seed_1103_internal,overall_equal_class_mean,feature_road_type,0.14147444739785775,2.0,10000
random_seed_1103,1103,lightgbm_weighted,random_internal_test,random_seed_1103_internal,overall_equal_class_mean,feature_junction_detail,0.06515230221769536,11.0,10000
random_seed_1103,1103,lightgbm_weighted,random_internal_test,random_seed_1103_internal,overall_equal_class_mean,feature_junction_control,0.10087841006777176,5.0,10000
random_seed_1103,1103,lightgbm_weighted,random_internal_test,random_seed_1103_internal,overall_equal_class_mean,feature_second_road_class,0.09939269424208869,6.0,10000
random_seed_1103,1103,lightgbm_weighted,random_internal_test,random_seed_1103_internal,overall_equal_class_mean,feature_pedestrian_crossing,0.09751674834641567,7.0,10000
random_seed_1103,1103,lightgbm_weighted,random_internal_test,random_seed_1103_internal,overall_equal_class_mean,feature_light_conditions,0.04208583635242297,16.0,10000
random_seed_1103,1103,lightgbm_weighted,random_internal_test,random_seed_1103_internal,overall_equal_class_mean,feature_weather_conditions,0.14000630376703688,3.0,10000
random_seed_1103,1103,lightgbm_weighted,random_internal_test,random_seed_1103_internal,overall_equal_class_mean,feature_road_surface_conditions,0.043245981491337904,15.0,10000
random_seed_1103,1103,lightgbm_weighted,random_internal_test,random_seed_1103_internal,overall_equal_class_mean,feature_special_conditions_at_site,0.025327094270682138,17.0,10000
random_seed_1103,1103,lightgbm_weighted,random_internal_test,random_seed_1103_internal,overall_equal_class_mean,feature_carriageway_hazards,0.05069261382311107,13.0,10000
random_seed_1103,1103,lightgbm_weighted,random_internal_test,random_seed_1103_internal,overall_equal_class_mean,feature_urban_or_rural_area,0.06768857208179876,10.0,10000
random_seed_1103,1103,lightgbm_weighted,random_internal_test,random_seed_1103_internal,overall_equal_class_mean,feature_trunk_road_flag,0.04707424493601616,14.0,10000
random_seed_1103,1103,lightgbm_weighted,random_internal_test,random_seed_1103_internal,overall_equal_class_mean,feature_speed_limit,0.16969696237081955,1.0,10000
random_seed_1103,1103,lightgbm_weighted,random_internal_test,random_seed_1103_internal,overall_equal_class_mean,feature_month,0.07677147070892126,9.0,10000
random_seed_1103,1103,lightgbm_weighted,random_internal_test,random_seed_1103_internal,overall_equal_class_mean,feature_hour,0.1251761158747828,4.0,10000
random_seed_1103,1103,lightgbm_weighted,random_internal_test,random_seed_1103_internal,Slight,feature_day_of_week,0.0426938897346023,14.0,10000
random_seed_1103,1103,lightgbm_weighted,random_internal_test,random_seed_1103_internal,Slight,feature_first_road_class,0.05009885703040262,10.0,10000
random_seed_1103,1103,lightgbm_weighted,random_internal_test,random_seed_1103_internal,Slight,feature_road_type,0.1041012942447244,3.0,10000
random_seed_1103,1103,lightgbm_weighted,random_internal_test,random_seed_1103_internal,Slight,feature_junction_detail,0.05386646716178558,7.0,10000
random_seed_1103,1103,lightgbm_weighted,random_internal_test,random_seed_1103_internal,Slight,feature_junction_control,0.043495031506676635,13.0,10000
random_seed_1103,1103,lightgbm_weighted,random_internal_test,random_seed_1103_internal,Slight,feature_second_road_class,0.1111274919487545,2.0,10000
random_seed_1103,1103,lightgbm_weighted,random_internal_test,random_seed_1103_internal,Slight,feature_pedestrian_crossing,0.04425640045495015,12.0,10000
random_seed_1103,1103,lightgbm_weighted,random_internal_test,random_seed_1103_internal,Slight,feature_light_conditions,0.053844273626008916,8.0,10000
random_seed_1103,1103,lightgbm_weighted,random_internal_test,random_seed_1103_internal,Slight,feature_weather_conditions,0.07804852718388382,6.0,10000
random_seed_1103,1103,lightgbm_weighted,random_internal_test,random_seed_1103_internal,Slight,feature_road_surface_conditions,0.029150446597953555,15.0,10000
random_seed_1103,1103,lightgbm_weighted,random_internal_test,random_seed_1103_internal,Slight,feature_special_conditions_at_site,0.018974809308374866,16.0,10000
random_seed_1103,1103,lightgbm_weighted,random_internal_test,random_seed_1103_internal,Slight,feature_carriageway_hazards,0.018021886625532158,17.0,10000
random_seed_1103,1103,lightgbm_weighted,random_internal_test,random_seed_1103_internal,Slight,feature_urban_or_rural_area,0.08824716620178732,4.0,10000
random_seed_1103,1103,lightgbm_weighted,random_internal_test,random_seed_1103_internal,Slight,feature_trunk_road_flag,0.049043328508820226,11.0,10000
random_seed_1103,1103,lightgbm_weighted,random_internal_test,random_seed_1103_internal,Slight,feature_speed_limit,0.13972350942122844,1.0,10000
random_seed_1103,1103,lightgbm_weighted,random_internal_test,random_seed_1103_internal,Slight,feature_month,0.053445120764074774,9.0,10000
random_seed_1103,1103,lightgbm_weighted,random_internal_test,random_seed_1103_internal,Slight,feature_hour,0.08546779186615017,5.0,10000
random_seed_1103,1103,lightgbm_weighted,random_internal_test,random_seed_1103_internal,Serious,feature_day_of_week,0.040246880050264285,5.0,10000
random_seed_1103,1103,lightgbm_weighted,random_internal_test,random_seed_1103_internal,Serious,feature_first_road_class,0.05087812490839692,4.0,10000
random_seed_1103,1103,lightgbm_weighted,random_internal_test,random_seed_1103_internal,Serious,feature_road_type,0.019524934644795548,11.0,10000
random_seed_1103,1103,lightgbm_weighted,random_internal_test,random_seed_1103_internal,Serious,feature_junction_detail,0.03284289424486621,6.0,10000
random_seed_1103,1103,lightgbm_weighted,random_internal_test,random_seed_1103_internal,Serious,feature_junction_control,0.03063277370969312,7.0,10000
random_seed_1103,1103,lightgbm_weighted,random_internal_test,random_seed_1103_internal,Serious,feature_second_road_class,0.01831442390251802,12.0,10000
random_seed_1103,1103,lightgbm_weighted,random_internal_test,random_seed_1103_internal,Serious,feature_pedestrian_crossing,0.020242291704011674,10.0,10000
random_seed_1103,1103,lightgbm_weighted,random_internal_test,random_seed_1103_internal,Serious,feature_light_conditions,0.016788971682633862,13.0,10000
random_seed_1103,1103,lightgbm_weighted,random_internal_test,random_seed_1103_internal,Serious,feature_weather_conditions,0.025628467486244613,8.0,10000
random_seed_1103,1103,lightgbm_weighted,random_internal_test,random_seed_1103_internal,Serious,feature_road_surface_conditions,0.012706266338346747,15.0,10000
random_seed_1103,1103,lightgbm_weighted,random_internal_test,random_seed_1103_internal,Serious,feature_special_conditions_at_site,0.004045645799430701,17.0,10000
random_seed_1103,1103,lightgbm_weighted,random_internal_test,random_seed_1103_internal,Serious,feature_carriageway_hazards,0.01572741574232409,14.0,10000
random_seed_1103,1103,lightgbm_weighted,random_internal_test,random_seed_1103_internal,Serious,feature_urban_or_rural_area,0.011087474644057935,16.0,10000
random_seed_1103,1103,lightgbm_weighted,random_internal_test,random_seed_1103_internal,Serious,feature_trunk_road_flag,0.023999931380499186,9.0,10000
random_seed_1103,1103,lightgbm_weighted,random_internal_test,random_seed_1103_internal,Serious,feature_speed_limit,0.05476101888917461,3.0,10000
random_seed_1103,1103,lightgbm_weighted,random_internal_test,random_seed_1103_internal,Serious,feature_month,0.060143531209207936,2.0,10000
random_seed_1103,1103,lightgbm_weighted,random_internal_test,random_seed_1103_internal,Serious,feature_hour,0.06640179698775064,1.0,10000
random_seed_1103,1103,lightgbm_weighted,random_internal_test,random_seed_1103_internal,Fatal,feature_day_of_week,0.07796804157851213,14.0,10000
random_seed_1103,1103,lightgbm_weighted,random_internal_test,random_seed_1103_internal,Fatal,feature_first_road_class,0.13464583217859757,8.0,10000
random_seed_1103,1103,lightgbm_weighted,random_internal_test,random_seed_1103_internal,Fatal,feature_road_type,0.3007971133040533,3.0,10000
random_seed_1103,1103,lightgbm_weighted,random_internal_test,random_seed_1103_internal,Fatal,feature_junction_detail,0.10874754524643429,11.0,10000
random_seed_1103,1103,lightgbm_weighted,random_internal_test,random_seed_1103_internal,Fatal,feature_junction_control,0.22850742498694554,4.0,10000
random_seed_1103,1103,lightgbm_weighted,random_internal_test,random_seed_1103_internal,Fatal,feature_second_road_class,0.16873616687499354,7.0,10000
random_seed_1103,1103,lightgbm_weighted,random_internal_test,random_seed_1103_internal,Fatal,feature_pedestrian_crossing,0.22805155288028522,5.0,10000
random_seed_1103,1103,lightgbm_weighted,random_internal_test,random_seed_1103_internal,Fatal,feature_light_conditions,0.05562426374862612,16.0,10000
random_seed_1103,1103,lightgbm_weighted,random_internal_test,random_seed_1103_internal,Fatal,feature_weather_conditions,0.3163419166309822,1.0,10000
random_seed_1103,1103,lightgbm_weighted,random_internal_test,random_seed_1103_internal,Fatal,feature_road_surface_conditions,0.08788123153771342,13.0,10000
random_seed_1103,1103,lightgbm_weighted,random_internal_test,random_seed_1103_internal,Fatal,feature_special_conditions_at_site,0.052960827704240855,17.0,10000
random_seed_1103,1103,lightgbm_weighted,random_internal_test,random_seed_1103_internal,Fatal,feature_carriageway_hazards,0.11832853910147696,9.0,10000
random_seed_1103,1103,lightgbm_weighted,random_internal_test,random_seed_1103_internal,Fatal,feature_urban_or_rural_area,0.10373107539955104,12.0,10000
random_seed_1103,1103,lightgbm_weighted,random_internal_test,random_seed_1103_internal,Fatal,feature_trunk_road_flag,0.06817947491872907,15.0,10000
random_seed_1103,1103,lightgbm_weighted,random_internal_test,random_seed_1103_internal,Fatal,feature_speed_limit,0.3146063588020556,2.0,10000
random_seed_1103,1103,lightgbm_weighted,random_internal_test,random_seed_1103_internal,Fatal,feature_month,0.11672576015348109,10.0,10000
random_seed_1103,1103,lightgbm_weighted,random_internal_test,random_seed_1103_internal,Fatal,feature_hour,0.22365875877044755,6.0,10000
random_seed_1103,1103,lightgbm_weighted,future_2024,future_2024,overall_equal_class_mean,feature_day_of_week,0.05555194432629257,13.0,10000
random_seed_1103,1103,lightgbm_weighted,future_2024,future_2024,overall_equal_class_mean,feature_first_road_class,0.0739506354901641,12.0,10000
random_seed_1103,1103,lightgbm_weighted,future_2024,future_2024,overall_equal_class_mean,feature_road_type,0.14016616406289398,3.0,10000
random_seed_1103,1103,lightgbm_weighted,future_2024,future_2024,overall_equal_class_mean,feature_junction_detail,0.11687527557740808,7.0,10000
random_seed_1103,1103,lightgbm_weighted,future_2024,future_2024,overall_equal_class_mean,feature_junction_control,0.09875313276460451,8.0,10000
random_seed_1103,1103,lightgbm_weighted,future_2024,future_2024,overall_equal_class_mean,feature_second_road_class,0.11904002308795403,6.0,10000
random_seed_1103,1103,lightgbm_weighted,future_2024,future_2024,overall_equal_class_mean,feature_pedestrian_crossing,0.09735398665951724,9.0,10000
random_seed_1103,1103,lightgbm_weighted,future_2024,future_2024,overall_equal_class_mean,feature_light_conditions,0.04135603682555138,17.0,10000
random_seed_1103,1103,lightgbm_weighted,future_2024,future_2024,overall_equal_class_mean,feature_weather_conditions,0.13762601493591242,4.0,10000
random_seed_1103,1103,lightgbm_weighted,future_2024,future_2024,overall_equal_class_mean,feature_road_surface_conditions,0.045879724696643774,15.0,10000
random_seed_1103,1103,lightgbm_weighted,future_2024,future_2024,overall_equal_class_mean,feature_special_conditions_at_site,0.2441454066193931,1.0,10000
random_seed_1103,1103,lightgbm_weighted,future_2024,future_2024,overall_equal_class_mean,feature_carriageway_hazards,0.050830817911424665,14.0,10000
random_seed_1103,1103,lightgbm_weighted,future_2024,future_2024,overall_equal_class_mean,feature_urban_or_rural_area,0.07481103227203333,11.0,10000
random_seed_1103,1103,lightgbm_weighted,future_2024,future_2024,overall_equal_class_mean,feature_trunk_road_flag,0.042383119332467356,16.0,10000
random_seed_1103,1103,lightgbm_weighted,future_2024,future_2024,overall_equal_class_mean,feature_speed_limit,0.16985436989286007,2.0,10000
random_seed_1103,1103,lightgbm_weighted,future_2024,future_2024,overall_equal_class_mean,feature_month,0.08340115608283562,10.0,10000
random_seed_1103,1103,lightgbm_weighted,future_2024,future_2024,overall_equal_class_mean,feature_hour,0.13575361207535333,5.0,10000
random_seed_1103,1103,lightgbm_weighted,future_2024,future_2024,Slight,feature_day_of_week,0.04225021601863087,15.0,10000
random_seed_1103,1103,lightgbm_weighted,future_2024,future_2024,Slight,feature_first_road_class,0.04570327073989581,14.0,10000
random_seed_1103,1103,lightgbm_weighted,future_2024,future_2024,Slight,feature_road_type,0.09125700702835615,7.0,10000
random_seed_1103,1103,lightgbm_weighted,future_2024,future_2024,Slight,feature_junction_detail,0.09838460185060716,5.0,10000
random_seed_1103,1103,lightgbm_weighted,future_2024,future_2024,Slight,feature_junction_control,0.04629175764377949,13.0,10000
random_seed_1103,1103,lightgbm_weighted,future_2024,future_2024,Slight,feature_second_road_class,0.10862336030681634,3.0,10000
random_seed_1103,1103,lightgbm_weighted,future_2024,future_2024,Slight,feature_pedestrian_crossing,0.05484245361155469,10.0,10000
random_seed_1103,1103,lightgbm_weighted,future_2024,future_2024,Slight,feature_light_conditions,0.04996866870956797,11.0,10000
random_seed_1103,1103,lightgbm_weighted,future_2024,future_2024,Slight,feature_weather_conditions,0.07026904126850486,8.0,10000
random_seed_1103,1103,lightgbm_weighted,future_2024,future_2024,Slight,feature_road_surface_conditions,0.02921999512851011,16.0,10000
random_seed_1103,1103,lightgbm_weighted,future_2024,future_2024,Slight,feature_special_conditions_at_site,0.2388703764756935,1.0,10000
random_seed_1103,1103,lightgbm_weighted,future_2024,future_2024,Slight,feature_carriageway_hazards,0.015956431406058628,17.0,10000
random_seed_1103,1103,lightgbm_weighted,future_2024,future_2024,Slight,feature_urban_or_rural_area,0.10234340774852847,4.0,10000
random_seed_1103,1103,lightgbm_weighted,future_2024,future_2024,Slight,feature_trunk_road_flag,0.04639290887099882,12.0,10000
random_seed_1103,1103,lightgbm_weighted,future_2024,future_2024,Slight,feature_speed_limit,0.12294959955723674,2.0,10000
random_seed_1103,1103,lightgbm_weighted,future_2024,future_2024,Slight,feature_month,0.05562423166895217,9.0,10000
random_seed_1103,1103,lightgbm_weighted,future_2024,future_2024,Slight,feature_hour,0.09218362278892493,6.0,10000
random_seed_1103,1103,lightgbm_weighted,future_2024,future_2024,Serious,feature_day_of_week,0.04128474117317684,6.0,10000
random_seed_1103,1103,lightgbm_weighted,future_2024,future_2024,Serious,feature_first_road_class,0.04863939006453578,3.0,10000
random_seed_1103,1103,lightgbm_weighted,future_2024,future_2024,Serious,feature_road_type,0.020083874383872734,13.0,10000
random_seed_1103,1103,lightgbm_weighted,future_2024,future_2024,Serious,feature_junction_detail,0.04598284323732832,4.0,10000
random_seed_1103,1103,lightgbm_weighted,future_2024,future_2024,Serious,feature_junction_control,0.035427154296553943,8.0,10000
random_seed_1103,1103,lightgbm_weighted,future_2024,future_2024,Serious,feature_second_road_class,0.024553817128406274,10.0,10000
random_seed_1103,1103,lightgbm_weighted,future_2024,future_2024,Serious,feature_pedestrian_crossing,0.022468926285140575,11.0,10000
random_seed_1103,1103,lightgbm_weighted,future_2024,future_2024,Serious,feature_light_conditions,0.017397877940225008,14.0,10000
random_seed_1103,1103,lightgbm_weighted,future_2024,future_2024,Serious,feature_weather_conditions,0.025625388731982474,9.0,10000
random_seed_1103,1103,lightgbm_weighted,future_2024,future_2024,Serious,feature_road_surface_conditions,0.013477392994092088,16.0,10000
random_seed_1103,1103,lightgbm_weighted,future_2024,future_2024,Serious,feature_special_conditions_at_site,0.03585878326533419,7.0,10000
random_seed_1103,1103,lightgbm_weighted,future_2024,future_2024,Serious,feature_carriageway_hazards,0.01612473666070132,15.0,10000
random_seed_1103,1103,lightgbm_weighted,future_2024,future_2024,Serious,feature_urban_or_rural_area,0.011239127241150313,17.0,10000
random_seed_1103,1103,lightgbm_weighted,future_2024,future_2024,Serious,feature_trunk_road_flag,0.020683538200169802,12.0,10000
random_seed_1103,1103,lightgbm_weighted,future_2024,future_2024,Serious,feature_speed_limit,0.045470568821943794,5.0,10000
random_seed_1103,1103,lightgbm_weighted,future_2024,future_2024,Serious,feature_month,0.06502549324118032,2.0,10000
random_seed_1103,1103,lightgbm_weighted,future_2024,future_2024,Serious,feature_hour,0.06916395158178965,1.0,10000
random_seed_1103,1103,lightgbm_weighted,future_2024,future_2024,Fatal,feature_day_of_week,0.08312087578707,15.0,10000
random_seed_1103,1103,lightgbm_weighted,future_2024,future_2024,Fatal,feature_first_road_class,0.12750924566606073,11.0,10000
random_seed_1103,1103,lightgbm_weighted,future_2024,future_2024,Fatal,feature_road_type,0.30915761077645304,4.0,10000
random_seed_1103,1103,lightgbm_weighted,future_2024,future_2024,Fatal,feature_junction_detail,0.20625838164428878,9.0,10000
random_seed_1103,1103,lightgbm_weighted,future_2024,future_2024,Fatal,feature_junction_control,0.21454048635348014,8.0,10000
random_seed_1103,1103,lightgbm_weighted,future_2024,future_2024,Fatal,feature_second_road_class,0.2239428918286395,6.0,10000
random_seed_1103,1103,lightgbm_weighted,future_2024,future_2024,Fatal,feature_pedestrian_crossing,0.21475058008185646,7.0,10000
random_seed_1103,1103,lightgbm_weighted,future_2024,future_2024,Fatal,feature_light_conditions,0.05670156382686117,17.0,10000
random_seed_1103,1103,lightgbm_weighted,future_2024,future_2024,Fatal,feature_weather_conditions,0.3169836148072499,3.0,10000
random_seed_1103,1103,lightgbm_weighted,future_2024,future_2024,Fatal,feature_road_surface_conditions,0.0949417859673291,14.0,10000
random_seed_1103,1103,lightgbm_weighted,future_2024,future_2024,Fatal,feature_special_conditions_at_site,0.45770706011715157,1.0,10000
random_seed_1103,1103,lightgbm_weighted,future_2024,future_2024,Fatal,feature_carriageway_hazards,0.12041128566751406,12.0,10000
random_seed_1103,1103,lightgbm_weighted,future_2024,future_2024,Fatal,feature_urban_or_rural_area,0.11085056182642118,13.0,10000
random_seed_1103,1103,lightgbm_weighted,future_2024,future_2024,Fatal,feature_trunk_road_flag,0.06007291092623343,16.0,10000
random_seed_1103,1103,lightgbm_weighted,future_2024,future_2024,Fatal,feature_speed_limit,0.34114294129939965,2.0,10000
random_seed_1103,1103,lightgbm_weighted,future_2024,future_2024,Fatal,feature_month,0.12955374333837438,10.0,10000
random_seed_1103,1103,lightgbm_weighted,future_2024,future_2024,Fatal,feature_hour,0.2459132618553454,5.0,10000
random_seed_2207,2207,lightgbm_weighted,random_internal_test,random_seed_2207_internal,overall_equal_class_mean,feature_day_of_week,0.06016511077633956,12.0,10000
random_seed_2207,2207,lightgbm_weighted,random_internal_test,random_seed_2207_internal,overall_equal_class_mean,feature_first_road_class,0.0806280203295434,9.0,10000
random_seed_2207,2207,lightgbm_weighted,random_internal_test,random_seed_2207_internal,overall_equal_class_mean,feature_road_type,0.13588043488918938,2.0,10000
random_seed_2207,2207,lightgbm_weighted,random_internal_test,random_seed_2207_internal,overall_equal_class_mean,feature_junction_detail,0.06511510915360123,11.0,10000
random_seed_2207,2207,lightgbm_weighted,random_internal_test,random_seed_2207_internal,overall_equal_class_mean,feature_junction_control,0.10681357062153747,7.0,10000
random_seed_2207,2207,lightgbm_weighted,random_internal_test,random_seed_2207_internal,overall_equal_class_mean,feature_second_road_class,0.1085347528153165,6.0,10000
random_seed_2207,2207,lightgbm_weighted,random_internal_test,random_seed_2207_internal,overall_equal_class_mean,feature_pedestrian_crossing,0.11489470859867303,5.0,10000
random_seed_2207,2207,lightgbm_weighted,random_internal_test,random_seed_2207_internal,overall_equal_class_mean,feature_light_conditions,0.04637120657793937,14.0,10000
random_seed_2207,2207,lightgbm_weighted,random_internal_test,random_seed_2207_internal,overall_equal_class_mean,feature_weather_conditions,0.11569328842240523,4.0,10000
random_seed_2207,2207,lightgbm_weighted,random_internal_test,random_seed_2207_internal,overall_equal_class_mean,feature_road_surface_conditions,0.03658281066822239,16.0,10000
random_seed_2207,2207,lightgbm_weighted,random_internal_test,random_seed_2207_internal,overall_equal_class_mean,feature_special_conditions_at_site,0.03146935433823384,17.0,10000
random_seed_2207,2207,lightgbm_weighted,random_internal_test,random_seed_2207_internal,overall_equal_class_mean,feature_carriageway_hazards,0.040353501442505275,15.0,10000
random_seed_2207,2207,lightgbm_weighted,random_internal_test,random_seed_2207_internal,overall_equal_class_mean,feature_urban_or_rural_area,0.07545485698198913,10.0,10000
random_seed_2207,2207,lightgbm_weighted,random_internal_test,random_seed_2207_internal,overall_equal_class_mean,feature_trunk_road_flag,0.05937677397054436,13.0,10000
random_seed_2207,2207,lightgbm_weighted,random_internal_test,random_seed_2207_internal,overall_equal_class_mean,feature_speed_limit,0.21491842324868224,1.0,10000
random_seed_2207,2207,lightgbm_weighted,random_internal_test,random_seed_2207_internal,overall_equal_class_mean,feature_month,0.08294464409207201,8.0,10000
random_seed_2207,2207,lightgbm_weighted,random_internal_test,random_seed_2207_internal,overall_equal_class_mean,feature_hour,0.12683651803334628,3.0,10000
random_seed_2207,2207,lightgbm_weighted,random_internal_test,random_seed_2207_internal,Slight,feature_day_of_week,0.04707359642037533,11.0,10000
random_seed_2207,2207,lightgbm_weighted,random_internal_test,random_seed_2207_internal,Slight,feature_first_road_class,0.05328485177501745,9.0,10000
random_seed_2207,2207,lightgbm_weighted,random_internal_test,random_seed_2207_internal,Slight,feature_road_type,0.10239599195010717,2.0,10000
random_seed_2207,2207,lightgbm_weighted,random_internal_test,random_seed_2207_internal,Slight,feature_junction_detail,0.044118964186979893,13.0,10000
random_seed_2207,2207,lightgbm_weighted,random_internal_test,random_seed_2207_internal,Slight,feature_junction_control,0.04610704162839192,12.0,10000
random_seed_2207,2207,lightgbm_weighted,random_internal_test,random_seed_2207_internal,Slight,feature_second_road_class,0.091685855011692,3.0,10000
random_seed_2207,2207,lightgbm_weighted,random_internal_test,random_seed_2207_internal,Slight,feature_pedestrian_crossing,0.04215306345160283,14.0,10000
random_seed_2207,2207,lightgbm_weighted,random_internal_test,random_seed_2207_internal,Slight,feature_light_conditions,0.06407612741738623,7.0,10000
random_seed_2207,2207,lightgbm_weighted,random_internal_test,random_seed_2207_internal,Slight,feature_weather_conditions,0.07166614219586445,6.0,10000
random_seed_2207,2207,lightgbm_weighted,random_internal_test,random_seed_2207_internal,Slight,feature_road_surface_conditions,0.027709132495099247,15.0,10000
random_seed_2207,2207,lightgbm_weighted,random_internal_test,random_seed_2207_internal,Slight,feature_special_conditions_at_site,0.012326726303957664,17.0,10000
random_seed_2207,2207,lightgbm_weighted,random_internal_test,random_seed_2207_internal,Slight,feature_carriageway_hazards,0.015835853502890494,16.0,10000
random_seed_2207,2207,lightgbm_weighted,random_internal_test,random_seed_2207_internal,Slight,feature_urban_or_rural_area,0.08859428906555414,4.0,10000
random_seed_2207,2207,lightgbm_weighted,random_internal_test,random_seed_2207_internal,Slight,feature_trunk_road_flag,0.05900221652983796,8.0,10000
random_seed_2207,2207,lightgbm_weighted,random_internal_test,random_seed_2207_internal,Slight,feature_speed_limit,0.14169196428417316,1.0,10000
random_seed_2207,2207,lightgbm_weighted,random_internal_test,random_seed_2207_internal,Slight,feature_month,0.05316269552744037,10.0,10000
random_seed_2207,2207,lightgbm_weighted,random_internal_test,random_seed_2207_internal,Slight,feature_hour,0.08675558967990199,5.0,10000
random_seed_2207,2207,lightgbm_weighted,random_internal_test,random_seed_2207_internal,Serious,feature_day_of_week,0.0385053251276575,6.0,10000
random_seed_2207,2207,lightgbm_weighted,random_internal_test,random_seed_2207_internal,Serious,feature_first_road_class,0.05767861178418829,3.0,10000
random_seed_2207,2207,lightgbm_weighted,random_internal_test,random_seed_2207_internal,Serious,feature_road_type,0.01907284031678111,11.0,10000
random_seed_2207,2207,lightgbm_weighted,random_internal_test,random_seed_2207_internal,Serious,feature_junction_detail,0.028663544287303295,8.0,10000
random_seed_2207,2207,lightgbm_weighted,random_internal_test,random_seed_2207_internal,Serious,feature_junction_control,0.02962567566570313,7.0,10000
random_seed_2207,2207,lightgbm_weighted,random_internal_test,random_seed_2207_internal,Serious,feature_second_road_class,0.015177855923902748,14.0,10000
random_seed_2207,2207,lightgbm_weighted,random_internal_test,random_seed_2207_internal,Serious,feature_pedestrian_crossing,0.019857418882191717,10.0,10000
random_seed_2207,2207,lightgbm_weighted,random_internal_test,random_seed_2207_internal,Serious,feature_light_conditions,0.021537521471558085,9.0,10000
random_seed_2207,2207,lightgbm_weighted,random_internal_test,random_seed_2207_internal,Serious,feature_weather_conditions,0.015377006195773424,13.0,10000
random_seed_2207,2207,lightgbm_weighted,random_internal_test,random_seed_2207_internal,Serious,feature_road_surface_conditions,0.014836334852977749,15.0,10000
random_seed_2207,2207,lightgbm_weighted,random_internal_test,random_seed_2207_internal,Serious,feature_special_conditions_at_site,0.002903213758240761,17.0,10000
random_seed_2207,2207,lightgbm_weighted,random_internal_test,random_seed_2207_internal,Serious,feature_carriageway_hazards,0.01688070518093571,12.0,10000
random_seed_2207,2207,lightgbm_weighted,random_internal_test,random_seed_2207_internal,Serious,feature_urban_or_rural_area,0.010980614429556026,16.0,10000
random_seed_2207,2207,lightgbm_weighted,random_internal_test,random_seed_2207_internal,Serious,feature_trunk_road_flag,0.04286878234481712,5.0,10000
random_seed_2207,2207,lightgbm_weighted,random_internal_test,random_seed_2207_internal,Serious,feature_speed_limit,0.05216737361570976,4.0,10000
random_seed_2207,2207,lightgbm_weighted,random_internal_test,random_seed_2207_internal,Serious,feature_month,0.060250851633418596,2.0,10000
random_seed_2207,2207,lightgbm_weighted,random_internal_test,random_seed_2207_internal,Serious,feature_hour,0.062078981152225376,1.0,10000
random_seed_2207,2207,lightgbm_weighted,random_internal_test,random_seed_2207_internal,Fatal,feature_day_of_week,0.09491641078098585,12.0,10000
random_seed_2207,2207,lightgbm_weighted,random_internal_test,random_seed_2207_internal,Fatal,feature_first_road_class,0.13092059742942444,9.0,10000
random_seed_2207,2207,lightgbm_weighted,random_internal_test,random_seed_2207_internal,Fatal,feature_road_type,0.2861724724006799,2.0,10000
random_seed_2207,2207,lightgbm_weighted,random_internal_test,random_seed_2207_internal,Fatal,feature_junction_detail,0.12256281898652048,11.0,10000
random_seed_2207,2207,lightgbm_weighted,random_internal_test,random_seed_2207_internal,Fatal,feature_junction_control,0.2447079945705174,5.0,10000
random_seed_2207,2207,lightgbm_weighted,random_internal_test,random_seed_2207_internal,Fatal,feature_second_road_class,0.21874054751035474,7.0,10000
random_seed_2207,2207,lightgbm_weighted,random_internal_test,random_seed_2207_internal,Fatal,feature_pedestrian_crossing,0.28267364346222457,3.0,10000
random_seed_2207,2207,lightgbm_weighted,random_internal_test,random_seed_2207_internal,Fatal,feature_light_conditions,0.05349997084487378,17.0,10000
random_seed_2207,2207,lightgbm_weighted,random_internal_test,random_seed_2207_internal,Fatal,feature_weather_conditions,0.2600367168755778,4.0,10000
random_seed_2207,2207,lightgbm_weighted,random_internal_test,random_seed_2207_internal,Fatal,feature_road_surface_conditions,0.06720296465659018,16.0,10000
random_seed_2207,2207,lightgbm_weighted,random_internal_test,random_seed_2207_internal,Fatal,feature_special_conditions_at_site,0.0791781229525031,14.0,10000
random_seed_2207,2207,lightgbm_weighted,random_internal_test,random_seed_2207_internal,Fatal,feature_carriageway_hazards,0.08834394564368964,13.0,10000
random_seed_2207,2207,lightgbm_weighted,random_internal_test,random_seed_2207_internal,Fatal,feature_urban_or_rural_area,0.12678966745085724,10.0,10000
random_seed_2207,2207,lightgbm_weighted,random_internal_test,random_seed_2207_internal,Fatal,feature_trunk_road_flag,0.07625932303697801,15.0,10000
random_seed_2207,2207,lightgbm_weighted,random_internal_test,random_seed_2207_internal,Fatal,feature_speed_limit,0.4508959318461638,1.0,10000
random_seed_2207,2207,lightgbm_weighted,random_internal_test,random_seed_2207_internal,Fatal,feature_month,0.1354203851153571,8.0,10000
random_seed_2207,2207,lightgbm_weighted,random_internal_test,random_seed_2207_internal,Fatal,feature_hour,0.23167498326791147,6.0,10000
random_seed_2207,2207,lightgbm_weighted,future_2024,future_2024,overall_equal_class_mean,feature_day_of_week,0.0638188257633791,13.0,10000
random_seed_2207,2207,lightgbm_weighted,future_2024,future_2024,overall_equal_class_mean,feature_first_road_class,0.07733059849840716,12.0,10000
random_seed_2207,2207,lightgbm_weighted,future_2024,future_2024,overall_equal_class_mean,feature_road_type,0.13304670476771774,4.0,10000
random_seed_2207,2207,lightgbm_weighted,future_2024,future_2024,overall_equal_class_mean,feature_junction_detail,0.12192814426784664,5.0,10000
random_seed_2207,2207,lightgbm_weighted,future_2024,future_2024,overall_equal_class_mean,feature_junction_control,0.10084826099294397,9.0,10000
random_seed_2207,2207,lightgbm_weighted,future_2024,future_2024,overall_equal_class_mean,feature_second_road_class,0.11390523234062644,6.0,10000
random_seed_2207,2207,lightgbm_weighted,future_2024,future_2024,overall_equal_class_mean,feature_pedestrian_crossing,0.10961302597635791,8.0,10000
random_seed_2207,2207,lightgbm_weighted,future_2024,future_2024,overall_equal_class_mean,feature_light_conditions,0.04529729767257153,15.0,10000
random_seed_2207,2207,lightgbm_weighted,future_2024,future_2024,overall_equal_class_mean,feature_weather_conditions,0.1131779950343823,7.0,10000
random_seed_2207,2207,lightgbm_weighted,future_2024,future_2024,overall_equal_class_mean,feature_road_surface_conditions,0.04203987733584005,16.0,10000
random_seed_2207,2207,lightgbm_weighted,future_2024,future_2024,overall_equal_class_mean,feature_special_conditions_at_site,0.3030405854604518,1.0,10000
random_seed_2207,2207,lightgbm_weighted,future_2024,future_2024,overall_equal_class_mean,feature_carriageway_hazards,0.04182363875359196,17.0,10000
random_seed_2207,2207,lightgbm_weighted,future_2024,future_2024,overall_equal_class_mean,feature_urban_or_rural_area,0.0828367248375088,11.0,10000
random_seed_2207,2207,lightgbm_weighted,future_2024,future_2024,overall_equal_class_mean,feature_trunk_road_flag,0.062337239559611096,14.0,10000
random_seed_2207,2207,lightgbm_weighted,future_2024,future_2024,overall_equal_class_mean,feature_speed_limit,0.24456344550415476,2.0,10000
random_seed_2207,2207,lightgbm_weighted,future_2024,future_2024,overall_equal_class_mean,feature_month,0.09071277761697372,10.0,10000
random_seed_2207,2207,lightgbm_weighted,future_2024,future_2024,overall_equal_class_mean,feature_hour,0.13709363743503158,3.0,10000
random_seed_2207,2207,lightgbm_weighted,future_2024,future_2024,Slight,feature_day_of_week,0.048995087568642993,13.0,10000
random_seed_2207,2207,lightgbm_weighted,future_2024,future_2024,Slight,feature_first_road_class,0.04789892171447866,14.0,10000
random_seed_2207,2207,lightgbm_weighted,future_2024,future_2024,Slight,feature_road_type,0.09176225475992422,5.0,10000
random_seed_2207,2207,lightgbm_weighted,future_2024,future_2024,Slight,feature_junction_detail,0.07467121089081498,7.0,10000
random_seed_2207,2207,lightgbm_weighted,future_2024,future_2024,Slight,feature_junction_control,0.037950367632349276,16.0,10000
random_seed_2207,2207,lightgbm_weighted,future_2024,future_2024,Slight,feature_second_road_class,0.08776802415802076,6.0,10000
random_seed_2207,2207,lightgbm_weighted,future_2024,future_2024,Slight,feature_pedestrian_crossing,0.05061638674426605,12.0,10000
random_seed_2207,2207,lightgbm_weighted,future_2024,future_2024,Slight,feature_light_conditions,0.06170982367797888,9.0,10000
random_seed_2207,2207,lightgbm_weighted,future_2024,future_2024,Slight,feature_weather_conditions,0.061023417295990916,10.0,10000
random_seed_2207,2207,lightgbm_weighted,future_2024,future_2024,Slight,feature_road_surface_conditions,0.03986710958741749,15.0,10000
random_seed_2207,2207,lightgbm_weighted,future_2024,future_2024,Slight,feature_special_conditions_at_site,0.25529577898435335,1.0,10000
random_seed_2207,2207,lightgbm_weighted,future_2024,future_2024,Slight,feature_carriageway_hazards,0.014880931637541466,17.0,10000
random_seed_2207,2207,lightgbm_weighted,future_2024,future_2024,Slight,feature_urban_or_rural_area,0.10168141404851813,3.0,10000
random_seed_2207,2207,lightgbm_weighted,future_2024,future_2024,Slight,feature_trunk_road_flag,0.06532486873654654,8.0,10000
random_seed_2207,2207,lightgbm_weighted,future_2024,future_2024,Slight,feature_speed_limit,0.14620807058289287,2.0,10000
random_seed_2207,2207,lightgbm_weighted,future_2024,future_2024,Slight,feature_month,0.057512113458236536,11.0,10000
random_seed_2207,2207,lightgbm_weighted,future_2024,future_2024,Slight,feature_hour,0.09577142701480787,4.0,10000
random_seed_2207,2207,lightgbm_weighted,future_2024,future_2024,Serious,feature_day_of_week,0.03843049215596305,7.0,10000
random_seed_2207,2207,lightgbm_weighted,future_2024,future_2024,Serious,feature_first_road_class,0.05554937254746877,3.0,10000
random_seed_2207,2207,lightgbm_weighted,future_2024,future_2024,Serious,feature_road_type,0.02277661912539261,9.0,10000
random_seed_2207,2207,lightgbm_weighted,future_2024,future_2024,Serious,feature_junction_detail,0.04348401785566889,5.0,10000
random_seed_2207,2207,lightgbm_weighted,future_2024,future_2024,Serious,feature_junction_control,0.030435017905478236,8.0,10000
random_seed_2207,2207,lightgbm_weighted,future_2024,future_2024,Serious,feature_second_road_class,0.022291558814463854,10.0,10000
random_seed_2207,2207,lightgbm_weighted,future_2024,future_2024,Serious,feature_pedestrian_crossing,0.02028189339891104,12.0,10000
random_seed_2207,2207,lightgbm_weighted,future_2024,future_2024,Serious,feature_light_conditions,0.021635910529691445,11.0,10000
random_seed_2207,2207,lightgbm_weighted,future_2024,future_2024,Serious,feature_weather_conditions,0.014883866048216817,15.0,10000
random_seed_2207,2207,lightgbm_weighted,future_2024,future_2024,Serious,feature_road_surface_conditions,0.015091605499281175,14.0,10000
random_seed_2207,2207,lightgbm_weighted,future_2024,future_2024,Serious,feature_special_conditions_at_site,0.01454564465462659,16.0,10000
random_seed_2207,2207,lightgbm_weighted,future_2024,future_2024,Serious,feature_carriageway_hazards,0.018401383590545915,13.0,10000
random_seed_2207,2207,lightgbm_weighted,future_2024,future_2024,Serious,feature_urban_or_rural_area,0.010773696408424094,17.0,10000
random_seed_2207,2207,lightgbm_weighted,future_2024,future_2024,Serious,feature_trunk_road_flag,0.03997541393442211,6.0,10000
random_seed_2207,2207,lightgbm_weighted,future_2024,future_2024,Serious,feature_speed_limit,0.04759334309649462,4.0,10000
random_seed_2207,2207,lightgbm_weighted,future_2024,future_2024,Serious,feature_month,0.06094316601806932,2.0,10000
random_seed_2207,2207,lightgbm_weighted,future_2024,future_2024,Serious,feature_hour,0.06365583148662829,1.0,10000
random_seed_2207,2207,lightgbm_weighted,future_2024,future_2024,Fatal,feature_day_of_week,0.10403089756553127,13.0,10000
random_seed_2207,2207,lightgbm_weighted,future_2024,future_2024,Fatal,feature_first_road_class,0.12854350123327407,12.0,10000
random_seed_2207,2207,lightgbm_weighted,future_2024,future_2024,Fatal,feature_road_type,0.28460124041783635,3.0,10000
random_seed_2207,2207,lightgbm_weighted,future_2024,future_2024,Fatal,feature_junction_detail,0.247629204057056,7.0,10000
random_seed_2207,2207,lightgbm_weighted,future_2024,future_2024,Fatal,feature_junction_control,0.23415939744100442,8.0,10000
random_seed_2207,2207,lightgbm_weighted,future_2024,future_2024,Fatal,feature_second_road_class,0.23165611404939468,9.0,10000
random_seed_2207,2207,lightgbm_weighted,future_2024,future_2024,Fatal,feature_pedestrian_crossing,0.2579407977858966,5.0,10000
random_seed_2207,2207,lightgbm_weighted,future_2024,future_2024,Fatal,feature_light_conditions,0.05254615881004426,17.0,10000
random_seed_2207,2207,lightgbm_weighted,future_2024,future_2024,Fatal,feature_weather_conditions,0.2636267017589392,4.0,10000
random_seed_2207,2207,lightgbm_weighted,future_2024,future_2024,Fatal,feature_road_surface_conditions,0.07116091692082147,16.0,10000
random_seed_2207,2207,lightgbm_weighted,future_2024,future_2024,Fatal,feature_special_conditions_at_site,0.6392803327423755,1.0,10000
random_seed_2207,2207,lightgbm_weighted,future_2024,future_2024,Fatal,feature_carriageway_hazards,0.0921886010326885,14.0,10000
random_seed_2207,2207,lightgbm_weighted,future_2024,future_2024,Fatal,feature_urban_or_rural_area,0.13605506405558415,11.0,10000
random_seed_2207,2207,lightgbm_weighted,future_2024,future_2024,Fatal,feature_trunk_road_flag,0.08171143600786464,15.0,10000
random_seed_2207,2207,lightgbm_weighted,future_2024,future_2024,Fatal,feature_speed_limit,0.5398889228330768,2.0,10000
random_seed_2207,2207,lightgbm_weighted,future_2024,future_2024,Fatal,feature_month,0.1536830533746153,10.0,10000
random_seed_2207,2207,lightgbm_weighted,future_2024,future_2024,Fatal,feature_hour,0.2518536538036586,6.0,10000
random_seed_3301,3301,lightgbm_weighted,random_internal_test,random_seed_3301_internal,overall_equal_class_mean,feature_day_of_week,0.0633962784556469,11.0,10000
random_seed_3301,3301,lightgbm_weighted,random_internal_test,random_seed_3301_internal,overall_equal_class_mean,feature_first_road_class,0.08645098273381045,8.0,10000
random_seed_3301,3301,lightgbm_weighted,random_internal_test,random_seed_3301_internal,overall_equal_class_mean,feature_road_type,0.1399135839868739,2.0,10000
random_seed_3301,3301,lightgbm_weighted,random_internal_test,random_seed_3301_internal,overall_equal_class_mean,feature_junction_detail,0.08347227151900134,10.0,10000
random_seed_3301,3301,lightgbm_weighted,random_internal_test,random_seed_3301_internal,overall_equal_class_mean,feature_junction_control,0.09949210026614537,7.0,10000
random_seed_3301,3301,lightgbm_weighted,random_internal_test,random_seed_3301_internal,overall_equal_class_mean,feature_second_road_class,0.1362652666863636,3.0,10000
random_seed_3301,3301,lightgbm_weighted,random_internal_test,random_seed_3301_internal,overall_equal_class_mean,feature_pedestrian_crossing,0.12399006367342992,6.0,10000
random_seed_3301,3301,lightgbm_weighted,random_internal_test,random_seed_3301_internal,overall_equal_class_mean,feature_light_conditions,0.040074916626828945,15.0,10000
random_seed_3301,3301,lightgbm_weighted,random_internal_test,random_seed_3301_internal,overall_equal_class_mean,feature_weather_conditions,0.1306072339266383,4.0,10000
random_seed_3301,3301,lightgbm_weighted,random_internal_test,random_seed_3301_internal,overall_equal_class_mean,feature_road_surface_conditions,0.035228844124089324,16.0,10000
random_seed_3301,3301,lightgbm_weighted,random_internal_test,random_seed_3301_internal,overall_equal_class_mean,feature_special_conditions_at_site,0.028475672887348622,17.0,10000
random_seed_3301,3301,lightgbm_weighted,random_internal_test,random_seed_3301_internal,overall_equal_class_mean,feature_carriageway_hazards,0.042265102321174274,14.0,10000
random_seed_3301,3301,lightgbm_weighted,random_internal_test,random_seed_3301_internal,overall_equal_class_mean,feature_urban_or_rural_area,0.06157303647847586,12.0,10000
random_seed_3301,3301,lightgbm_weighted,random_internal_test,random_seed_3301_internal,overall_equal_class_mean,feature_trunk_road_flag,0.042758892751881654,13.0,10000
random_seed_3301,3301,lightgbm_weighted,random_internal_test,random_seed_3301_internal,overall_equal_class_mean,feature_speed_limit,0.19632509706626391,1.0,10000
random_seed_3301,3301,lightgbm_weighted,random_internal_test,random_seed_3301_internal,overall_equal_class_mean,feature_month,0.08453954266992918,9.0,10000
random_seed_3301,3301,lightgbm_weighted,random_internal_test,random_seed_3301_internal,overall_equal_class_mean,feature_hour,0.12976995907626998,5.0,10000
random_seed_3301,3301,lightgbm_weighted,random_internal_test,random_seed_3301_internal,Slight,feature_day_of_week,0.043598691468349986,13.0,10000
random_seed_3301,3301,lightgbm_weighted,random_internal_test,random_seed_3301_internal,Slight,feature_first_road_class,0.06028771141633895,7.0,10000
random_seed_3301,3301,lightgbm_weighted,random_internal_test,random_seed_3301_internal,Slight,feature_road_type,0.10963619174597937,2.0,10000
random_seed_3301,3301,lightgbm_weighted,random_internal_test,random_seed_3301_internal,Slight,feature_junction_detail,0.048873795297744854,11.0,10000
random_seed_3301,3301,lightgbm_weighted,random_internal_test,random_seed_3301_internal,Slight,feature_junction_control,0.05857339090787291,8.0,10000
random_seed_3301,3301,lightgbm_weighted,random_internal_test,random_seed_3301_internal,Slight,feature_second_road_class,0.10277778687875352,3.0,10000
random_seed_3301,3301,lightgbm_weighted,random_internal_test,random_seed_3301_internal,Slight,feature_pedestrian_crossing,0.04275647998915254,14.0,10000
random_seed_3301,3301,lightgbm_weighted,random_internal_test,random_seed_3301_internal,Slight,feature_light_conditions,0.05267519778769815,10.0,10000
random_seed_3301,3301,lightgbm_weighted,random_internal_test,random_seed_3301_internal,Slight,feature_weather_conditions,0.07470727846109751,6.0,10000
random_seed_3301,3301,lightgbm_weighted,random_internal_test,random_seed_3301_internal,Slight,feature_road_surface_conditions,0.02707410823055375,15.0,10000
random_seed_3301,3301,lightgbm_weighted,random_internal_test,random_seed_3301_internal,Slight,feature_special_conditions_at_site,0.014765780044814667,17.0,10000
random_seed_3301,3301,lightgbm_weighted,random_internal_test,random_seed_3301_internal,Slight,feature_carriageway_hazards,0.021919044763108155,16.0,10000
random_seed_3301,3301,lightgbm_weighted,random_internal_test,random_seed_3301_internal,Slight,feature_urban_or_rural_area,0.07511616654287451,5.0,10000
random_seed_3301,3301,lightgbm_weighted,random_internal_test,random_seed_3301_internal,Slight,feature_trunk_road_flag,0.04820988309800051,12.0,10000
random_seed_3301,3301,lightgbm_weighted,random_internal_test,random_seed_3301_internal,Slight,feature_speed_limit,0.15157228661262934,1.0,10000
random_seed_3301,3301,lightgbm_weighted,random_internal_test,random_seed_3301_internal,Slight,feature_month,0.05619196624883283,9.0,10000
random_seed_3301,3301,lightgbm_weighted,random_internal_test,random_seed_3301_internal,Slight,feature_hour,0.08245883343887567,4.0,10000
random_seed_3301,3301,lightgbm_weighted,random_internal_test,random_seed_3301_internal,Serious,feature_day_of_week,0.039618942074571444,5.0,10000
random_seed_3301,3301,lightgbm_weighted,random_internal_test,random_seed_3301_internal,Serious,feature_first_road_class,0.05870899827708574,2.0,10000
random_seed_3301,3301,lightgbm_weighted,random_internal_test,random_seed_3301_internal,Serious,feature_road_type,0.018054041504566742,13.0,10000
random_seed_3301,3301,lightgbm_weighted,random_internal_test,random_seed_3301_internal,Serious,feature_junction_detail,0.03158146445690504,6.0,10000
random_seed_3301,3301,lightgbm_weighted,random_internal_test,random_seed_3301_internal,Serious,feature_junction_control,0.01972209470448391,11.0,10000
random_seed_3301,3301,lightgbm_weighted,random_internal_test,random_seed_3301_internal,Serious,feature_second_road_class,0.016710327999383524,14.0,10000
random_seed_3301,3301,lightgbm_weighted,random_internal_test,random_seed_3301_internal,Serious,feature_pedestrian_crossing,0.0191001777680082,12.0,10000
random_seed_3301,3301,lightgbm_weighted,random_internal_test,random_seed_3301_internal,Serious,feature_light_conditions,0.024056006198220476,8.0,10000
random_seed_3301,3301,lightgbm_weighted,random_internal_test,random_seed_3301_internal,Serious,feature_weather_conditions,0.020096276518324584,10.0,10000
random_seed_3301,3301,lightgbm_weighted,random_internal_test,random_seed_3301_internal,Serious,feature_road_surface_conditions,0.011713088311667404,15.0,10000
random_seed_3301,3301,lightgbm_weighted,random_internal_test,random_seed_3301_internal,Serious,feature_special_conditions_at_site,0.002682250554772563,17.0,10000
random_seed_3301,3301,lightgbm_weighted,random_internal_test,random_seed_3301_internal,Serious,feature_carriageway_hazards,0.02183672934774031,9.0,10000
random_seed_3301,3301,lightgbm_weighted,random_internal_test,random_seed_3301_internal,Serious,feature_urban_or_rural_area,0.009288537654925069,16.0,10000
random_seed_3301,3301,lightgbm_weighted,random_internal_test,random_seed_3301_internal,Serious,feature_trunk_road_flag,0.028771488832887673,7.0,10000
random_seed_3301,3301,lightgbm_weighted,random_internal_test,random_seed_3301_internal,Serious,feature_speed_limit,0.05647010423613854,4.0,10000
random_seed_3301,3301,lightgbm_weighted,random_internal_test,random_seed_3301_internal,Serious,feature_month,0.05752931794904588,3.0,10000
random_seed_3301,3301,lightgbm_weighted,random_internal_test,random_seed_3301_internal,Serious,feature_hour,0.06310408184856867,1.0,10000
random_seed_3301,3301,lightgbm_weighted,random_internal_test,random_seed_3301_internal,Fatal,feature_day_of_week,0.10697120182401924,11.0,10000
random_seed_3301,3301,lightgbm_weighted,random_internal_test,random_seed_3301_internal,Fatal,feature_first_road_class,0.14035623850800666,9.0,10000
random_seed_3301,3301,lightgbm_weighted,random_internal_test,random_seed_3301_internal,Fatal,feature_road_type,0.2920505187100756,4.0,10000
random_seed_3301,3301,lightgbm_weighted,random_internal_test,random_seed_3301_internal,Fatal,feature_junction_detail,0.16996155480235417,8.0,10000
random_seed_3301,3301,lightgbm_weighted,random_internal_test,random_seed_3301_internal,Fatal,feature_junction_control,0.2201808151860793,7.0,10000
random_seed_3301,3301,lightgbm_weighted,random_internal_test,random_seed_3301_internal,Fatal,feature_second_road_class,0.2893076851809538,5.0,10000
random_seed_3301,3301,lightgbm_weighted,random_internal_test,random_seed_3301_internal,Fatal,feature_pedestrian_crossing,0.310113533263129,2.0,10000
random_seed_3301,3301,lightgbm_weighted,random_internal_test,random_seed_3301_internal,Fatal,feature_light_conditions,0.04349354589456821,17.0,10000
random_seed_3301,3301,lightgbm_weighted,random_internal_test,random_seed_3301_internal,Fatal,feature_weather_conditions,0.2970181468004928,3.0,10000
random_seed_3301,3301,lightgbm_weighted,random_internal_test,random_seed_3301_internal,Fatal,feature_road_surface_conditions,0.06689933583004681,15.0,10000
random_seed_3301,3301,lightgbm_weighted,random_internal_test,random_seed_3301_internal,Fatal,feature_special_conditions_at_site,0.06797898806245864,14.0,10000
random_seed_3301,3301,lightgbm_weighted,random_internal_test,random_seed_3301_internal,Fatal,feature_carriageway_hazards,0.08303953285267435,13.0,10000
random_seed_3301,3301,lightgbm_weighted,random_internal_test,random_seed_3301_internal,Fatal,feature_urban_or_rural_area,0.10031440523762798,12.0,10000
random_seed_3301,3301,lightgbm_weighted,random_internal_test,random_seed_3301_internal,Fatal,feature_trunk_road_flag,0.05129530632475677,16.0,10000
random_seed_3301,3301,lightgbm_weighted,random_internal_test,random_seed_3301_internal,Fatal,feature_speed_limit,0.3809329003500239,1.0,10000
random_seed_3301,3301,lightgbm_weighted,random_internal_test,random_seed_3301_internal,Fatal,feature_month,0.1398973438119088,10.0,10000
random_seed_3301,3301,lightgbm_weighted,random_internal_test,random_seed_3301_internal,Fatal,feature_hour,0.24374696194136564,6.0,10000
random_seed_3301,3301,lightgbm_weighted,future_2024,future_2024,overall_equal_class_mean,feature_day_of_week,0.06496691951537543,13.0,10000
random_seed_3301,3301,lightgbm_weighted,future_2024,future_2024,overall_equal_class_mean,feature_first_road_class,0.08207444126883656,11.0,10000
random_seed_3301,3301,lightgbm_weighted,future_2024,future_2024,overall_equal_class_mean,feature_road_type,0.1314012072543381,6.0,10000
random_seed_3301,3301,lightgbm_weighted,future_2024,future_2024,overall_equal_class_mean,feature_junction_detail,0.1502171644909369,4.0,10000
random_seed_3301,3301,lightgbm_weighted,future_2024,future_2024,overall_equal_class_mean,feature_junction_control,0.09758953200585153,9.0,10000
random_seed_3301,3301,lightgbm_weighted,future_2024,future_2024,overall_equal_class_mean,feature_second_road_class,0.17277065629366214,3.0,10000
random_seed_3301,3301,lightgbm_weighted,future_2024,future_2024,overall_equal_class_mean,feature_pedestrian_crossing,0.12079225780485485,8.0,10000
random_seed_3301,3301,lightgbm_weighted,future_2024,future_2024,overall_equal_class_mean,feature_light_conditions,0.042404973434098416,15.0,10000
random_seed_3301,3301,lightgbm_weighted,future_2024,future_2024,overall_equal_class_mean,feature_weather_conditions,0.12913422880740733,7.0,10000
random_seed_3301,3301,lightgbm_weighted,future_2024,future_2024,overall_equal_class_mean,feature_road_surface_conditions,0.03591168064139932,17.0,10000
random_seed_3301,3301,lightgbm_weighted,future_2024,future_2024,overall_equal_class_mean,feature_special_conditions_at_site,0.26626257113137203,1.0,10000
random_seed_3301,3301,lightgbm_weighted,future_2024,future_2024,overall_equal_class_mean,feature_carriageway_hazards,0.04268141830755066,14.0,10000
random_seed_3301,3301,lightgbm_weighted,future_2024,future_2024,overall_equal_class_mean,feature_urban_or_rural_area,0.06870800315737513,12.0,10000
random_seed_3301,3301,lightgbm_weighted,future_2024,future_2024,overall_equal_class_mean,feature_trunk_road_flag,0.04180178050664062,16.0,10000
random_seed_3301,3301,lightgbm_weighted,future_2024,future_2024,overall_equal_class_mean,feature_speed_limit,0.21508366872781903,2.0,10000
random_seed_3301,3301,lightgbm_weighted,future_2024,future_2024,overall_equal_class_mean,feature_month,0.0888655207702838,10.0,10000
random_seed_3301,3301,lightgbm_weighted,future_2024,future_2024,overall_equal_class_mean,feature_hour,0.13836787872617004,5.0,10000
random_seed_3301,3301,lightgbm_weighted,future_2024,future_2024,Slight,feature_day_of_week,0.041285073026694104,15.0,10000
random_seed_3301,3301,lightgbm_weighted,future_2024,future_2024,Slight,feature_first_road_class,0.05019758152728154,13.0,10000
random_seed_3301,3301,lightgbm_weighted,future_2024,future_2024,Slight,feature_road_type,0.09496445453621613,4.0,10000
random_seed_3301,3301,lightgbm_weighted,future_2024,future_2024,Slight,feature_junction_detail,0.08435601882257053,7.0,10000
random_seed_3301,3301,lightgbm_weighted,future_2024,future_2024,Slight,feature_junction_control,0.04758211808848004,14.0,10000
random_seed_3301,3301,lightgbm_weighted,future_2024,future_2024,Slight,feature_second_road_class,0.11590688686031958,3.0,10000
random_seed_3301,3301,lightgbm_weighted,future_2024,future_2024,Slight,feature_pedestrian_crossing,0.06023334232915298,8.0,10000
random_seed_3301,3301,lightgbm_weighted,future_2024,future_2024,Slight,feature_light_conditions,0.05738861886361119,11.0,10000
random_seed_3301,3301,lightgbm_weighted,future_2024,future_2024,Slight,feature_weather_conditions,0.058558893526098936,9.0,10000
random_seed_3301,3301,lightgbm_weighted,future_2024,future_2024,Slight,feature_road_surface_conditions,0.02518552944840059,16.0,10000
random_seed_3301,3301,lightgbm_weighted,future_2024,future_2024,Slight,feature_special_conditions_at_site,0.32923458639565784,1.0,10000
random_seed_3301,3301,lightgbm_weighted,future_2024,future_2024,Slight,feature_carriageway_hazards,0.018384213375165062,17.0,10000
random_seed_3301,3301,lightgbm_weighted,future_2024,future_2024,Slight,feature_urban_or_rural_area,0.08776064868746963,6.0,10000
random_seed_3301,3301,lightgbm_weighted,future_2024,future_2024,Slight,feature_trunk_road_flag,0.05035248875080791,12.0,10000
random_seed_3301,3301,lightgbm_weighted,future_2024,future_2024,Slight,feature_speed_limit,0.1524176086032815,2.0,10000
random_seed_3301,3301,lightgbm_weighted,future_2024,future_2024,Slight,feature_month,0.05769774701482573,10.0,10000
random_seed_3301,3301,lightgbm_weighted,future_2024,future_2024,Slight,feature_hour,0.09282733743876774,5.0,10000
random_seed_3301,3301,lightgbm_weighted,future_2024,future_2024,Serious,feature_day_of_week,0.03947972141061766,6.0,10000
random_seed_3301,3301,lightgbm_weighted,future_2024,future_2024,Serious,feature_first_road_class,0.0600272056267189,2.0,10000
random_seed_3301,3301,lightgbm_weighted,future_2024,future_2024,Serious,feature_road_type,0.017435660170363878,15.0,10000
random_seed_3301,3301,lightgbm_weighted,future_2024,future_2024,Serious,feature_junction_detail,0.04457573666686248,5.0,10000
random_seed_3301,3301,lightgbm_weighted,future_2024,future_2024,Serious,feature_junction_control,0.024059861640914004,11.0,10000
random_seed_3301,3301,lightgbm_weighted,future_2024,future_2024,Serious,feature_second_road_class,0.024998361262855765,9.0,10000
random_seed_3301,3301,lightgbm_weighted,future_2024,future_2024,Serious,feature_pedestrian_crossing,0.019249704894837787,14.0,10000
random_seed_3301,3301,lightgbm_weighted,future_2024,future_2024,Serious,feature_light_conditions,0.024855926759729054,10.0,10000
random_seed_3301,3301,lightgbm_weighted,future_2024,future_2024,Serious,feature_weather_conditions,0.02001447636428615,13.0,10000
random_seed_3301,3301,lightgbm_weighted,future_2024,future_2024,Serious,feature_road_surface_conditions,0.011998176243415669,16.0,10000
random_seed_3301,3301,lightgbm_weighted,future_2024,future_2024,Serious,feature_special_conditions_at_site,0.026096140571861253,8.0,10000
random_seed_3301,3301,lightgbm_weighted,future_2024,future_2024,Serious,feature_carriageway_hazards,0.0220429284222842,12.0,10000
random_seed_3301,3301,lightgbm_weighted,future_2024,future_2024,Serious,feature_urban_or_rural_area,0.00952971042592654,17.0,10000
random_seed_3301,3301,lightgbm_weighted,future_2024,future_2024,Serious,feature_trunk_road_flag,0.02744371163135447,7.0,10000
random_seed_3301,3301,lightgbm_weighted,future_2024,future_2024,Serious,feature_speed_limit,0.051670462142651044,4.0,10000
random_seed_3301,3301,lightgbm_weighted,future_2024,future_2024,Serious,feature_month,0.05913421352379707,3.0,10000
random_seed_3301,3301,lightgbm_weighted,future_2024,future_2024,Serious,feature_hour,0.06526118058347032,1.0,10000
random_seed_3301,3301,lightgbm_weighted,future_2024,future_2024,Fatal,feature_day_of_week,0.11413596410881455,12.0,10000
random_seed_3301,3301,lightgbm_weighted,future_2024,future_2024,Fatal,feature_first_road_class,0.13599853665250924,11.0,10000
random_seed_3301,3301,lightgbm_weighted,future_2024,future_2024,Fatal,feature_road_type,0.28180350705643425,7.0,10000
random_seed_3301,3301,lightgbm_weighted,future_2024,future_2024,Fatal,feature_junction_detail,0.3217197379833776,4.0,10000
random_seed_3301,3301,lightgbm_weighted,future_2024,future_2024,Fatal,feature_junction_control,0.22112661628816058,9.0,10000
random_seed_3301,3301,lightgbm_weighted,future_2024,future_2024,Fatal,feature_second_road_class,0.37740672075781106,3.0,10000
random_seed_3301,3301,lightgbm_weighted,future_2024,future_2024,Fatal,feature_pedestrian_crossing,0.28289372619057374,6.0,10000
random_seed_3301,3301,lightgbm_weighted,future_2024,future_2024,Fatal,feature_light_conditions,0.044970374678955,17.0,10000
random_seed_3301,3301,lightgbm_weighted,future_2024,future_2024,Fatal,feature_weather_conditions,0.3088293165318369,5.0,10000
random_seed_3301,3301,lightgbm_weighted,future_2024,future_2024,Fatal,feature_road_surface_conditions,0.0705513362323817,15.0,10000
random_seed_3301,3301,lightgbm_weighted,future_2024,future_2024,Fatal,feature_special_conditions_at_site,0.4434569864265969,1.0,10000
random_seed_3301,3301,lightgbm_weighted,future_2024,future_2024,Fatal,feature_carriageway_hazards,0.0876171131252027,14.0,10000
random_seed_3301,3301,lightgbm_weighted,future_2024,future_2024,Fatal,feature_urban_or_rural_area,0.1088336503587292,13.0,10000
random_seed_3301,3301,lightgbm_weighted,future_2024,future_2024,Fatal,feature_trunk_road_flag,0.04760914113775948,16.0,10000
random_seed_3301,3301,lightgbm_weighted,future_2024,future_2024,Fatal,feature_speed_limit,0.44116293543752455,2.0,10000
random_seed_3301,3301,lightgbm_weighted,future_2024,future_2024,Fatal,feature_month,0.14976460177222858,10.0,10000
random_seed_3301,3301,lightgbm_weighted,future_2024,future_2024,Fatal,feature_hour,0.25701511815627204,8.0,10000
random_seed_4409,4409,lightgbm_weighted,random_internal_test,random_seed_4409_internal,overall_equal_class_mean,feature_day_of_week,0.06470368856255695,12.0,10000
random_seed_4409,4409,lightgbm_weighted,random_internal_test,random_seed_4409_internal,overall_equal_class_mean,feature_first_road_class,0.06988480882181418,9.0,10000
random_seed_4409,4409,lightgbm_weighted,random_internal_test,random_seed_4409_internal,overall_equal_class_mean,feature_road_type,0.1300553005098424,5.0,10000
random_seed_4409,4409,lightgbm_weighted,random_internal_test,random_seed_4409_internal,overall_equal_class_mean,feature_junction_detail,0.06487696242487934,11.0,10000
random_seed_4409,4409,lightgbm_weighted,random_internal_test,random_seed_4409_internal,overall_equal_class_mean,feature_junction_control,0.11775954897145803,7.0,10000
random_seed_4409,4409,lightgbm_weighted,random_internal_test,random_seed_4409_internal,overall_equal_class_mean,feature_second_road_class,0.13181646849016918,4.0,10000
random_seed_4409,4409,lightgbm_weighted,random_internal_test,random_seed_4409_internal,overall_equal_class_mean,feature_pedestrian_crossing,0.1407244935424412,2.0,10000
random_seed_4409,4409,lightgbm_weighted,random_internal_test,random_seed_4409_internal,overall_equal_class_mean,feature_light_conditions,0.047148632255828056,14.0,10000
random_seed_4409,4409,lightgbm_weighted,random_internal_test,random_seed_4409_internal,overall_equal_class_mean,feature_weather_conditions,0.1261679426076743,6.0,10000
random_seed_4409,4409,lightgbm_weighted,random_internal_test,random_seed_4409_internal,overall_equal_class_mean,feature_road_surface_conditions,0.03815273164992903,15.0,10000
random_seed_4409,4409,lightgbm_weighted,random_internal_test,random_seed_4409_internal,overall_equal_class_mean,feature_special_conditions_at_site,0.027095869455578264,17.0,10000
random_seed_4409,4409,lightgbm_weighted,random_internal_test,random_seed_4409_internal,overall_equal_class_mean,feature_carriageway_hazards,0.03657005441668787,16.0,10000
random_seed_4409,4409,lightgbm_weighted,random_internal_test,random_seed_4409_internal,overall_equal_class_mean,feature_urban_or_rural_area,0.0688082797369667,10.0,10000
random_seed_4409,4409,lightgbm_weighted,random_internal_test,random_seed_4409_internal,overall_equal_class_mean,feature_trunk_road_flag,0.048121337896418426,13.0,10000
random_seed_4409,4409,lightgbm_weighted,random_internal_test,random_seed_4409_internal,overall_equal_class_mean,feature_speed_limit,0.19633253067246995,1.0,10000
random_seed_4409,4409,lightgbm_weighted,random_internal_test,random_seed_4409_internal,overall_equal_class_mean,feature_month,0.08180492562471271,8.0,10000
random_seed_4409,4409,lightgbm_weighted,random_internal_test,random_seed_4409_internal,overall_equal_class_mean,feature_hour,0.13190361630323574,3.0,10000
random_seed_4409,4409,lightgbm_weighted,random_internal_test,random_seed_4409_internal,Slight,feature_day_of_week,0.044925845136298145,12.0,10000
random_seed_4409,4409,lightgbm_weighted,random_internal_test,random_seed_4409_internal,Slight,feature_first_road_class,0.05005498481891355,10.0,10000
random_seed_4409,4409,lightgbm_weighted,random_internal_test,random_seed_4409_internal,Slight,feature_road_type,0.09599890181602423,3.0,10000
random_seed_4409,4409,lightgbm_weighted,random_internal_test,random_seed_4409_internal,Slight,feature_junction_detail,0.04866103291575953,11.0,10000
random_seed_4409,4409,lightgbm_weighted,random_internal_test,random_seed_4409_internal,Slight,feature_junction_control,0.04419195647499081,13.0,10000
random_seed_4409,4409,lightgbm_weighted,random_internal_test,random_seed_4409_internal,Slight,feature_second_road_class,0.10411564650385763,2.0,10000
random_seed_4409,4409,lightgbm_weighted,random_internal_test,random_seed_4409_internal,Slight,feature_pedestrian_crossing,0.04145076911857362,14.0,10000
random_seed_4409,4409,lightgbm_weighted,random_internal_test,random_seed_4409_internal,Slight,feature_light_conditions,0.05717828932028399,7.0,10000
random_seed_4409,4409,lightgbm_weighted,random_internal_test,random_seed_4409_internal,Slight,feature_weather_conditions,0.07604567951565927,6.0,10000
random_seed_4409,4409,lightgbm_weighted,random_internal_test,random_seed_4409_internal,Slight,feature_road_surface_conditions,0.026612654526942885,15.0,10000
random_seed_4409,4409,lightgbm_weighted,random_internal_test,random_seed_4409_internal,Slight,feature_special_conditions_at_site,0.016308344062081672,17.0,10000
random_seed_4409,4409,lightgbm_weighted,random_internal_test,random_seed_4409_internal,Slight,feature_carriageway_hazards,0.017417702770055457,16.0,10000
random_seed_4409,4409,lightgbm_weighted,random_internal_test,random_seed_4409_internal,Slight,feature_urban_or_rural_area,0.08540822300668771,4.0,10000
random_seed_4409,4409,lightgbm_weighted,random_internal_test,random_seed_4409_internal,Slight,feature_trunk_road_flag,0.05666170158913903,8.0,10000
random_seed_4409,4409,lightgbm_weighted,random_internal_test,random_seed_4409_internal,Slight,feature_speed_limit,0.1437002725143314,1.0,10000
random_seed_4409,4409,lightgbm_weighted,random_internal_test,random_seed_4409_internal,Slight,feature_month,0.051312281820410456,9.0,10000
random_seed_4409,4409,lightgbm_weighted,random_internal_test,random_seed_4409_internal,Slight,feature_hour,0.08016476781731033,5.0,10000
random_seed_4409,4409,lightgbm_weighted,random_internal_test,random_seed_4409_internal,Serious,feature_day_of_week,0.041807684927240844,7.0,10000
random_seed_4409,4409,lightgbm_weighted,random_internal_test,random_seed_4409_internal,Serious,feature_first_road_class,0.051153767951116966,6.0,10000
random_seed_4409,4409,lightgbm_weighted,random_internal_test,random_seed_4409_internal,Serious,feature_road_type,0.02598866084856278,10.0,10000
random_seed_4409,4409,lightgbm_weighted,random_internal_test,random_seed_4409_internal,Serious,feature_junction_detail,0.02458112986199947,11.0,10000
random_seed_4409,4409,lightgbm_weighted,random_internal_test,random_seed_4409_internal,Serious,feature_junction_control,0.05963220021169304,3.0,10000
random_seed_4409,4409,lightgbm_weighted,random_internal_test,random_seed_4409_internal,Serious,feature_second_road_class,0.05529981777280249,5.0,10000
random_seed_4409,4409,lightgbm_weighted,random_internal_test,random_seed_4409_internal,Serious,feature_pedestrian_crossing,0.02042525954463482,12.0,10000
random_seed_4409,4409,lightgbm_weighted,random_internal_test,random_seed_4409_internal,Serious,feature_light_conditions,0.027654567482062645,9.0,10000
random_seed_4409,4409,lightgbm_weighted,random_internal_test,random_seed_4409_internal,Serious,feature_weather_conditions,0.019165994355792176,14.0,10000
random_seed_4409,4409,lightgbm_weighted,random_internal_test,random_seed_4409_internal,Serious,feature_road_surface_conditions,0.018165540049933943,15.0,10000
random_seed_4409,4409,lightgbm_weighted,random_internal_test,random_seed_4409_internal,Serious,feature_special_conditions_at_site,0.0030557610048903097,17.0,10000
random_seed_4409,4409,lightgbm_weighted,random_internal_test,random_seed_4409_internal,Serious,feature_carriageway_hazards,0.020085986553016005,13.0,10000
random_seed_4409,4409,lightgbm_weighted,random_internal_test,random_seed_4409_internal,Serious,feature_urban_or_rural_area,0.010576059171385311,16.0,10000
random_seed_4409,4409,lightgbm_weighted,random_internal_test,random_seed_4409_internal,Serious,feature_trunk_road_flag,0.035470337247905465,8.0,10000
random_seed_4409,4409,lightgbm_weighted,random_internal_test,random_seed_4409_internal,Serious,feature_speed_limit,0.05825736738359696,4.0,10000
random_seed_4409,4409,lightgbm_weighted,random_internal_test,random_seed_4409_internal,Serious,feature_month,0.061634662363525106,2.0,10000
random_seed_4409,4409,lightgbm_weighted,random_internal_test,random_seed_4409_internal,Serious,feature_hour,0.0663705835904063,1.0,10000
random_seed_4409,4409,lightgbm_weighted,random_internal_test,random_seed_4409_internal,Fatal,feature_day_of_week,0.10737753562413188,12.0,10000
random_seed_4409,4409,lightgbm_weighted,random_internal_test,random_seed_4409_internal,Fatal,feature_first_road_class,0.10844567369541203,11.0,10000
random_seed_4409,4409,lightgbm_weighted,random_internal_test,random_seed_4409_internal,Fatal,feature_road_type,0.2681783388649402,4.0,10000
random_seed_4409,4409,lightgbm_weighted,random_internal_test,random_seed_4409_internal,Fatal,feature_junction_detail,0.12138872449687901,9.0,10000
random_seed_4409,4409,lightgbm_weighted,random_internal_test,random_seed_4409_internal,Fatal,feature_junction_control,0.24945449022769026,5.0,10000
random_seed_4409,4409,lightgbm_weighted,random_internal_test,random_seed_4409_internal,Fatal,feature_second_road_class,0.23603394119384738,7.0,10000
random_seed_4409,4409,lightgbm_weighted,random_internal_test,random_seed_4409_internal,Fatal,feature_pedestrian_crossing,0.36029745196411517,2.0,10000
random_seed_4409,4409,lightgbm_weighted,random_internal_test,random_seed_4409_internal,Fatal,feature_light_conditions,0.05661303996513754,16.0,10000
random_seed_4409,4409,lightgbm_weighted,random_internal_test,random_seed_4409_internal,Fatal,feature_weather_conditions,0.2832921539515715,3.0,10000
random_seed_4409,4409,lightgbm_weighted,random_internal_test,random_seed_4409_internal,Fatal,feature_road_surface_conditions,0.06968000037291026,14.0,10000
random_seed_4409,4409,lightgbm_weighted,random_internal_test,random_seed_4409_internal,Fatal,feature_special_conditions_at_site,0.06192350329976281,15.0,10000
random_seed_4409,4409,lightgbm_weighted,random_internal_test,random_seed_4409_internal,Fatal,feature_carriageway_hazards,0.07220647392699214,13.0,10000
random_seed_4409,4409,lightgbm_weighted,random_internal_test,random_seed_4409_internal,Fatal,feature_urban_or_rural_area,0.11044055703282708,10.0,10000
random_seed_4409,4409,lightgbm_weighted,random_internal_test,random_seed_4409_internal,Fatal,feature_trunk_road_flag,0.052231974852210795,17.0,10000
random_seed_4409,4409,lightgbm_weighted,random_internal_test,random_seed_4409_internal,Fatal,feature_speed_limit,0.3870399521194815,1.0,10000
random_seed_4409,4409,lightgbm_weighted,random_internal_test,random_seed_4409_internal,Fatal,feature_month,0.13246783269020257,8.0,10000
random_seed_4409,4409,lightgbm_weighted,random_internal_test,random_seed_4409_internal,Fatal,feature_hour,0.24917549750199064,6.0,10000
random_seed_4409,4409,lightgbm_weighted,future_2024,future_2024,overall_equal_class_mean,feature_day_of_week,0.0684628579377232,12.0,10000
random_seed_4409,4409,lightgbm_weighted,future_2024,future_2024,overall_equal_class_mean,feature_first_road_class,0.06683629536898077,13.0,10000
random_seed_4409,4409,lightgbm_weighted,future_2024,future_2024,overall_equal_class_mean,feature_road_type,0.12702065429311968,6.0,10000
random_seed_4409,4409,lightgbm_weighted,future_2024,future_2024,overall_equal_class_mean,feature_junction_detail,0.11474568027156172,8.0,10000
random_seed_4409,4409,lightgbm_weighted,future_2024,future_2024,overall_equal_class_mean,feature_junction_control,0.10970053661737994,9.0,10000
random_seed_4409,4409,lightgbm_weighted,future_2024,future_2024,overall_equal_class_mean,feature_second_road_class,0.13664727948963742,5.0,10000
random_seed_4409,4409,lightgbm_weighted,future_2024,future_2024,overall_equal_class_mean,feature_pedestrian_crossing,0.14086833114838146,3.0,10000
random_seed_4409,4409,lightgbm_weighted,future_2024,future_2024,overall_equal_class_mean,feature_light_conditions,0.04633759354979448,15.0,10000
random_seed_4409,4409,lightgbm_weighted,future_2024,future_2024,overall_equal_class_mean,feature_weather_conditions,0.1264763703883214,7.0,10000
random_seed_4409,4409,lightgbm_weighted,future_2024,future_2024,overall_equal_class_mean,feature_road_surface_conditions,0.03960742245187305,16.0,10000
random_seed_4409,4409,lightgbm_weighted,future_2024,future_2024,overall_equal_class_mean,feature_special_conditions_at_site,0.22614125758762407,1.0,10000
random_seed_4409,4409,lightgbm_weighted,future_2024,future_2024,overall_equal_class_mean,feature_carriageway_hazards,0.03781181942105776,17.0,10000
random_seed_4409,4409,lightgbm_weighted,future_2024,future_2024,overall_equal_class_mean,feature_urban_or_rural_area,0.07917694957109912,11.0,10000
random_seed_4409,4409,lightgbm_weighted,future_2024,future_2024,overall_equal_class_mean,feature_trunk_road_flag,0.04939149812939939,14.0,10000
random_seed_4409,4409,lightgbm_weighted,future_2024,future_2024,overall_equal_class_mean,feature_speed_limit,0.22416286712076294,2.0,10000
random_seed_4409,4409,lightgbm_weighted,future_2024,future_2024,overall_equal_class_mean,feature_month,0.0851189626681379,10.0,10000
random_seed_4409,4409,lightgbm_weighted,future_2024,future_2024,overall_equal_class_mean,feature_hour,0.1399685668168821,4.0,10000
random_seed_4409,4409,lightgbm_weighted,future_2024,future_2024,Slight,feature_day_of_week,0.04706122886258968,13.0,10000
random_seed_4409,4409,lightgbm_weighted,future_2024,future_2024,Slight,feature_first_road_class,0.041362382410288945,15.0,10000
random_seed_4409,4409,lightgbm_weighted,future_2024,future_2024,Slight,feature_road_type,0.0854625751961028,6.0,10000
random_seed_4409,4409,lightgbm_weighted,future_2024,future_2024,Slight,feature_junction_detail,0.08289036185681792,7.0,10000
random_seed_4409,4409,lightgbm_weighted,future_2024,future_2024,Slight,feature_junction_control,0.04521909950259037,14.0,10000
random_seed_4409,4409,lightgbm_weighted,future_2024,future_2024,Slight,feature_second_road_class,0.10613637773564719,3.0,10000
random_seed_4409,4409,lightgbm_weighted,future_2024,future_2024,Slight,feature_pedestrian_crossing,0.06396662927677305,9.0,10000
random_seed_4409,4409,lightgbm_weighted,future_2024,future_2024,Slight,feature_light_conditions,0.05449187708712946,11.0,10000
random_seed_4409,4409,lightgbm_weighted,future_2024,future_2024,Slight,feature_weather_conditions,0.06311317103377241,10.0,10000
random_seed_4409,4409,lightgbm_weighted,future_2024,future_2024,Slight,feature_road_surface_conditions,0.0270853534929012,16.0,10000
random_seed_4409,4409,lightgbm_weighted,future_2024,future_2024,Slight,feature_special_conditions_at_site,0.26902814918164736,1.0,10000
random_seed_4409,4409,lightgbm_weighted,future_2024,future_2024,Slight,feature_carriageway_hazards,0.015975834334921977,17.0,10000
random_seed_4409,4409,lightgbm_weighted,future_2024,future_2024,Slight,feature_urban_or_rural_area,0.09693465006811598,4.0,10000
random_seed_4409,4409,lightgbm_weighted,future_2024,future_2024,Slight,feature_trunk_road_flag,0.06435784786875533,8.0,10000
random_seed_4409,4409,lightgbm_weighted,future_2024,future_2024,Slight,feature_speed_limit,0.15718068213876216,2.0,10000
random_seed_4409,4409,lightgbm_weighted,future_2024,future_2024,Slight,feature_month,0.05384112216022727,12.0,10000
random_seed_4409,4409,lightgbm_weighted,future_2024,future_2024,Slight,feature_hour,0.0886121997983163,5.0,10000
random_seed_4409,4409,lightgbm_weighted,future_2024,future_2024,Serious,feature_day_of_week,0.04308085019168477,6.0,10000
random_seed_4409,4409,lightgbm_weighted,future_2024,future_2024,Serious,feature_first_road_class,0.04889867756977334,4.0,10000
random_seed_4409,4409,lightgbm_weighted,future_2024,future_2024,Serious,feature_road_type,0.028561909679810576,10.0,10000
random_seed_4409,4409,lightgbm_weighted,future_2024,future_2024,Serious,feature_junction_detail,0.036195136018545356,7.0,10000
random_seed_4409,4409,lightgbm_weighted,future_2024,future_2024,Serious,feature_junction_control,0.04422796804451306,5.0,10000
random_seed_4409,4409,lightgbm_weighted,future_2024,future_2024,Serious,feature_second_road_class,0.035414670604453705,8.0,10000
random_seed_4409,4409,lightgbm_weighted,future_2024,future_2024,Serious,feature_pedestrian_crossing,0.02003728604183341,13.0,10000
random_seed_4409,4409,lightgbm_weighted,future_2024,future_2024,Serious,feature_light_conditions,0.027357063251730422,11.0,10000
random_seed_4409,4409,lightgbm_weighted,future_2024,future_2024,Serious,feature_weather_conditions,0.019090006953783913,14.0,10000
random_seed_4409,4409,lightgbm_weighted,future_2024,future_2024,Serious,feature_road_surface_conditions,0.01878123697209257,15.0,10000
random_seed_4409,4409,lightgbm_weighted,future_2024,future_2024,Serious,feature_special_conditions_at_site,0.01456838100374562,16.0,10000
random_seed_4409,4409,lightgbm_weighted,future_2024,future_2024,Serious,feature_carriageway_hazards,0.02121850302126216,12.0,10000
random_seed_4409,4409,lightgbm_weighted,future_2024,future_2024,Serious,feature_urban_or_rural_area,0.01075590178275132,17.0,10000
random_seed_4409,4409,lightgbm_weighted,future_2024,future_2024,Serious,feature_trunk_road_flag,0.032906634131357165,9.0,10000
random_seed_4409,4409,lightgbm_weighted,future_2024,future_2024,Serious,feature_speed_limit,0.05430826477328613,3.0,10000
random_seed_4409,4409,lightgbm_weighted,future_2024,future_2024,Serious,feature_month,0.06202549714033464,2.0,10000
random_seed_4409,4409,lightgbm_weighted,future_2024,future_2024,Serious,feature_hour,0.06703672900066122,1.0,10000
random_seed_4409,4409,lightgbm_weighted,future_2024,future_2024,Fatal,feature_day_of_week,0.11524649475889515,12.0,10000
random_seed_4409,4409,lightgbm_weighted,future_2024,future_2024,Fatal,feature_first_road_class,0.11024782612688,13.0,10000
random_seed_4409,4409,lightgbm_weighted,future_2024,future_2024,Fatal,feature_road_type,0.2670374780034456,6.0,10000
random_seed_4409,4409,lightgbm_weighted,future_2024,future_2024,Fatal,feature_junction_detail,0.22515154293932188,9.0,10000
random_seed_4409,4409,lightgbm_weighted,future_2024,future_2024,Fatal,feature_junction_control,0.23965454230503638,8.0,10000
random_seed_4409,4409,lightgbm_weighted,future_2024,future_2024,Fatal,feature_second_road_class,0.26839079012881134,5.0,10000
random_seed_4409,4409,lightgbm_weighted,future_2024,future_2024,Fatal,feature_pedestrian_crossing,0.3386010781265379,3.0,10000
random_seed_4409,4409,lightgbm_weighted,future_2024,future_2024,Fatal,feature_light_conditions,0.05716384031052357,16.0,10000
random_seed_4409,4409,lightgbm_weighted,future_2024,future_2024,Fatal,feature_weather_conditions,0.29722593317740786,4.0,10000
random_seed_4409,4409,lightgbm_weighted,future_2024,future_2024,Fatal,feature_road_surface_conditions,0.07295567689062539,15.0,10000
random_seed_4409,4409,lightgbm_weighted,future_2024,future_2024,Fatal,feature_special_conditions_at_site,0.39482724257747925,2.0,10000
random_seed_4409,4409,lightgbm_weighted,future_2024,future_2024,Fatal,feature_carriageway_hazards,0.07624112090698916,14.0,10000
random_seed_4409,4409,lightgbm_weighted,future_2024,future_2024,Fatal,feature_urban_or_rural_area,0.12984029686243007,11.0,10000
random_seed_4409,4409,lightgbm_weighted,future_2024,future_2024,Fatal,feature_trunk_road_flag,0.05091001238808571,17.0,10000
random_seed_4409,4409,lightgbm_weighted,future_2024,future_2024,Fatal,feature_speed_limit,0.46099965445024055,1.0,10000
random_seed_4409,4409,lightgbm_weighted,future_2024,future_2024,Fatal,feature_month,0.1394902687038518,10.0,10000
random_seed_4409,4409,lightgbm_weighted,future_2024,future_2024,Fatal,feature_hour,0.2642567716516688,7.0,10000
random_seed_5501,5501,lightgbm_weighted,random_internal_test,random_seed_5501_internal,overall_equal_class_mean,feature_day_of_week,0.06173305992174751,12.0,10000
random_seed_5501,5501,lightgbm_weighted,random_internal_test,random_seed_5501_internal,overall_equal_class_mean,feature_first_road_class,0.0812581147980761,9.0,10000
random_seed_5501,5501,lightgbm_weighted,random_internal_test,random_seed_5501_internal,overall_equal_class_mean,feature_road_type,0.12968630200015,3.0,10000
random_seed_5501,5501,lightgbm_weighted,random_internal_test,random_seed_5501_internal,overall_equal_class_mean,feature_junction_detail,0.07378746727431319,10.0,10000
random_seed_5501,5501,lightgbm_weighted,random_internal_test,random_seed_5501_internal,overall_equal_class_mean,feature_junction_control,0.1144426008960378,6.0,10000
random_seed_5501,5501,lightgbm_weighted,random_internal_test,random_seed_5501_internal,overall_equal_class_mean,feature_second_road_class,0.1232957927512786,5.0,10000
random_seed_5501,5501,lightgbm_weighted,random_internal_test,random_seed_5501_internal,overall_equal_class_mean,feature_pedestrian_crossing,0.10886340986796562,7.0,10000
random_seed_5501,5501,lightgbm_weighted,random_internal_test,random_seed_5501_internal,overall_equal_class_mean,feature_light_conditions,0.05303666327224554,13.0,10000
random_seed_5501,5501,lightgbm_weighted,random_internal_test,random_seed_5501_internal,overall_equal_class_mean,feature_weather_conditions,0.1284781778279032,4.0,10000
random_seed_5501,5501,lightgbm_weighted,random_internal_test,random_seed_5501_internal,overall_equal_class_mean,feature_road_surface_conditions,0.041085375752675096,15.0,10000
random_seed_5501,5501,lightgbm_weighted,random_internal_test,random_seed_5501_internal,overall_equal_class_mean,feature_special_conditions_at_site,0.028836923352578453,17.0,10000
random_seed_5501,5501,lightgbm_weighted,random_internal_test,random_seed_5501_internal,overall_equal_class_mean,feature_carriageway_hazards,0.040562770485916944,16.0,10000
random_seed_5501,5501,lightgbm_weighted,random_internal_test,random_seed_5501_internal,overall_equal_class_mean,feature_urban_or_rural_area,0.06823245408282735,11.0,10000
random_seed_5501,5501,lightgbm_weighted,random_internal_test,random_seed_5501_internal,overall_equal_class_mean,feature_trunk_road_flag,0.04560065165006344,14.0,10000
random_seed_5501,5501,lightgbm_weighted,random_internal_test,random_seed_5501_internal,overall_equal_class_mean,feature_speed_limit,0.20042091697003736,1.0,10000
random_seed_5501,5501,lightgbm_weighted,random_internal_test,random_seed_5501_internal,overall_equal_class_mean,feature_month,0.0832734584792802,8.0,10000
random_seed_5501,5501,lightgbm_weighted,random_internal_test,random_seed_5501_internal,overall_equal_class_mean,feature_hour,0.1379821631840647,2.0,10000
random_seed_5501,5501,lightgbm_weighted,random_internal_test,random_seed_5501_internal,Slight,feature_day_of_week,0.04535667717982212,12.0,10000
random_seed_5501,5501,lightgbm_weighted,random_internal_test,random_seed_5501_internal,Slight,feature_first_road_class,0.05377030629926287,9.0,10000
random_seed_5501,5501,lightgbm_weighted,random_internal_test,random_seed_5501_internal,Slight,feature_road_type,0.11805637734755817,2.0,10000
random_seed_5501,5501,lightgbm_weighted,random_internal_test,random_seed_5501_internal,Slight,feature_junction_detail,0.047156158152014835,11.0,10000
random_seed_5501,5501,lightgbm_weighted,random_internal_test,random_seed_5501_internal,Slight,feature_junction_control,0.03945111658428997,14.0,10000
random_seed_5501,5501,lightgbm_weighted,random_internal_test,random_seed_5501_internal,Slight,feature_second_road_class,0.10446289283905145,3.0,10000
random_seed_5501,5501,lightgbm_weighted,random_internal_test,random_seed_5501_internal,Slight,feature_pedestrian_crossing,0.0414324544731754,13.0,10000
random_seed_5501,5501,lightgbm_weighted,random_internal_test,random_seed_5501_internal,Slight,feature_light_conditions,0.057603312634364294,7.0,10000
random_seed_5501,5501,lightgbm_weighted,random_internal_test,random_seed_5501_internal,Slight,feature_weather_conditions,0.07253679700283447,6.0,10000
random_seed_5501,5501,lightgbm_weighted,random_internal_test,random_seed_5501_internal,Slight,feature_road_surface_conditions,0.027182306661757877,15.0,10000
random_seed_5501,5501,lightgbm_weighted,random_internal_test,random_seed_5501_internal,Slight,feature_special_conditions_at_site,0.01121890239515683,17.0,10000
random_seed_5501,5501,lightgbm_weighted,random_internal_test,random_seed_5501_internal,Slight,feature_carriageway_hazards,0.020826156227533754,16.0,10000
random_seed_5501,5501,lightgbm_weighted,random_internal_test,random_seed_5501_internal,Slight,feature_urban_or_rural_area,0.09563171935869397,4.0,10000
random_seed_5501,5501,lightgbm_weighted,random_internal_test,random_seed_5501_internal,Slight,feature_trunk_road_flag,0.04816389678662179,10.0,10000
random_seed_5501,5501,lightgbm_weighted,random_internal_test,random_seed_5501_internal,Slight,feature_speed_limit,0.13308674580784982,1.0,10000
random_seed_5501,5501,lightgbm_weighted,random_internal_test,random_seed_5501_internal,Slight,feature_month,0.054265344063405656,8.0,10000
random_seed_5501,5501,lightgbm_weighted,random_internal_test,random_seed_5501_internal,Slight,feature_hour,0.09168838859714529,5.0,10000
random_seed_5501,5501,lightgbm_weighted,random_internal_test,random_seed_5501_internal,Serious,feature_day_of_week,0.036057544673451854,7.0,10000
random_seed_5501,5501,lightgbm_weighted,random_internal_test,random_seed_5501_internal,Serious,feature_first_road_class,0.05600945555501427,3.0,10000
random_seed_5501,5501,lightgbm_weighted,random_internal_test,random_seed_5501_internal,Serious,feature_road_type,0.02111748999641567,10.0,10000
random_seed_5501,5501,lightgbm_weighted,random_internal_test,random_seed_5501_internal,Serious,feature_junction_detail,0.03538818774805393,8.0,10000
random_seed_5501,5501,lightgbm_weighted,random_internal_test,random_seed_5501_internal,Serious,feature_junction_control,0.03642064048795527,6.0,10000
random_seed_5501,5501,lightgbm_weighted,random_internal_test,random_seed_5501_internal,Serious,feature_second_road_class,0.015133595859023338,14.0,10000
random_seed_5501,5501,lightgbm_weighted,random_internal_test,random_seed_5501_internal,Serious,feature_pedestrian_crossing,0.015753994924022623,13.0,10000
random_seed_5501,5501,lightgbm_weighted,random_internal_test,random_seed_5501_internal,Serious,feature_light_conditions,0.035332092978562386,9.0,10000
random_seed_5501,5501,lightgbm_weighted,random_internal_test,random_seed_5501_internal,Serious,feature_weather_conditions,0.01935350842947858,11.0,10000
random_seed_5501,5501,lightgbm_weighted,random_internal_test,random_seed_5501_internal,Serious,feature_road_surface_conditions,0.010745551342619892,15.0,10000
random_seed_5501,5501,lightgbm_weighted,random_internal_test,random_seed_5501_internal,Serious,feature_special_conditions_at_site,0.0029762482187850737,17.0,10000
random_seed_5501,5501,lightgbm_weighted,random_internal_test,random_seed_5501_internal,Serious,feature_carriageway_hazards,0.01790381343342496,12.0,10000
random_seed_5501,5501,lightgbm_weighted,random_internal_test,random_seed_5501_internal,Serious,feature_urban_or_rural_area,0.00948715289098225,16.0,10000
random_seed_5501,5501,lightgbm_weighted,random_internal_test,random_seed_5501_internal,Serious,feature_trunk_road_flag,0.03845910462187803,5.0,10000
random_seed_5501,5501,lightgbm_weighted,random_internal_test,random_seed_5501_internal,Serious,feature_speed_limit,0.0546159452294691,4.0,10000
random_seed_5501,5501,lightgbm_weighted,random_internal_test,random_seed_5501_internal,Serious,feature_month,0.06047377305755948,2.0,10000
random_seed_5501,5501,lightgbm_weighted,random_internal_test,random_seed_5501_internal,Serious,feature_hour,0.06362241447623733,1.0,10000
random_seed_5501,5501,lightgbm_weighted,random_internal_test,random_seed_5501_internal,Fatal,feature_day_of_week,0.10378495791196854,11.0,10000
random_seed_5501,5501,lightgbm_weighted,random_internal_test,random_seed_5501_internal,Fatal,feature_first_road_class,0.13399458253995114,10.0,10000
random_seed_5501,5501,lightgbm_weighted,random_internal_test,random_seed_5501_internal,Fatal,feature_road_type,0.2498850386564762,7.0,10000
random_seed_5501,5501,lightgbm_weighted,random_internal_test,random_seed_5501_internal,Fatal,feature_junction_detail,0.1388180559228708,8.0,10000
random_seed_5501,5501,lightgbm_weighted,random_internal_test,random_seed_5501_internal,Fatal,feature_junction_control,0.26745604561586817,4.0,10000
random_seed_5501,5501,lightgbm_weighted,random_internal_test,random_seed_5501_internal,Fatal,feature_second_road_class,0.25029088955576095,6.0,10000
random_seed_5501,5501,lightgbm_weighted,random_internal_test,random_seed_5501_internal,Fatal,feature_pedestrian_crossing,0.26940378020669886,3.0,10000
random_seed_5501,5501,lightgbm_weighted,random_internal_test,random_seed_5501_internal,Fatal,feature_light_conditions,0.06617458420380995,16.0,10000
random_seed_5501,5501,lightgbm_weighted,random_internal_test,random_seed_5501_internal,Fatal,feature_weather_conditions,0.29354422805139657,2.0,10000
random_seed_5501,5501,lightgbm_weighted,random_internal_test,random_seed_5501_internal,Fatal,feature_road_surface_conditions,0.08532826925364752,13.0,10000
random_seed_5501,5501,lightgbm_weighted,random_internal_test,random_seed_5501_internal,Fatal,feature_special_conditions_at_site,0.07231561944379346,15.0,10000
random_seed_5501,5501,lightgbm_weighted,random_internal_test,random_seed_5501_internal,Fatal,feature_carriageway_hazards,0.08295834179679212,14.0,10000
random_seed_5501,5501,lightgbm_weighted,random_internal_test,random_seed_5501_internal,Fatal,feature_urban_or_rural_area,0.09957848999880586,12.0,10000
random_seed_5501,5501,lightgbm_weighted,random_internal_test,random_seed_5501_internal,Fatal,feature_trunk_road_flag,0.05017895354169049,17.0,10000
random_seed_5501,5501,lightgbm_weighted,random_internal_test,random_seed_5501_internal,Fatal,feature_speed_limit,0.41356005987279315,1.0,10000
random_seed_5501,5501,lightgbm_weighted,random_internal_test,random_seed_5501_internal,Fatal,feature_month,0.13508125831687545,9.0,10000
random_seed_5501,5501,lightgbm_weighted,random_internal_test,random_seed_5501_internal,Fatal,feature_hour,0.25863568647881147,5.0,10000
random_seed_5501,5501,lightgbm_weighted,future_2024,future_2024,overall_equal_class_mean,feature_day_of_week,0.0637816172226181,13.0,10000
random_seed_5501,5501,lightgbm_weighted,future_2024,future_2024,overall_equal_class_mean,feature_first_road_class,0.07798102579489134,12.0,10000
random_seed_5501,5501,lightgbm_weighted,future_2024,future_2024,overall_equal_class_mean,feature_road_type,0.1269436253509266,6.0,10000
random_seed_5501,5501,lightgbm_weighted,future_2024,future_2024,overall_equal_class_mean,feature_junction_detail,0.1257144079732232,7.0,10000
random_seed_5501,5501,lightgbm_weighted,future_2024,future_2024,overall_equal_class_mean,feature_junction_control,0.11009431424628369,8.0,10000
random_seed_5501,5501,lightgbm_weighted,future_2024,future_2024,overall_equal_class_mean,feature_second_road_class,0.13652847547725025,4.0,10000
random_seed_5501,5501,lightgbm_weighted,future_2024,future_2024,overall_equal_class_mean,feature_pedestrian_crossing,0.10109792621826225,9.0,10000
random_seed_5501,5501,lightgbm_weighted,future_2024,future_2024,overall_equal_class_mean,feature_light_conditions,0.05661517211257553,14.0,10000
random_seed_5501,5501,lightgbm_weighted,future_2024,future_2024,overall_equal_class_mean,feature_weather_conditions,0.13166270641074881,5.0,10000
random_seed_5501,5501,lightgbm_weighted,future_2024,future_2024,overall_equal_class_mean,feature_road_surface_conditions,0.04326969901911094,16.0,10000
random_seed_5501,5501,lightgbm_weighted,future_2024,future_2024,overall_equal_class_mean,feature_special_conditions_at_site,0.2796789990560525,1.0,10000
random_seed_5501,5501,lightgbm_weighted,future_2024,future_2024,overall_equal_class_mean,feature_carriageway_hazards,0.0423962914615692,17.0,10000
random_seed_5501,5501,lightgbm_weighted,future_2024,future_2024,overall_equal_class_mean,feature_urban_or_rural_area,0.07899829929740775,11.0,10000
random_seed_5501,5501,lightgbm_weighted,future_2024,future_2024,overall_equal_class_mean,feature_trunk_road_flag,0.04409630912484002,15.0,10000
random_seed_5501,5501,lightgbm_weighted,future_2024,future_2024,overall_equal_class_mean,feature_speed_limit,0.2203884354398757,2.0,10000
random_seed_5501,5501,lightgbm_weighted,future_2024,future_2024,overall_equal_class_mean,feature_month,0.08784839399751536,10.0,10000
random_seed_5501,5501,lightgbm_weighted,future_2024,future_2024,overall_equal_class_mean,feature_hour,0.1460010851836466,3.0,10000
random_seed_5501,5501,lightgbm_weighted,future_2024,future_2024,Slight,feature_day_of_week,0.04492455356576269,14.0,10000
random_seed_5501,5501,lightgbm_weighted,future_2024,future_2024,Slight,feature_first_road_class,0.048686294860563466,13.0,10000
random_seed_5501,5501,lightgbm_weighted,future_2024,future_2024,Slight,feature_road_type,0.10980640755681798,3.0,10000
random_seed_5501,5501,lightgbm_weighted,future_2024,future_2024,Slight,feature_junction_detail,0.07775193826640603,7.0,10000
random_seed_5501,5501,lightgbm_weighted,future_2024,future_2024,Slight,feature_junction_control,0.038753376709539995,15.0,10000
random_seed_5501,5501,lightgbm_weighted,future_2024,future_2024,Slight,feature_second_road_class,0.10839509164093879,4.0,10000
random_seed_5501,5501,lightgbm_weighted,future_2024,future_2024,Slight,feature_pedestrian_crossing,0.05351360477441609,11.0,10000
random_seed_5501,5501,lightgbm_weighted,future_2024,future_2024,Slight,feature_light_conditions,0.05905386357499819,9.0,10000
random_seed_5501,5501,lightgbm_weighted,future_2024,future_2024,Slight,feature_weather_conditions,0.07002426519779835,8.0,10000
random_seed_5501,5501,lightgbm_weighted,future_2024,future_2024,Slight,feature_road_surface_conditions,0.0308511516928739,16.0,10000
random_seed_5501,5501,lightgbm_weighted,future_2024,future_2024,Slight,feature_special_conditions_at_site,0.19503263812305532,1.0,10000
random_seed_5501,5501,lightgbm_weighted,future_2024,future_2024,Slight,feature_carriageway_hazards,0.018369162653164003,17.0,10000
random_seed_5501,5501,lightgbm_weighted,future_2024,future_2024,Slight,feature_urban_or_rural_area,0.10662908008505981,5.0,10000
random_seed_5501,5501,lightgbm_weighted,future_2024,future_2024,Slight,feature_trunk_road_flag,0.05100327025709154,12.0,10000
random_seed_5501,5501,lightgbm_weighted,future_2024,future_2024,Slight,feature_speed_limit,0.1350488099512844,2.0,10000
random_seed_5501,5501,lightgbm_weighted,future_2024,future_2024,Slight,feature_month,0.05440493227243235,10.0,10000
random_seed_5501,5501,lightgbm_weighted,future_2024,future_2024,Slight,feature_hour,0.09583014172252693,6.0,10000
random_seed_5501,5501,lightgbm_weighted,future_2024,future_2024,Serious,feature_day_of_week,0.0384156739899137,7.0,10000
random_seed_5501,5501,lightgbm_weighted,future_2024,future_2024,Serious,feature_first_road_class,0.05420753969279566,3.0,10000
random_seed_5501,5501,lightgbm_weighted,future_2024,future_2024,Serious,feature_road_type,0.020282478117503933,11.0,10000
random_seed_5501,5501,lightgbm_weighted,future_2024,future_2024,Serious,feature_junction_detail,0.05121963916964464,4.0,10000
random_seed_5501,5501,lightgbm_weighted,future_2024,future_2024,Serious,feature_junction_control,0.03579941818027785,8.0,10000
random_seed_5501,5501,lightgbm_weighted,future_2024,future_2024,Serious,feature_second_road_class,0.03017283239749048,10.0,10000
random_seed_5501,5501,lightgbm_weighted,future_2024,future_2024,Serious,feature_pedestrian_crossing,0.016279411976023436,14.0,10000
random_seed_5501,5501,lightgbm_weighted,future_2024,future_2024,Serious,feature_light_conditions,0.04025326399242719,6.0,10000
random_seed_5501,5501,lightgbm_weighted,future_2024,future_2024,Serious,feature_weather_conditions,0.019397024986508693,12.0,10000
random_seed_5501,5501,lightgbm_weighted,future_2024,future_2024,Serious,feature_road_surface_conditions,0.010949910788954093,16.0,10000
random_seed_5501,5501,lightgbm_weighted,future_2024,future_2024,Serious,feature_special_conditions_at_site,0.012738241575420748,15.0,10000
random_seed_5501,5501,lightgbm_weighted,future_2024,future_2024,Serious,feature_carriageway_hazards,0.018864844392306877,13.0,10000
random_seed_5501,5501,lightgbm_weighted,future_2024,future_2024,Serious,feature_urban_or_rural_area,0.008993531214273003,17.0,10000
random_seed_5501,5501,lightgbm_weighted,future_2024,future_2024,Serious,feature_trunk_road_flag,0.03449139457624169,9.0,10000
random_seed_5501,5501,lightgbm_weighted,future_2024,future_2024,Serious,feature_speed_limit,0.049163329208790366,5.0,10000
random_seed_5501,5501,lightgbm_weighted,future_2024,future_2024,Serious,feature_month,0.061264344666022645,2.0,10000
random_seed_5501,5501,lightgbm_weighted,future_2024,future_2024,Serious,feature_hour,0.07019694077677664,1.0,10000
random_seed_5501,5501,lightgbm_weighted,future_2024,future_2024,Fatal,feature_day_of_week,0.10800462411217791,13.0,10000
random_seed_5501,5501,lightgbm_weighted,future_2024,future_2024,Fatal,feature_first_road_class,0.13104924283131492,11.0,10000
random_seed_5501,5501,lightgbm_weighted,future_2024,future_2024,Fatal,feature_road_type,0.2507419903784579,7.0,10000
random_seed_5501,5501,lightgbm_weighted,future_2024,future_2024,Fatal,feature_junction_detail,0.24817164648361895,8.0,10000
random_seed_5501,5501,lightgbm_weighted,future_2024,future_2024,Fatal,feature_junction_control,0.2557301478490332,6.0,10000
random_seed_5501,5501,lightgbm_weighted,future_2024,future_2024,Fatal,feature_second_road_class,0.27101750239332145,5.0,10000
random_seed_5501,5501,lightgbm_weighted,future_2024,future_2024,Fatal,feature_pedestrian_crossing,0.2335007619043472,9.0,10000
random_seed_5501,5501,lightgbm_weighted,future_2024,future_2024,Fatal,feature_light_conditions,0.07053838877030123,16.0,10000
random_seed_5501,5501,lightgbm_weighted,future_2024,future_2024,Fatal,feature_weather_conditions,0.30556682904793936,3.0,10000
random_seed_5501,5501,lightgbm_weighted,future_2024,future_2024,Fatal,feature_road_surface_conditions,0.08800803457550482,15.0,10000
random_seed_5501,5501,lightgbm_weighted,future_2024,future_2024,Fatal,feature_special_conditions_at_site,0.6312661174696814,1.0,10000
random_seed_5501,5501,lightgbm_weighted,future_2024,future_2024,Fatal,feature_carriageway_hazards,0.08995486733923673,14.0,10000
random_seed_5501,5501,lightgbm_weighted,future_2024,future_2024,Fatal,feature_urban_or_rural_area,0.12137228659289041,12.0,10000
random_seed_5501,5501,lightgbm_weighted,future_2024,future_2024,Fatal,feature_trunk_road_flag,0.046794262541186814,17.0,10000
random_seed_5501,5501,lightgbm_weighted,future_2024,future_2024,Fatal,feature_speed_limit,0.4769531671595523,2.0,10000
random_seed_5501,5501,lightgbm_weighted,future_2024,future_2024,Fatal,feature_month,0.14787590505409107,10.0,10000
random_seed_5501,5501,lightgbm_weighted,future_2024,future_2024,Fatal,feature_hour,0.27197617305163624,4.0,10000
temporal,year_based,lightgbm_weighted,future_2024,future_2024,overall_equal_class_mean,feature_day_of_week,0.05383468457060022,13.0,10000
temporal,year_based,lightgbm_weighted,future_2024,future_2024,overall_equal_class_mean,feature_first_road_class,0.0771958308362079,11.0,10000
temporal,year_based,lightgbm_weighted,future_2024,future_2024,overall_equal_class_mean,feature_road_type,0.146113773208457,3.0,10000
temporal,year_based,lightgbm_weighted,future_2024,future_2024,overall_equal_class_mean,feature_junction_detail,0.10838257740568917,8.0,10000
temporal,year_based,lightgbm_weighted,future_2024,future_2024,overall_equal_class_mean,feature_junction_control,0.11138315457680163,7.0,10000
temporal,year_based,lightgbm_weighted,future_2024,future_2024,overall_equal_class_mean,feature_second_road_class,0.11655752413142623,6.0,10000
temporal,year_based,lightgbm_weighted,future_2024,future_2024,overall_equal_class_mean,feature_pedestrian_crossing,0.09521010397840513,9.0,10000
temporal,year_based,lightgbm_weighted,future_2024,future_2024,overall_equal_class_mean,feature_light_conditions,0.05243682230200364,14.0,10000
temporal,year_based,lightgbm_weighted,future_2024,future_2024,overall_equal_class_mean,feature_weather_conditions,0.12230048939365538,5.0,10000
temporal,year_based,lightgbm_weighted,future_2024,future_2024,overall_equal_class_mean,feature_road_surface_conditions,0.049703575215837216,15.0,10000
temporal,year_based,lightgbm_weighted,future_2024,future_2024,overall_equal_class_mean,feature_special_conditions_at_site,0.49372809012200053,1.0,10000
temporal,year_based,lightgbm_weighted,future_2024,future_2024,overall_equal_class_mean,feature_carriageway_hazards,0.04005935778870186,16.0,10000
temporal,year_based,lightgbm_weighted,future_2024,future_2024,overall_equal_class_mean,feature_urban_or_rural_area,0.08811728811676071,10.0,10000
temporal,year_based,lightgbm_weighted,future_2024,future_2024,overall_equal_class_mean,feature_trunk_road_flag,0.03738045257787085,17.0,10000
temporal,year_based,lightgbm_weighted,future_2024,future_2024,overall_equal_class_mean,feature_speed_limit,0.21507135499194563,2.0,10000
temporal,year_based,lightgbm_weighted,future_2024,future_2024,overall_equal_class_mean,feature_month,0.07648994702619633,12.0,10000
temporal,year_based,lightgbm_weighted,future_2024,future_2024,overall_equal_class_mean,feature_hour,0.1362444518414754,4.0,10000
temporal,year_based,lightgbm_weighted,future_2024,future_2024,Slight,feature_day_of_week,0.04012253921174085,15.0,10000
temporal,year_based,lightgbm_weighted,future_2024,future_2024,Slight,feature_first_road_class,0.0438024603632977,14.0,10000
temporal,year_based,lightgbm_weighted,future_2024,future_2024,Slight,feature_road_type,0.09142666282130302,5.0,10000
temporal,year_based,lightgbm_weighted,future_2024,future_2024,Slight,feature_junction_detail,0.07019542105314348,7.0,10000
temporal,year_based,lightgbm_weighted,future_2024,future_2024,Slight,feature_junction_control,0.05390302126946872,10.0,10000
temporal,year_based,lightgbm_weighted,future_2024,future_2024,Slight,feature_second_road_class,0.09918822640377416,4.0,10000
temporal,year_based,lightgbm_weighted,future_2024,future_2024,Slight,feature_pedestrian_crossing,0.0511320704463242,11.0,10000
temporal,year_based,lightgbm_weighted,future_2024,future_2024,Slight,feature_light_conditions,0.06712258553566433,8.0,10000
temporal,year_based,lightgbm_weighted,future_2024,future_2024,Slight,feature_weather_conditions,0.06619366414089174,9.0,10000
temporal,year_based,lightgbm_weighted,future_2024,future_2024,Slight,feature_road_surface_conditions,0.024535165430153112,16.0,10000
temporal,year_based,lightgbm_weighted,future_2024,future_2024,Slight,feature_special_conditions_at_site,0.22723278955150977,1.0,10000
temporal,year_based,lightgbm_weighted,future_2024,future_2024,Slight,feature_carriageway_hazards,0.01873292045953385,17.0,10000
temporal,year_based,lightgbm_weighted,future_2024,future_2024,Slight,feature_urban_or_rural_area,0.10453889398881772,3.0,10000
temporal,year_based,lightgbm_weighted,future_2024,future_2024,Slight,feature_trunk_road_flag,0.04531162038419588,13.0,10000
temporal,year_based,lightgbm_weighted,future_2024,future_2024,Slight,feature_speed_limit,0.15512649559368014,2.0,10000
temporal,year_based,lightgbm_weighted,future_2024,future_2024,Slight,feature_month,0.05057551844089349,12.0,10000
temporal,year_based,lightgbm_weighted,future_2024,future_2024,Slight,feature_hour,0.08892957236026472,6.0,10000
temporal,year_based,lightgbm_weighted,future_2024,future_2024,Serious,feature_day_of_week,0.03396699880994094,9.0,10000
temporal,year_based,lightgbm_weighted,future_2024,future_2024,Serious,feature_first_road_class,0.05200997954250312,3.0,10000
temporal,year_based,lightgbm_weighted,future_2024,future_2024,Serious,feature_road_type,0.019674482381910507,12.0,10000
temporal,year_based,lightgbm_weighted,future_2024,future_2024,Serious,feature_junction_detail,0.04307809306718216,5.0,10000
temporal,year_based,lightgbm_weighted,future_2024,future_2024,Serious,feature_junction_control,0.03872325713832192,6.0,10000
temporal,year_based,lightgbm_weighted,future_2024,future_2024,Serious,feature_second_road_class,0.03507496084563068,7.0,10000
temporal,year_based,lightgbm_weighted,future_2024,future_2024,Serious,feature_pedestrian_crossing,0.017889104198212935,14.0,10000
temporal,year_based,lightgbm_weighted,future_2024,future_2024,Serious,feature_light_conditions,0.0350645691626643,8.0,10000
temporal,year_based,lightgbm_weighted,future_2024,future_2024,Serious,feature_weather_conditions,0.021459315211314958,11.0,10000
temporal,year_based,lightgbm_weighted,future_2024,future_2024,Serious,feature_road_surface_conditions,0.023568998540140423,10.0,10000
temporal,year_based,lightgbm_weighted,future_2024,future_2024,Serious,feature_special_conditions_at_site,0.016134983193553408,16.0,10000
temporal,year_based,lightgbm_weighted,future_2024,future_2024,Serious,feature_carriageway_hazards,0.017590856626644565,15.0,10000
temporal,year_based,lightgbm_weighted,future_2024,future_2024,Serious,feature_urban_or_rural_area,0.008942191004688611,17.0,10000
temporal,year_based,lightgbm_weighted,future_2024,future_2024,Serious,feature_trunk_road_flag,0.018433361238605304,13.0,10000
temporal,year_based,lightgbm_weighted,future_2024,future_2024,Serious,feature_speed_limit,0.04861918857789286,4.0,10000
temporal,year_based,lightgbm_weighted,future_2024,future_2024,Serious,feature_month,0.057894429655099826,2.0,10000
temporal,year_based,lightgbm_weighted,future_2024,future_2024,Serious,feature_hour,0.06405837268767157,1.0,10000
temporal,year_based,lightgbm_weighted,future_2024,future_2024,Fatal,feature_day_of_week,0.08741451569011886,14.0,10000
temporal,year_based,lightgbm_weighted,future_2024,future_2024,Fatal,feature_first_road_class,0.13577505260282288,11.0,10000
temporal,year_based,lightgbm_weighted,future_2024,future_2024,Fatal,feature_road_type,0.3272401744221575,3.0,10000
temporal,year_based,lightgbm_weighted,future_2024,future_2024,Fatal,feature_junction_detail,0.21187421809674184,9.0,10000
temporal,year_based,lightgbm_weighted,future_2024,future_2024,Fatal,feature_junction_control,0.24152318532261424,6.0,10000
temporal,year_based,lightgbm_weighted,future_2024,future_2024,Fatal,feature_second_road_class,0.21540938514487384,8.0,10000
temporal,year_based,lightgbm_weighted,future_2024,future_2024,Fatal,feature_pedestrian_crossing,0.2166091372906782,7.0,10000
temporal,year_based,lightgbm_weighted,future_2024,future_2024,Fatal,feature_light_conditions,0.05512331220768228,16.0,10000
temporal,year_based,lightgbm_weighted,future_2024,future_2024,Fatal,feature_weather_conditions,0.27924848882875947,4.0,10000
temporal,year_based,lightgbm_weighted,future_2024,future_2024,Fatal,feature_road_surface_conditions,0.10100656167721812,13.0,10000
temporal,year_based,lightgbm_weighted,future_2024,future_2024,Fatal,feature_special_conditions_at_site,1.2378164976209385,1.0,10000
temporal,year_based,lightgbm_weighted,future_2024,future_2024,Fatal,feature_carriageway_hazards,0.08385429627992716,15.0,10000
temporal,year_based,lightgbm_weighted,future_2024,future_2024,Fatal,feature_urban_or_rural_area,0.15087077935677579,10.0,10000
temporal,year_based,lightgbm_weighted,future_2024,future_2024,Fatal,feature_trunk_road_flag,0.04839637611081137,17.0,10000
temporal,year_based,lightgbm_weighted,future_2024,future_2024,Fatal,feature_speed_limit,0.44146838080426387,2.0,10000
temporal,year_based,lightgbm_weighted,future_2024,future_2024,Fatal,feature_month,0.12099989298259566,12.0,10000
temporal,year_based,lightgbm_weighted,future_2024,future_2024,Fatal,feature_hour,0.2557454104764899,5.0,10000
