iteration,validation_multi_logloss,change_from_previous_iteration,is_checkpoint
1,1.0902165686167906,,False
2,1.0826427515638057,-0.007573817052984877,False
3,1.0757821139276031,-0.006860637636202593,False
4,1.069605233212057,-0.006176880715546229,False
5,1.0639726933840987,-0.005632539827958194,False
6,1.058826567083336,-0.005146126300762832,False
7,1.0540985399134755,-0.004728027169860427,False
8,1.04967018643097,-0.004428353482505365,False
9,1.045635974530856,-0.004034211900113993,False
10,1.0418399505113676,-0.003796024019488531,False
11,1.0383982637153988,-0.0034416867959687902,False
12,1.0351822108837825,-0.0032160528316163006,False
13,1.0321112999047242,-0.0030709109790583167,False
14,1.029202849151125,-0.0029084507535992454,False
15,1.026690140216121,-0.0025127089350038823,False
16,1.0240809872686654,-0.002609152947455673,False
17,1.0216518431468913,-0.002429144121774085,False
18,1.0194265273005505,-0.0022253158463407807,False
19,1.0172647611732182,-0.0021617661273323208,False
20,1.0152823702303042,-0.0019823909429139697,False
21,1.0133676322236442,-0.0019147380066599773,False
22,1.0116304559333777,-0.0017371762902664845,False
23,1.0099618352394821,-0.0016686206938956172,False
24,1.008251216635573,-0.0017106186039090865,False
25,1.006810360043864,-0.0014408565917090055,False
26,1.005457570819004,-0.0013527892248599294,False
27,1.0040746914603755,-0.0013828793586285748,False
28,1.0028442761468468,-0.0012304153135287432,False
29,1.0014607055009765,-0.0013835706458702468,False
30,1.0003024525618818,-0.0011582529390947727,False
31,0.999045975852943,-0.001256476708938803,False
32,0.9978516383934228,-0.001194337459520134,False
33,0.9968015981197158,-0.0010500402737070313,False
34,0.9957580803292088,-0.0010435177905070425,False
35,0.9947618498524182,-0.0009962304767905383,False
36,0.9937459917233298,-0.0010158581290884428,False
37,0.9927738020979475,-0.0009721896253822582,False
38,0.9918783367213307,-0.0008954653766167775,False
39,0.9910244749326667,-0.0008538617886640898,False
40,0.9901988969519981,-0.0008255779806685126,False
41,0.9893784534086003,-0.0008204435433978308,False
42,0.9886637958528836,-0.0007146575557167578,False
43,0.9878769930129297,-0.0007868028399538041,False
44,0.9871826811428648,-0.0006943118700649675,False
45,0.9865884053911049,-0.000594275751759854,False
46,0.9858896149373761,-0.0006987904537287815,False
47,0.985319322456783,-0.0005702924805931486,False
48,0.9846163761943374,-0.0007029462624456029,False
49,0.9840469182679765,-0.0005694579263608723,False
50,0.9834420160370562,-0.0006049022309203567,False
51,0.9828761386845809,-0.0005658773524752636,False
52,0.9822506140453339,-0.0006255246392470326,False
53,0.981716413825909,-0.0005342002194248519,False
54,0.9812737746302879,-0.00044263919562115284,False
55,0.9806780970969109,-0.0005956775333769704,False
56,0.9802384617894044,-0.0004396353075064585,False
57,0.9796872071807365,-0.0005512546086678949,False
58,0.9791984429769006,-0.000488764203835923,False
59,0.978722919800019,-0.0004755231768815982,False
60,0.978260586564125,-0.0004623332358940635,False
61,0.9777855072170114,-0.0004750793471135495,False
62,0.9773309860687716,-0.00045452114823985035,False
63,0.9768848922630479,-0.00044609380572369073,False
64,0.976445087111344,-0.0004398051517038315,False
65,0.9760389090017536,-0.0004061781095904271,False
66,0.9756422464000878,-0.00039666260166582035,False
67,0.9751422858495273,-0.0004999605505604521,False
68,0.9746956741064844,-0.00044661174304294615,False
69,0.9742529840646779,-0.00044269004180652605,False
70,0.973858345818539,-0.00039463824613883425,False
71,0.9733928095201331,-0.00046553629840595523,False
72,0.972999319464143,-0.0003934900559900978,False
73,0.9725658122143395,-0.00043350724980351085,False
74,0.9721335703363495,-0.0004322418779899584,False
75,0.9717133421778409,-0.0004202281585086176,False
76,0.9713814692428626,-0.0003318729349782723,False
77,0.971119201699959,-0.00026226754290359366,False
78,0.9707645647512965,-0.0003546369486625567,False
79,0.9704345379857526,-0.0003300267655438338,False
80,0.9700155623168283,-0.00041897566892434845,False
81,0.969660385180756,-0.0003551771360722489,False
82,0.9693075212662264,-0.00035286391452959975,False
83,0.9689431492580887,-0.00036437200813776993,False
84,0.9685714048767834,-0.0003717443813052723,False
85,0.9683239905263878,-0.00024741435039554727,False
86,0.9680855731514931,-0.00023841737489471715,False
87,0.9677438032638769,-0.00034176988761625005,False
88,0.9674071255861393,-0.0003366776777375957,False
89,0.9671134852403966,-0.00029364034574264064,False
90,0.9667894375488617,-0.0003240476915349344,False
91,0.9664611873305721,-0.0003282502182896385,False
92,0.9661934435734788,-0.0002677437570932639,False
93,0.9659243377642254,-0.00026910580925343375,False
94,0.9656959186525781,-0.00022841911164728224,False
95,0.9653702150028265,-0.0003257036497515964,False
96,0.9650585586576618,-0.0003116563451647236,False
97,0.9648022430139279,-0.00025631564373385096,False
98,0.9644928590732321,-0.00030938394069579545,False
99,0.9643073521743066,-0.00018550689892549155,False
100,0.964069808103038,-0.00023754407126863608,False
101,0.9638021467303542,-0.00026766137268374735,False
102,0.9635222388355555,-0.00027990789479870326,False
103,0.9632322771440843,-0.00028996169147121886,False
104,0.9629891387549456,-0.00024313838913869734,False
105,0.9628052186060192,-0.00018392014892643083,False
106,0.9626062088063717,-0.0001990097996474871,False
107,0.9623632811469687,-0.00024292765940303607,False
108,0.962164989933044,-0.00019829121392467286,False
109,0.9618782700986955,-0.00028671983434847004,False
110,0.9616601466250327,-0.00021812347366279017,False
111,0.9615100832348762,-0.0001500633901565518,False
112,0.9612860149427797,-0.00022406829209653534,False
113,0.9610429582331089,-0.00024305670967073034,False
114,0.9608673486529071,-0.0001756095802017965,False
115,0.960663758356645,-0.0002035902962621572,False
116,0.9605176439357161,-0.00014611442092882232,False
117,0.9603466143156477,-0.00017102962006843025,False
118,0.960109963320534,-0.00023665099511371857,False
119,0.9598907217645148,-0.0002192415560191563,False
120,0.9597350698635231,-0.00015565190099176007,False
121,0.9595094058469373,-0.00022566401658574708,False
122,0.9593828344381117,-0.00012657140882565976,False
123,0.9592066916394189,-0.00017614279869282434,False
124,0.9589896690985645,-0.00021702254085431694,False
125,0.9588601798730005,-0.00012948922556399456,False
126,0.9586204393529885,-0.00023974052001207724,False
127,0.9584570939167227,-0.00016334543626572717,False
128,0.9582807144140036,-0.00017637950271909286,False
129,0.958054908095909,-0.0002258063180946568,False
130,0.9578768972251193,-0.00017801087078972433,False
131,0.9577051189134976,-0.0001717783116216287,False
132,0.9575389468943915,-0.00016617201910618107,False
133,0.9573469180443757,-0.00019202885001579073,False
134,0.9571837860244883,-0.0001631320198873798,False
135,0.9569859402839919,-0.00019784574049641623,False
136,0.9567874924481496,-0.00019844783584221926,False
137,0.956585879701927,-0.0002016127462226569,False
138,0.9564117331572697,-0.0001741465446573054,False
139,0.956236567011816,-0.0001751661454536535,False
140,0.9560894004511272,-0.00014716656068880507,False
141,0.9559646725648425,-0.00012472788628470344,False
142,0.9557967520123217,-0.00016792055252079496,False
143,0.9556630926174627,-0.00013365939485898704,False
144,0.955440599359836,-0.00022249325762668803,False
145,0.9552617444447022,-0.00017885491513380813,False
146,0.9550941192188432,-0.00016762522585900275,False
147,0.9549584529885132,-0.00013566623033001157,False
148,0.9548155294451077,-0.00014292354340550428,False
149,0.9546731387263205,-0.00014239071878718867,False
150,0.9545336074000867,-0.00013953132623378828,False
151,0.9543474649440656,-0.00018614245602111001,False
152,0.9542373373016731,-0.00011012764239248796,False
153,0.9541076029039786,-0.00012973439769459194,False
154,0.9539503662057234,-0.00015723669825518094,False
155,0.9537844105643861,-0.0001659556413372565,False
156,0.9536435759169892,-0.00014083464739689244,False
157,0.953481236723656,-0.00016233919333319413,False
158,0.9532914135239557,-0.0001898231997002897,False
159,0.9531413444240417,-0.00015006909991399642,False
160,0.9529504442318056,-0.00019090019223610977,False
161,0.952787895480513,-0.0001625487512926238,False
162,0.9526197186038721,-0.00016817687664094638,False
163,0.9524665154448285,-0.00015320315904354675,False
164,0.9523380952380794,-0.00012842020674908028,False
165,0.9521944336395105,-0.0001436615985689338,False
166,0.9520667209069263,-0.00012771273258416205,False
167,0.9519512338615995,-0.00011548704532682308,False
168,0.9518359455728085,-0.00011528828879103781,False
169,0.9516453989251842,-0.00019054664762430118,False
170,0.9514569606401672,-0.00018843828501702298,False
171,0.9513325841571335,-0.00012437648303365023,False
172,0.951212157408163,-0.00012042674897050354,False
173,0.9510997984164702,-0.00011235899169281804,False
174,0.9509002370049642,-0.0001995614115060107,False
175,0.9507559584358561,-0.00014427856910803616,False
176,0.950621685535366,-0.00013427290049017326,False
177,0.9504837322709389,-0.0001379532644271153,False
178,0.9503784910032202,-0.0001052412677186032,False
179,0.9502405765799934,-0.0001379144232268592,False
180,0.9501056826060628,-0.00013489397393062763,False
181,0.9499899441530267,-0.00011573845303602948,False
182,0.9498542073166353,-0.0001357368363914535,False
183,0.9497016180548389,-0.00015258926179639865,False
184,0.9495409069319526,-0.0001607111228862923,False
185,0.9494102681303153,-0.00013063880163732833,False
186,0.949267470362446,-0.000142797767869296,False
187,0.9491186528969883,-0.0001488174654576957,False
188,0.9489656166709577,-0.00015303622603057843,False
189,0.9487966366332659,-0.0001689800376918349,False
190,0.9486736289792539,-0.000123007654011964,False
191,0.9485078047168258,-0.00016582426242806036,False
192,0.9483516584096613,-0.0001561463071645397,False
193,0.9482414802943411,-0.00011017811532021415,False
194,0.9480570664177521,-0.00018441387658896247,False
195,0.9479125873398258,-0.00014447907792636272,False
196,0.9477775891257108,-0.0001349982141150008,False
197,0.9476642444668409,-0.00011334465886980727,False
198,0.9475164761469068,-0.0001477683199341273,False
199,0.9473741520678799,-0.00014232407902692312,False
200,0.9472586188030965,-0.00011553326478341841,False
201,0.9471062544327795,-0.0001523643703169597,False
202,0.946961042916838,-0.00014521151594149018,False
203,0.9467876182291532,-0.0001734246876847756,False
204,0.9466557837565118,-0.00013183447264142334,False
205,0.9464747487345948,-0.0001810350219170198,False
206,0.9463583615255348,-0.00011638720906004263,False
207,0.9462387736717485,-0.000119587853786296,False
208,0.9461089352888339,-0.00012983838291458216,False
209,0.9459419410467235,-0.0001669942421104187,False
210,0.9458029643196827,-0.0001389767270407738,False
211,0.9456818645427438,-0.00012109977693885998,False
212,0.9455220445109914,-0.00015982003175241122,False
213,0.9454164489444487,-0.00010559556654277102,False
214,0.945302569070094,-0.00011387987435462765,False
215,0.9451692131756946,-0.00013335589439944506,False
216,0.9450491117983912,-0.00012010137730333881,False
217,0.9448933002643264,-0.0001558115340648536,False
218,0.9447822134925918,-0.00011108677173454762,False
219,0.9446233884763459,-0.0001588250162459781,False
220,0.9445081442643125,-0.00011524421203334967,False
221,0.944336826421481,-0.00017131784283153095,False
222,0.9442283097907692,-0.00010851663071176354,False
223,0.9440956773202983,-0.00013263247047090587,False
224,0.9439576618938503,-0.00013801542644797937,False
225,0.9438531187016709,-0.00010454319217945152,False
226,0.9437191966394041,-0.00013392206226681136,False
227,0.9435649496437571,-0.0001542469956469228,False
228,0.943454492813403,-0.00011045683035415532,False
229,0.9433284730638122,-0.00012601974959081108,False
230,0.9432044359661598,-0.00012403709765240745,False
231,0.9430465363364199,-0.00015789962973988825,False
232,0.9428882778780604,-0.0001582584583594837,False
233,0.9427826778823608,-0.00010559999569959011,False
234,0.9426577426327818,-0.0001249352495790168,False
235,0.9424971041386133,-0.00016063849416847464,False
236,0.9423634702962789,-0.0001336338423344463,False
237,0.9422405262053282,-0.00012294409095070513,False
238,0.9421011659195122,-0.00013936028581595927,False
239,0.941971854556464,-0.00012931136304816793,False
240,0.941827812554938,-0.00014404200152606794,False
241,0.9416954158517915,-0.00013239670314646457,False
242,0.9416191529840764,-7.626286771511559e-05,False
243,0.9415246476741604,-9.450530991594874e-05,False
244,0.9414317376473061,-9.291002685429817e-05,False
245,0.9412700618927331,-0.00016167575457304295,False
246,0.9411559224565536,-0.00011413943617955002,False
247,0.9410171624055227,-0.00013876005103086175,False
248,0.9409198163731264,-9.734603239630601e-05,False
249,0.9407714545793502,-0.00014836179377619718,False
250,0.9406298077485213,-0.00014164683082884544,False
251,0.94049551768,-0.00013429006852139214,False
252,0.9403935210624116,-0.00010199661758836243,False
253,0.9402512572000564,-0.00014226386235516308,False
254,0.9401192763013512,-0.00013198089870525287,False
255,0.9399506526579954,-0.00016862364335579194,False
256,0.9397832172443796,-0.00016743541361574632,False
257,0.9396414754209333,-0.00014174182344628417,False
258,0.9394800014225078,-0.00016147399842558752,False
259,0.939368927283797,-0.0001110741387108094,False
260,0.9392603101399767,-0.00010861714382026655,False
261,0.9391213109226549,-0.0001389992173217447,False
262,0.9389730547166436,-0.00014825620601133238,False
263,0.938867042746521,-0.00010601197012261032,False
264,0.9387181562060439,-0.00014888654047706673,False
265,0.9385762212113697,-0.00014193499467418658,False
266,0.938509431302016,-6.678990935371498e-05,False
267,0.9383683564852092,-0.00014107481680680767,False
268,0.9382478609685653,-0.00012049551664394809,False
269,0.9381591119686062,-8.874899995903185e-05,False
270,0.9380593366671525,-9.9775301453775e-05,False
271,0.9379302530467863,-0.00012908362036612164,False
272,0.9377976827309353,-0.00013257031585101053,False
273,0.9376519094847612,-0.00014577324617415233,False
274,0.9374985939238726,-0.00015331556088860054,False
275,0.9373995208146203,-9.907310925227897e-05,False
276,0.9372466621921515,-0.0001528586224688322,False
277,0.9371150806915842,-0.00013158150056724605,False
278,0.9370295041793427,-8.557651224150309e-05,False
279,0.936924729463578,-0.00010477471576475494,False
280,0.9368184890786999,-0.00010624038487805354,False
281,0.9366640626834907,-0.0001544263952092395,False
282,0.9365507039142649,-0.00011335876922580201,False
283,0.9364369019746797,-0.0001138019395852119,False
284,0.9363593312189897,-7.757075568992633e-05,False
285,0.936243370448201,-0.00011596077078868117,False
286,0.9360856948217238,-0.00015767562647728273,False
287,0.9359544277295343,-0.00013126709218946875,False
288,0.9358263260860383,-0.0001281016434959703,False
289,0.9356848279870752,-0.00014149809896313315,False
290,0.9355777055822754,-0.00010712240479981983,False
291,0.9354756738913123,-0.00010203169096312248,False
292,0.9353314270592636,-0.00014424683204861122,False
293,0.9352474064171369,-8.402064212675864e-05,False
294,0.9350984608796092,-0.00014894553752764494,False
295,0.9350342313377971,-6.422954181217744e-05,False
296,0.9349133377989437,-0.00012089353885336163,False
297,0.9347913803017545,-0.0001219574971892401,False
298,0.9346808630402877,-0.00011051726146671381,False
299,0.9345640385325412,-0.00011682450774652686,False
300,0.9344479030532822,-0.00011613547925903855,False
301,0.9343218170344613,-0.00012608601882091452,False
302,0.9341709193753015,-0.0001508976591597655,False
303,0.9340611629781942,-0.00010975639710730789,False
304,0.933964697170355,-9.646580783917447e-05,False
305,0.9338521428482024,-0.00011255432215262484,False
306,0.9337146415265193,-0.0001375013216831089,False
307,0.9335832302931159,-0.00013141123340343341,False
308,0.9334999833820871,-8.324691102878923e-05,False
309,0.9334005048616035,-9.947852048353134e-05,False
310,0.9333198764282212,-8.062843338230152e-05,False
311,0.9332271134858744,-9.276294234683569e-05,False
312,0.9331197122819997,-0.00010740120387464636,False
313,0.9329652021911417,-0.00015451009085809542,False
314,0.932815256444909,-0.00014994574623261592,False
315,0.9326815779833826,-0.00013367846152645413,False
316,0.9325699112678233,-0.00011166671555928875,False
317,0.932457382520908,-0.0001125287469152525,False
318,0.9323633814352515,-9.400108565649212e-05,False
319,0.9322601013344003,-0.00010328010085125516,False
320,0.9321500184486732,-0.00011008288572711411,False
321,0.9320485909625484,-0.00010142748612473884,False
322,0.9319505453850283,-9.804557752013388e-05,False
323,0.9318034292722017,-0.0001471161128265841,False
324,0.9316943038431216,-0.000109125429080148,False
325,0.9315782663388972,-0.00011603750422439774,False
326,0.9314730386156822,-0.00010522772321497342,False
327,0.9313544479083399,-0.00011859070734232535,False
328,0.9312124366007546,-0.00014201130758528802,False
329,0.9310582380737716,-0.00015419852698295156,False
330,0.9309668401564587,-9.139791731294089e-05,False
331,0.9308398591538185,-0.00012698100264019185,False
332,0.9307317479947689,-0.00010811115904962865,False
333,0.9306270680518224,-0.00010467994294649507,False
334,0.9305163017862056,-0.0001107662656167907,False
335,0.9304265267004834,-8.977508572216575e-05,False
336,0.9303165729120623,-0.00010995378842115766,False
337,0.930195886481493,-0.00012068643056928341,False
338,0.9300678891382078,-0.00012799734328516887,False
339,0.9299401153286778,-0.00012777380952999629,False
340,0.9298197616395837,-0.00012035368909413258,False
341,0.9296982713250721,-0.00012149031451158532,False
342,0.9295643486786705,-0.00013392264640155194,False
343,0.9294663260148571,-9.802266381342406e-05,False
344,0.9293467463176878,-0.00011957969716935857,False
345,0.9292318766945115,-0.00011486962317630578,False
346,0.9291466878651609,-8.518882935060201e-05,False
347,0.9289986937481015,-0.00014799411705934684,False
348,0.9288706737703681,-0.00012801997773337348,False
349,0.9287500190681137,-0.0001206547022544191,False
350,0.9286516034878215,-9.841558029222153e-05,False
351,0.9285094616492846,-0.0001421418385368911,False
352,0.9284070612180783,-0.0001024004312063509,False
353,0.9283215104578563,-8.555076022198627e-05,False
354,0.9281998327518945,-0.00012167770596172023,False
355,0.9280871868316382,-0.00011264592025639342,False
356,0.9279605764764518,-0.00012661035518635178,False
357,0.9278556134224323,-0.00010496305401952455,False
358,0.9277541786275799,-0.00010143479485236195,False
359,0.9276345911019929,-0.00011958752558705044,False
360,0.9275311142069143,-0.00010347689507861357,False
361,0.9274594968555687,-7.161735134553204e-05,False
362,0.9273135189402477,-0.00014597791532100501,False
363,0.9272130807156144,-0.00010043822463334795,False
364,0.9270977000445767,-0.00011538067103766814,False
365,0.9269719931201555,-0.00012570692442115394,False
366,0.9268401753133858,-0.00013181780676974064,False
367,0.9267210487652908,-0.00011912654809498324,False
368,0.9265874967525498,-0.0001335520127410117,False
369,0.9264633509592799,-0.00012414579326991415,False
370,0.9263378406640139,-0.00012551029526597368,False
371,0.9262270258721423,-0.00011081479187158294,False
372,0.9261182220105875,-0.00010880386155487365,False
373,0.9259982021054962,-0.00012001990509125093,False
374,0.9259061860144299,-9.201609106634923e-05,False
375,0.9257795248072596,-0.00012666120717030882,False
376,0.9256949529480342,-8.457185922539079e-05,False
377,0.9256098862829092,-8.506666512497763e-05,False
378,0.9254783619411249,-0.00013152434178431704,False
379,0.9253982068310371,-8.01551100877429e-05,False
380,0.9253016745549113,-9.653227612582693e-05,False
381,0.9251869492684863,-0.00011472528642497704,False
382,0.9250964381271675,-9.051114131886084e-05,False
383,0.9250181812603075,-7.825686685991595e-05,False
384,0.9249385844946993,-7.959676560820306e-05,False
385,0.9248455176353864,-9.306685931298464e-05,False
386,0.9247058373554398,-0.00013968027994659682,False
387,0.9246207012522152,-8.51361032245812e-05,False
388,0.9245108681396106,-0.00010983311260459594,False
389,0.9244388569824423,-7.201115716826134e-05,False
390,0.9243350004109996,-0.00010385657144273974,False
391,0.9242412910777448,-9.370933325481001e-05,False
392,0.9241609582929377,-8.033278480712447e-05,False
393,0.9240779243036175,-8.303398932019146e-05,False
394,0.9239864352445243,-9.148905909317495e-05,False
395,0.9238889180316406,-9.751721288364656e-05,False
396,0.9238143912839037,-7.452674773689161e-05,False
397,0.9237157526458887,-9.863863801506945e-05,False
398,0.9236138049654845,-0.00010194768040416857,False
399,0.9235140840683947,-9.972089708976117e-05,False
400,0.923438681546549,-7.540252184579099e-05,False
401,0.9233432873879917,-9.539415855730482e-05,False
402,0.9232399735299214,-0.00010331385807027527,False
403,0.9231469559958653,-9.301753405610569e-05,False
404,0.9230865354513484,-6.042054451682599e-05,False
405,0.923025105839492,-6.142961185640061e-05,False
406,0.922955090575935,-7.00152635569884e-05,False
407,0.9228560702825416,-9.90202933934814e-05,False
408,0.9227801859452514,-7.588433729022181e-05,False
409,0.9227076729429473,-7.251300230404212e-05,False
410,0.9225765180339532,-0.0001311549089940689,False
411,0.9224387907139615,-0.0001377273199917317,False
412,0.9223419231383516,-9.686757560989356e-05,False
413,0.9222062079237316,-0.00013571521461996916,False
414,0.9220817341840826,-0.00012447373964907804,False
415,0.9219903501303164,-9.138405376618586e-05,False
416,0.9218753651746432,-0.00011498495567319189,False
417,0.921786697458637,-8.866771600624102e-05,False
418,0.9216676125491636,-0.00011908490947332151,False
419,0.9215842497321326,-8.336281703102966e-05,False
420,0.9215351510625971,-4.909866953550779e-05,False
421,0.9214565086540811,-7.864240851596094e-05,False
422,0.9213617045685535,-9.480408552764441e-05,False
423,0.9212565642741543,-0.00010514029439923078,False
424,0.9211567596913444,-9.980458280989257e-05,False
425,0.9210497186553714,-0.00010704103597292125,False
426,0.9209717124808856,-7.800617448583402e-05,False
427,0.920891615366603,-8.009711428258459e-05,False
428,0.920802444926461,-8.91704401420057e-05,False
429,0.9207040271272187,-9.841779924235627e-05,False
430,0.9205867388381838,-0.0001172882890349003,False
431,0.9204891787138438,-9.756012433992378e-05,False
432,0.920395152403662,-9.402631018184948e-05,False
433,0.920287090238462,-0.00010806216519998468,False
434,0.9201901852995037,-9.690493895830876e-05,False
435,0.9200988385946393,-9.134670486443675e-05,False
436,0.9199964792835423,-0.00010235931109692231,False
437,0.9199181527291286,-7.832655441375458e-05,False
438,0.9197982450365914,-0.00011990769253722444,False
439,0.9196920953038903,-0.00010614973270106631,False
440,0.9196101857522668,-8.190955162346025e-05,False
441,0.9195167625862696,-9.342316599725287e-05,False
442,0.9193953442989395,-0.0001214182873300329,False
443,0.9193098601510377,-8.548414790188197e-05,False
444,0.9192021395850227,-0.00010772056601493496,False
445,0.9191131365267242,-8.900305829850907e-05,False
446,0.9190012279474465,-0.00011190857927767528,False
447,0.9188976686521798,-0.0001035592952667308,False
448,0.918773993314786,-0.00012367533739376935,False
449,0.9186529449544011,-0.00012104836038495659,False
450,0.9185299462507163,-0.0001229987036848179,False
451,0.9184216859145435,-0.00010826033617272746,False
452,0.9183283138078265,-9.337210671700458e-05,False
453,0.9182145913366591,-0.00011372247116747669,False
454,0.9181298924477475,-8.469888891160515e-05,False
455,0.9180174687154515,-0.00011242373229591873,False
456,0.9179055879572993,-0.00011188075815227183,False
457,0.9177933745298877,-0.00011221342741152274,False
458,0.9176842436138262,-0.00010913091606157277,False
459,0.9175727460499762,-0.00011149756384998266,False
460,0.9174798742124189,-9.287183755724016e-05,False
461,0.9173757569070452,-0.00010411730537374098,False
462,0.9172688362344296,-0.0001069206726156402,False
463,0.9171561276383323,-0.00011270859609724404,False
464,0.9170884307599754,-6.769687835694871e-05,False
465,0.9169626406840711,-0.00012579007590429736,False
466,0.9168718817834807,-9.075890059040415e-05,False
467,0.9167930145409624,-7.886724251826571e-05,False
468,0.9166858309102671,-0.00010718363069528447,False
469,0.9165777834758925,-0.00010804743437464737,False
470,0.916477063929082,-0.00010071954681045714,False
471,0.9163710986946927,-0.00010596523438932692,False
472,0.916299850629804,-7.124806488867375e-05,False
473,0.9162063217058253,-9.352892397873624e-05,False
474,0.9160965126107432,-0.0001098090950820696,False
475,0.9159682310759824,-0.00012828153476085458,False
476,0.9158716054338849,-9.662564209744762e-05,False
477,0.9158093460001421,-6.225943374282839e-05,False
478,0.91572343710273,-8.59088974121125e-05,False
479,0.9155983172861428,-0.0001251198165871381,False
480,0.9154912141994973,-0.00010710308664552137,False
481,0.9154267967779819,-6.441742151541696e-05,False
482,0.9153235258010928,-0.0001032709768891138,False
483,0.915191834206361,-0.0001316915947318087,False
484,0.9150859742421712,-0.0001058599641897695,False
485,0.9149820457407681,-0.00010392850140306109,False
486,0.9148635923081584,-0.00011845343260974417,False
487,0.9147568031782634,-0.0001067891298950352,False
488,0.914659169774327,-9.76334039363147e-05,False
489,0.9145517879310481,-0.00010738184327896416,False
490,0.9144751640365476,-7.662389450047158e-05,False
491,0.9143701712024074,-0.00010499283414022731,False
492,0.9142869865656139,-8.318463679346522e-05,False
493,0.9141810636011688,-0.0001059229644451154,False
494,0.9140907546017184,-9.030899945039472e-05,False
495,0.9139940755197662,-9.66790819522112e-05,False
496,0.9139152917113962,-7.878380837000876e-05,False
497,0.9138376315575033,-7.766015389287784e-05,False
498,0.9137471350187103,-9.049653879300568e-05,False
499,0.9136657431707037,-8.13918480065956e-05,False
500,0.9135870827879193,-7.866038278436793e-05,False
501,0.913521710081267,-6.537270665230022e-05,False
502,0.9134206291535004,-0.00010108092776661692,False
503,0.9133149401013093,-0.00010568905219110469,False
504,0.9132465287802077,-6.841132110158021e-05,False
505,0.9131754884428323,-7.10403373754831e-05,False
506,0.9131030911932664,-7.239724956586979e-05,False
507,0.913058610838712,-4.448035455439925e-05,False
508,0.9129653664256844,-9.324441302760444e-05,False
509,0.9128935891472841,-7.17772784002424e-05,False
510,0.9128228562936302,-7.07328536538876e-05,False
511,0.9127355977036933,-8.725858993696711e-05,False
512,0.9126745212088593,-6.107649483400035e-05,False
513,0.9125989930640883,-7.552814477096437e-05,False
514,0.9125146975639358,-8.42955001525425e-05,False
515,0.912445354942952,-6.934262098379218e-05,False
516,0.9123613170510921,-8.4037891859845e-05,False
517,0.9122811305111118,-8.018653998032033e-05,False
518,0.9122009698697615,-8.016064135030199e-05,False
519,0.9121030821387587,-9.788773100283255e-05,False
520,0.9120423837531372,-6.069838562150487e-05,False
521,0.9119812141797596,-6.11695733775397e-05,False
522,0.9118830816969988,-9.813248276080433e-05,False
523,0.9117777834017993,-0.00010529829519956291,False
524,0.9117023991614475,-7.538424035180569e-05,False
525,0.9116447686970361,-5.7630464411317917e-05,False
526,0.9115607935967341,-8.397510030200284e-05,False
527,0.9114788529620522,-8.19406346819207e-05,False
528,0.911402670899318,-7.618206273418693e-05,False
529,0.9113496234889259,-5.304741039213745e-05,False
530,0.9112725486655616,-7.707482336427596e-05,False
531,0.9112106470354892,-6.190163007246952e-05,False
532,0.9111125429436616,-9.810409182753332e-05,False
533,0.9110555869086131,-5.695603504851654e-05,False
534,0.9109969209808457,-5.8665927767376225e-05,False
535,0.9109391511493761,-5.7769831469656197e-05,False
536,0.910845292339803,-9.385880957302195e-05,False
537,0.9107471717019038,-9.812063789926828e-05,False
538,0.9106572558488393,-8.991585306450389e-05,False
539,0.9105740100292138,-8.324581962548816e-05,False
540,0.9104952579969967,-7.87520322170776e-05,False
541,0.9104356602124909,-5.959778450581599e-05,False
542,0.9103695512546851,-6.610895780578829e-05,False
543,0.9102667606903863,-0.00010279056429884914,False
544,0.9102255233251266,-4.123736525962762e-05,False
545,0.9101365803605844,-8.894296454220463e-05,False
546,0.9099886007007019,-0.0001479796598825578,False
547,0.9099249384135034,-6.366228719845157e-05,False
548,0.9098616684544903,-6.326995901306809e-05,False
549,0.9097988743426116,-6.279411187870565e-05,False
550,0.9097286455161548,-7.02288264567974e-05,False
551,0.9096126279315797,-0.00011601758457513434,False
552,0.9095440439225592,-6.858400902054473e-05,False
553,0.909477525559599,-6.651836296012181e-05,False
554,0.9094074841010882,-7.004145851086108e-05,False
555,0.909329504381006,-7.797972008216636e-05,False
556,0.909259604053076,-6.990032792997258e-05,False
557,0.909192126369602,-6.74776834740376e-05,False
558,0.9091354654357106,-5.666093389145033e-05,False
559,0.9090664254226093,-6.904001310126251e-05,False
560,0.9090154386816406,-5.0986740968705924e-05,False
561,0.9089613486693734,-5.40900122671939e-05,False
562,0.9089009049184036,-6.0443750969807475e-05,False
563,0.9088573310547651,-4.357386363851301e-05,False
564,0.9088082491075516,-4.908194721342518e-05,False
565,0.9087761175303193,-3.213157723236382e-05,False
566,0.9087286691859732,-4.744834434611267e-05,False
567,0.908701452138739,-2.7217047234184832e-05,False
568,0.9086589597382788,-4.249240046017011e-05,False
569,0.9086203335315516,-3.862620672723249e-05,False
570,0.9085816160526533,-3.8717478898275814e-05,False
571,0.9085530896713726,-2.8526381280702395e-05,False
572,0.9085142782744574,-3.881139691519486e-05,False
573,0.9084737401955029,-4.053807895454398e-05,False
574,0.908435166830276,-3.8573365226834966e-05,False
575,0.9083387051633911,-9.64616668849283e-05,False
576,0.9082972309143881,-4.147424900302621e-05,False
577,0.9082662174073143,-3.101350707379602e-05,False
578,0.9081622277278297,-0.00010398967948455073,False
579,0.9081257361189358,-3.6491608893962635e-05,False
580,0.9081050336099064,-2.0702509029413285e-05,False
581,0.9080813556691725,-2.367794073387941e-05,False
582,0.9080425971429886,-3.875852618384634e-05,False
583,0.9080288768090735,-1.3720333915112626e-05,False
584,0.9080159585438556,-1.291826521787609e-05,False
585,0.9078984459522708,-0.00011751259158487848,False
586,0.9078629669328788,-3.547901939193743e-05,False
587,0.9078147483929903,-4.821853988856706e-05,False
588,0.9077564609121288,-5.828748086145197e-05,False
589,0.9077244489924073,-3.201191972146411e-05,False
590,0.9076627155826634,-6.173340974391373e-05,False
591,0.9076446809119518,-1.8034670711597478e-05,False
592,0.907577835375774,-6.684553617786193e-05,False
593,0.9075057884910542,-7.20468847197342e-05,False
594,0.9074279904736713,-7.779801738294623e-05,False
595,0.9073800960694334,-4.789440423791369e-05,False
596,0.9073418257815307,-3.827028790270859e-05,False
597,0.9073030090560834,-3.8816725447254896e-05,False
598,0.9072625785869207,-4.043046916268889e-05,False
599,0.9071985432601356,-6.403532678511681e-05,False
600,0.9071109616200491,-8.758164008648706e-05,False
601,0.9070531252358833,-5.783638416578807e-05,False
602,0.9069993055289864,-5.381970689688487e-05,False
603,0.9068885290134904,-0.00011077651549606937,False
604,0.9067641201712857,-0.00012440884220465964,False
605,0.9067029066374572,-6.121353382848582e-05,False
606,0.9065894074235125,-0.0001134992139447677,False
607,0.9065034940759881,-8.591334752439117e-05,False
608,0.9064295032163101,-7.39908596779637e-05,False
609,0.9063696594034392,-5.984381287094109e-05,False
610,0.9062921174737604,-7.75419296787927e-05,False
611,0.9062063400311667,-8.577744259363751e-05,False
612,0.9061309497989144,-7.539023225233699e-05,False
613,0.9060290803409726,-0.00010186945794177227,False
614,0.9059600033255745,-6.90770153981557e-05,False
615,0.9058937957243592,-6.620760121522906e-05,False
616,0.9057975068695894,-9.628885476986593e-05,False
617,0.9057232101142264,-7.429675536296809e-05,False
618,0.905622782235066,-0.00010042787916042517,False
619,0.905544031409081,-7.875082598496341e-05,False
620,0.9054596271841098,-8.440422497124622e-05,False
621,0.9053772636915558,-8.23634925539718e-05,False
622,0.9053068287123425,-7.043497921332964e-05,False
623,0.9052479941593925,-5.88345529499712e-05,False
624,0.905169864387638,-7.8129771754476e-05,False
625,0.9051058522644351,-6.401212320295002e-05,False
626,0.9050291788223223,-7.66734421128179e-05,False
627,0.9049517565188911,-7.742230343110723e-05,False
628,0.9048600918454928,-9.166467339838391e-05,False
629,0.9047745228202828,-8.55690252099528e-05,False
630,0.9046938704788235,-8.065234145926414e-05,False
631,0.9046112279657622,-8.26425130613373e-05,False
632,0.9045057369028896,-0.00010549106287260912,False
633,0.9044434232108635,-6.231369202613912e-05,False
634,0.9043865429890449,-5.688022181860042e-05,False
635,0.904335558290211,-5.0984698833911324e-05,False
636,0.9042651366896401,-7.042160057080249e-05,False
637,0.9042067763018362,-5.8360387803935154e-05,False
638,0.9041162496039461,-9.052669789011425e-05,False
639,0.9040718643046451,-4.438529930095303e-05,False
640,0.9039786615508004,-9.320275384472332e-05,False
641,0.9038966275877804,-8.203396301997845e-05,False
642,0.9037849573812943,-0.00011167020648616965,False
643,0.9037074978831828,-7.745949811144293e-05,False
644,0.9036306480430436,-7.684984013922591e-05,False
645,0.9035802490185683,-5.0399024475344945e-05,False
646,0.9034813908386075,-9.885817996080348e-05,False
647,0.9033940961056127,-8.7294732994736e-05,False
648,0.9033249220803142,-6.91740252984907e-05,False
649,0.9032365281439126,-8.839393640158733e-05,False
650,0.9031438241250448,-9.270401886785073e-05,False
651,0.9030564760150172,-8.734811002764076e-05,False
652,0.9029807189209759,-7.575709404128439e-05,False
653,0.9028965686990595,-8.415022191632371e-05,False
654,0.902850698458443,-4.587024061653011e-05,False
655,0.9027618432744664,-8.885518397661052e-05,False
656,0.9026495166972766,-0.0001123265771898474,False
657,0.902578842419859,-7.06742774175817e-05,False
658,0.902534054597849,-4.4787822010006195e-05,False
659,0.9024963092480849,-3.77453497640845e-05,False
660,0.902450897899931,-4.54113481538343e-05,False
661,0.9024155096346632,-3.5388265267832786e-05,False
662,0.9023829344703189,-3.257516434429508e-05,False
663,0.902344684730827,-3.824973949195787e-05,False
664,0.90231436315582,-3.032157500693078e-05,False
665,0.9022531403136429,-6.122284217713325e-05,False
666,0.9021908855755173,-6.22547381256e-05,False
667,0.9021042107432439,-8.667483227342565e-05,False
668,0.9020247190255166,-7.949171772725361e-05,False
669,0.9019091846465238,-0.00011553437899280983,False
670,0.9018210451157168,-8.813953080699655e-05,False
671,0.9017080454541125,-0.00011299966160427388,False
672,0.9016603517273588,-4.769372675372807e-05,False
673,0.9015917135992491,-6.863812810975478e-05,False
674,0.9015426397777659,-4.9073821483114344e-05,False
675,0.9014510972692148,-9.154250855114565e-05,False
676,0.9013804148983893,-7.068237082552553e-05,False
677,0.9012808010677982,-9.96138305910943e-05,False
678,0.9012210910789973,-5.97099888008934e-05,False
679,0.9011301147868193,-9.097629217802439e-05,False
680,0.9010575137156074,-7.26010712118752e-05,False
681,0.9009670099294088,-9.050378619857025e-05,False
682,0.9009088345279848,-5.817540142405431e-05,False
683,0.9008299454214423,-7.888910654241243e-05,False
684,0.9007851810971779,-4.476432426447907e-05,False
685,0.9007228396785225,-6.234141865535392e-05,False
686,0.9006245212502576,-9.831842826490966e-05,False
687,0.9005497096451642,-7.481160509337226e-05,False
688,0.9004664604550568,-8.324919010738174e-05,False
689,0.9003695365736786,-9.692388137827468e-05,False
690,0.9002811875584733,-8.834901520526905e-05,False
691,0.9002127958153766,-6.839174309669627e-05,False
692,0.9001521528155753,-6.064299980135246e-05,False
693,0.9000891165451671,-6.303627040815662e-05,False
694,0.900029477887339,-5.9638657828098296e-05,False
695,0.8999738361171038,-5.564177023520411e-05,False
696,0.8998878311301483,-8.60049869555457e-05,False
697,0.899827014474821,-6.0816655327200486e-05,False
698,0.8997772723561058,-4.9742118715223604e-05,False
699,0.8997115504220149,-6.57219340909343e-05,False
700,0.8996213272382566,-9.022318375828675e-05,False
701,0.8995517022080465,-6.962503021012978e-05,False
702,0.8994801471313906,-7.155507665590477e-05,False
703,0.8994136269979022,-6.652013348840136e-05,False
704,0.8993333297491138,-8.029724878833022e-05,False
705,0.8992735740931241,-5.975565598970167e-05,False
706,0.8992024010722497,-7.117302087444877e-05,False
707,0.8991418620283912,-6.053904385849851e-05,False
708,0.8990852760507466,-5.658597764457429e-05,False
709,0.8990347656097509,-5.051044099568802e-05,False
710,0.8989807807501893,-5.3984859561651e-05,False
711,0.8989143902829438,-6.639046724543629e-05,False
712,0.8988738303667283,-4.0559916215543446e-05,False
713,0.8987845552794795,-8.927508724876354e-05,False
714,0.8987014462841383,-8.310899534125227e-05,False
715,0.8986204662305569,-8.098005358136984e-05,False
716,0.8985625627339917,-5.790349656520366e-05,False
717,0.8984845290878017,-7.803364618996778e-05,False
718,0.8984290362446662,-5.5492843135551695e-05,False
719,0.8983471637151158,-8.187252955038637e-05,False
720,0.8983012850973595,-4.5878617756289763e-05,False
721,0.8982132477120892,-8.803738527030092e-05,False
722,0.8981362413941025,-7.700631798668311e-05,False
723,0.8980810424306863,-5.519896341621422e-05,False
724,0.8980256916616056,-5.535076908069758e-05,False
725,0.8979652101063016,-6.04815553040261e-05,False
726,0.8979042855577347,-6.0924548566876346e-05,False
727,0.8978387177576099,-6.556780012478836e-05,False
728,0.8977786016613624,-6.011609624756442e-05,False
729,0.8976935927228867,-8.500893847562807e-05,False
730,0.8975972249856015,-9.636773728527448e-05,False
731,0.8975218370790309,-7.53879065705787e-05,False
732,0.8974302382518955,-9.159882713538625e-05,False
733,0.8973457828433627,-8.445540853274647e-05,False
734,0.8973129344325811,-3.2848410781660675e-05,False
735,0.8972576217189251,-5.5312713655997214e-05,False
736,0.8971895545015882,-6.806721733687571e-05,False
737,0.8971011058504229,-8.844865116530709e-05,False
738,0.8970454251008451,-5.568074957784663e-05,False
739,0.8969572649719914,-8.816012885370927e-05,False
740,0.8968863657308919,-7.089924109948686e-05,False
741,0.8968257947381059,-6.057099278600209e-05,False
742,0.8967448760072512,-8.091873085469548e-05,False
743,0.8966464068408568,-9.846916639433267e-05,False
744,0.8965499438686053,-9.64629722515209e-05,False
745,0.8964473134132419,-0.00010263045536340609,False
746,0.8963610434001178,-8.627001312411231e-05,False
747,0.896295071758456,-6.597164166177727e-05,False
748,0.8962565769818572,-3.849477659878531e-05,False
749,0.8962134121051724,-4.3164876684875786e-05,False
750,0.8961341180408234,-7.929406434892261e-05,False
751,0.8960661318612573,-6.79861795661596e-05,False
752,0.896017101035521,-4.9030825736262607e-05,False
753,0.8960016970931723,-1.5403942348668487e-05,False
754,0.8959493304136827,-5.236667948960161e-05,False
755,0.8958836889302801,-6.56414834026009e-05,False
756,0.89579742642274,-8.626250754018017e-05,False
757,0.8957208474614456,-7.657896129431574e-05,False
758,0.89565578518706,-6.506227438562995e-05,False
759,0.895563491627729,-9.229355933104699e-05,False
760,0.8954691969012873,-9.429472644162384e-05,False
761,0.8953970449868804,-7.215191440690383e-05,False
762,0.8953187948713889,-7.825011549156269e-05,False
763,0.8952493833409075,-6.941153048134474e-05,False
764,0.8951641631132282,-8.52202276793168e-05,False
765,0.8950691172251443,-9.504588808395553e-05,False
766,0.8949999223897346,-6.919483540968052e-05,False
767,0.8949148086629111,-8.511372682351581e-05,False
768,0.8948334016805819,-8.140698232916854e-05,False
769,0.8947723837799739,-6.101790060797363e-05,False
770,0.8946943276652175,-7.80561147564196e-05,False
771,0.894597569229325,-9.675843589251887e-05,False
772,0.894522288358457,-7.528087086794422e-05,False
773,0.8944270780646535,-9.521029380354928e-05,False
774,0.8943594639263828,-6.761413827072182e-05,False
775,0.8942814818336435,-7.798209273923717e-05,False
776,0.8942152456451002,-6.623618854328939e-05,False
777,0.8941189807708546,-9.62648742456329e-05,False
778,0.8940515955347017,-6.738523615290593e-05,False
779,0.8939454115113175,-0.00010618402338424815,False
780,0.8938629313037323,-8.248020758516716e-05,False
781,0.893785256564922,-7.767473881026277e-05,False
782,0.8937091552053498,-7.610135957225594e-05,False
783,0.8936472540280747,-6.190117727511435e-05,False
784,0.8935538838368804,-9.337019119426415e-05,False
785,0.8934779125402873,-7.597129659309143e-05,False
786,0.8934013056484577,-7.660689182964475e-05,False
787,0.8933286920945961,-7.261355386156687e-05,False
788,0.8932557167829404,-7.29753116557319e-05,False
789,0.8931829984314564,-7.271835148392469e-05,False
790,0.8930989851101143,-8.401332134211348e-05,False
791,0.8930256021086932,-7.338300142112342e-05,False
792,0.892947399623587,-7.820248510614913e-05,False
793,0.892885042724983,-6.235689860401017e-05,False
794,0.892807195607329,-7.784711765401742e-05,False
795,0.8927207315681784,-8.646403915057999e-05,False
796,0.8926616507411619,-5.908082701655548e-05,False
797,0.8925741141647656,-8.753657639626322e-05,False
798,0.8924947139449191,-7.940021984653711e-05,False
799,0.8924232344168642,-7.147952805486302e-05,False
800,0.8923528061579186,-7.042825894565397e-05,False
801,0.8922931972213102,-5.960893660839073e-05,False
802,0.8922332784901001,-5.991873121002911e-05,False
803,0.8921807621763791,-5.251631372105159e-05,False
804,0.892115135517664,-6.56266587151233e-05,False
805,0.8920484607182271,-6.667479943689436e-05,False
806,0.8919944211447968,-5.403957343030896e-05,False
807,0.8919332810453257,-6.11400994711131e-05,False
808,0.8918885628600992,-4.471818522644444e-05,False
809,0.8918252962848807,-6.326657521849022e-05,False
810,0.8917668149207101,-5.848136417063721e-05,False
811,0.8917148002297403,-5.201469096982603e-05,False
812,0.89165109725779,-6.370297195024133e-05,False
813,0.8915989253594693,-5.217189832074087e-05,False
814,0.8915444752889731,-5.445007049620365e-05,False
815,0.8914910481812115,-5.3427107761572223e-05,False
816,0.8914262422996617,-6.480588154977873e-05,False
817,0.8913623877992284,-6.385450043333574e-05,False
818,0.8912949473586805,-6.744044054785014e-05,False
819,0.8912193016164107,-7.564574226981424e-05,False
820,0.8911596582662367,-5.964335017405453e-05,False
821,0.8910999515151359,-5.970675110078538e-05,False
822,0.8910243097103833,-7.564180475261306e-05,False
823,0.8909684939809869,-5.5815729396391234e-05,False
824,0.8909141734782572,-5.43205027296878e-05,False
825,0.8908386558246988,-7.551765355839901e-05,False
826,0.8907711205156259,-6.753530907288585e-05,False
827,0.8907243124197931,-4.680809583279544e-05,False
828,0.8906632977648998,-6.101465489327662e-05,False
829,0.8906235357187315,-3.9762046168290155e-05,False
830,0.8905677026566318,-5.58330620997749e-05,False
831,0.8905120077095078,-5.569494712398537e-05,False
832,0.8904419538610062,-7.005384850156116e-05,False
833,0.8903990632936406,-4.289056736561658e-05,False
834,0.890344464273905,-5.459901973559056e-05,False
835,0.8903029406006845,-4.152367322052264e-05,False
836,0.8902133389555424,-8.96016451420456e-05,False
837,0.8901598310259364,-5.350792960601147e-05,False
838,0.8901043296438211,-5.5501382115297204e-05,False
839,0.8900676530023921,-3.667664142903426e-05,False
840,0.8900102941710155,-5.735883137658604e-05,False
841,0.8899616723738258,-4.8621797189674076e-05,False
842,0.8898930217996471,-6.865057417870801e-05,False
843,0.8897879699669394,-0.00010505183270770324,False
844,0.8897217771054482,-6.619286149123216e-05,False
845,0.8896389570937746,-8.282001167358999e-05,False
846,0.8895794239669347,-5.953312683992795e-05,False
847,0.8895159188333924,-6.350513354225207e-05,False
848,0.8894730715343528,-4.28472990395834e-05,False
849,0.889393338263287,-7.973327106580719e-05,False
850,0.8893412519563633,-5.208630692377092e-05,False
851,0.8892844869578542,-5.6764998509040154e-05,False
852,0.8891807967881526,-0.00010369016970157574,False
853,0.8891411026610956,-3.96941270570661e-05,False
854,0.8890787262177404,-6.237644335516102e-05,False
855,0.8890404846947669,-3.824152297349226e-05,False
856,0.8889890582503982,-5.142644436872956e-05,False
857,0.8889368686845194,-5.218956587882406e-05,False
858,0.8888816353910569,-5.523329346246442e-05,False
859,0.8888267052073296,-5.4930183727264215e-05,False
860,0.8887765571765976,-5.014803073200014e-05,False
861,0.8887143118989284,-6.224527766929278e-05,False
862,0.8886893179941324,-2.4993904795933553e-05,False
863,0.8886362246114967,-5.3093382635704955e-05,False
864,0.8885881889894073,-4.8035622089437346e-05,False
865,0.8885512976657621,-3.6891323645149576e-05,False
866,0.888510441549825,-4.08561159371823e-05,False
867,0.8884866311901403,-2.3810359684683924e-05,False
868,0.8884381451421656,-4.8486047974694024e-05,False
869,0.8883738615293306,-6.428361283494777e-05,False
870,0.888322155969934,-5.17055593965976e-05,False
871,0.8882597125390472,-6.244343088679383e-05,False
872,0.8882000493716636,-5.966316738359456e-05,False
873,0.8881753326017346,-2.4716769928989635e-05,False
874,0.8881338556923203,-4.1476909414361884e-05,False
875,0.8880859102706283,-4.7945421691952816e-05,False
876,0.8880513790886415,-3.4531181986818815e-05,False
877,0.8880118671097965,-3.951197884499713e-05,False
878,0.8879698477538738,-4.2019355922739976e-05,False
879,0.8879431224646839,-2.672528918989947e-05,False
880,0.8878844792930994,-5.8643171584438214e-05,False
881,0.8878584403805974,-2.6038912502079903e-05,False
882,0.8878048536446225,-5.35867359748865e-05,False
883,0.8877773706334701,-2.7483011152407144e-05,False
884,0.8877265429742907,-5.082765917940879e-05,False
885,0.8877031481249185,-2.3394849372193605e-05,False
886,0.8876846548321337,-1.8493292784804716e-05,False
887,0.887666902321984,-1.7752510149682266e-05,False
888,0.8876143923823554,-5.250993962857553e-05,False
889,0.8875233632727649,-9.102910959046806e-05,False
890,0.8875073605849197,-1.600268784518466e-05,False
891,0.8874432028119495,-6.415777297019698e-05,False
892,0.8873815202353227,-6.168257662686472e-05,False
893,0.8873681886611354,-1.333157418725861e-05,False
894,0.8872939854112981,-7.420324983731241e-05,False
895,0.8872387685235321,-5.5216887765996425e-05,False
896,0.8872060857793389,-3.2682744193213153e-05,False
897,0.887131807246363,-7.427853297592435e-05,False
898,0.8870420497765444,-8.975746981854105e-05,False
899,0.8869706729767592,-7.13767997851944e-05,False
900,0.8869163261736854,-5.4346803073812566e-05,False
901,0.8868605273014603,-5.5798872225176765e-05,False
902,0.8868132321715251,-4.729512993517648e-05,False
903,0.8867228850604755,-9.034711104960458e-05,False
904,0.8866600955357908,-6.278952468463661e-05,False
905,0.8865970693980676,-6.302613772324328e-05,False
906,0.8865537402728453,-4.332912522231336e-05,False
907,0.886483292394068,-7.044787877730219e-05,False
908,0.8863976768705287,-8.561552353925084e-05,False
909,0.8863535293053971,-4.414756513160256e-05,False
910,0.8862840803644787,-6.944894091842624e-05,False
911,0.8862273501177214,-5.673024675734162e-05,False
912,0.8861486173258282,-7.873279189318794e-05,False
913,0.8860865379172239,-6.20794086042542e-05,False
914,0.8860444890185499,-4.204889867398531e-05,False
915,0.8859734911852069,-7.09978333430783e-05,False
916,0.8859109647659803,-6.252641922654956e-05,False
917,0.8858645410228121,-4.6423743168211296e-05,False
918,0.8858280561049146,-3.648491789753905e-05,False
919,0.8857510942802765,-7.696182463801104e-05,False
920,0.8856802702575858,-7.082402269076304e-05,False
921,0.8855931438825153,-8.712637507046761e-05,False
922,0.8855511097692028,-4.2034113312494625e-05,False
923,0.8854948862689591,-5.622350024370171e-05,False
924,0.8854256450281978,-6.924124076135296e-05,False
925,0.8853535604355969,-7.208459260088507e-05,False
926,0.8853211490758907,-3.241135970621922e-05,False
927,0.8852319546479381,-8.919442795252142e-05,False
928,0.8851866392643603,-4.5315383577881896e-05,False
929,0.885142247200474,-4.439206388628936e-05,False
930,0.8850831776673215,-5.9069533152489306e-05,False
931,0.8850086943681407,-7.448329918080532e-05,False
932,0.8849318242614131,-7.687010672752237e-05,False
933,0.8848932254113963,-3.8598850016891006e-05,False
934,0.8848060268009098,-8.719861048644972e-05,False
935,0.884721581350637,-8.444545027275208e-05,False
936,0.884663983866102,-5.759748453504354e-05,False
937,0.8846136638181962,-5.032004790583855e-05,False
938,0.8845644533150671,-4.921050312911568e-05,False
939,0.8845149124645071,-4.954085055997037e-05,False
940,0.8844818304967347,-3.308196777240813e-05,False
941,0.884437153276908,-4.467721982670536e-05,False
942,0.8843937327902442,-4.3420486663725555e-05,False
943,0.8843451909368001,-4.854185344416173e-05,False
944,0.8842838827543674,-6.130818243266223e-05,False
945,0.8842274130291132,-5.646972525419347e-05,False
946,0.884188557580027,-3.8855449086216964e-05,False
947,0.8841467611465484,-4.1796433478569206e-05,False
948,0.8840669291000149,-7.983204653350118e-05,False
949,0.8839900738133395,-7.685528667544794e-05,False
950,0.8839256266952663,-6.444711807318537e-05,False
951,0.8838554565388297,-7.017015643662194e-05,False
952,0.8837656149223444,-8.984161648528666e-05,False
953,0.8837038285885673,-6.178633377706966e-05,False
954,0.8836225445005822,-8.128408798513398e-05,False
955,0.8835456673505184,-7.687715006376994e-05,False
956,0.8834833037486286,-6.236360188982548e-05,False
957,0.8833974719479378,-8.583180069077212e-05,False
958,0.8833361900748721,-6.128187306575494e-05,False
959,0.8832533431852501,-8.284688962201248e-05,False
960,0.8831798810833721,-7.346210187797464e-05,False
961,0.8830971465416345,-8.273454173757244e-05,False
962,0.8830411898476686,-5.595669396596392e-05,False
963,0.882995653854307,-4.5535993361545124e-05,False
964,0.8829320831027134,-6.357075159357795e-05,False
965,0.8828678552697176,-6.422783299586676e-05,False
966,0.8828169999364612,-5.085533325632774e-05,False
967,0.8827613375946868,-5.566234177445395e-05,False
968,0.8827199563643505,-4.138123033625707e-05,False
969,0.8826583005851415,-6.165577920902443e-05,False
970,0.8826134242525331,-4.4876332608412284e-05,False
971,0.882533522482989,-7.990176954408845e-05,False
972,0.8824974258751382,-3.609660785075519e-05,False
973,0.8824422228567037,-5.5203018434535345e-05,False
974,0.8823955625567143,-4.666029998945387e-05,False
975,0.8823392310006036,-5.633155611062257e-05,False
976,0.8822583495165588,-8.088148404483686e-05,False
977,0.8822224681586297,-3.588135792909064e-05,False
978,0.8821622491712993,-6.02189873304404e-05,False
979,0.8821114043048214,-5.084486647788378e-05,False
980,0.8820538688014542,-5.753550336717872e-05,False
981,0.8820030355038351,-5.083329761912392e-05,False
982,0.8819172825010885,-8.575300274660247e-05,False
983,0.8818640401706705,-5.3242330417924144e-05,False
984,0.8817791845141053,-8.485565656524141e-05,False
985,0.8817217296402458,-5.745487385955261e-05,False
986,0.8816736467772162,-4.808286302959708e-05,False
987,0.8815826424677149,-9.100430950126359e-05,False
988,0.8815105556989381,-7.208676877679121e-05,False
989,0.8814431830937771,-6.737260516098686e-05,False
990,0.8813988540986462,-4.432899513096e-05,False
991,0.881322980606616,-7.587349203019844e-05,False
992,0.8812676216934229,-5.535891319308206e-05,False
993,0.8811960780636733,-7.154362974959305e-05,False
994,0.8811229371435443,-7.314092012900009e-05,False
995,0.8810617442395533,-6.119290399098087e-05,False
996,0.880975796157971,-8.594808158235434e-05,False
997,0.8809170189654066,-5.877719256430769e-05,False
998,0.8808504099116304,-6.660905377620097e-05,False
999,0.8807954506167074,-5.4959294923051516e-05,False
1000,0.8807508989179766,-4.4551698730743716e-05,False
1001,0.8806904833947002,-6.041552327640254e-05,False
1002,0.8806534150310086,-3.706836369166133e-05,False
1003,0.8806011918476883,-5.2223183320321276e-05,False
1004,0.8805650558175535,-3.6136030134747976e-05,False
1005,0.8805315856265111,-3.347019104238402e-05,False
1006,0.880501019455918,-3.056617059316036e-05,False
1007,0.880464999983832,-3.6019472085979665e-05,False
1008,0.8804374552072138,-2.7544776618149136e-05,False
1009,0.8804079601361133,-2.9495071100504866e-05,False
1010,0.8803750898467787,-3.287028933462999e-05,False
1011,0.8803393211826848,-3.5768664093938085e-05,False
1012,0.8803049595544788,-3.4361628205914485e-05,False
1013,0.8802760292853671,-2.893026911177099e-05,False
1014,0.8802409925306884,-3.50367546786412e-05,False
1015,0.8802004615616315,-4.053096905698439e-05,False
1016,0.8801621364045213,-3.832515711010842e-05,False
1017,0.880128238875217,-3.3897529304383056e-05,False
1018,0.8800928235045505,-3.541537066642508e-05,False
1019,0.8800614961301261,-3.132737442446132e-05,False
1020,0.8800330532529572,-2.8442877168854963e-05,False
1021,0.8799981022758602,-3.4950977097047975e-05,False
1022,0.8799638700972374,-3.423217862275063e-05,False
1023,0.8799261470569946,-3.772304024285411e-05,False
1024,0.8799038945242733,-2.225253272125638e-05,False
1025,0.8798792474509258,-2.4647073347483506e-05,False
1026,0.8798537824483812,-2.5465002544633464e-05,False
1027,0.8798256816006017,-2.8100847779488625e-05,False
1028,0.8798050841597436,-2.059744085813886e-05,False
1029,0.8797893464439277,-1.5737715815866693e-05,False
1030,0.8797553348365087,-3.401160741900444e-05,False
1031,0.8797294470954073,-2.588774110134917e-05,False
1032,0.8797084784122309,-2.0968683176469938e-05,False
1033,0.8796829219476424,-2.5556464588460948e-05,False
1034,0.879652157533858,-3.076441378446759e-05,False
1035,0.8796129516649399,-3.9205868918035236e-05,False
1036,0.8795956568754651,-1.729478947476437e-05,False
1037,0.879562314055067,-3.334282039813008e-05,False
1038,0.8795526319194982,-9.682135568844785e-06,False
1039,0.8795410842500146,-1.1547669483524814e-05,False
1040,0.8795229399538198,-1.8144296194844145e-05,False
1041,0.87950488427965,-1.805567416979237e-05,False
1042,0.8794944636580034,-1.0420621646578532e-05,False
1043,0.8794802066801276,-1.4256977875826138e-05,False
1044,0.8794787975043951,-1.4091757325473964e-06,False
1045,0.8794659760982816,-1.2821406113472378e-05,False
1046,0.8794478156365362,-1.8160461745408973e-05,False
1047,0.8794255433107634,-2.2272325772787482e-05,False
1048,0.879396494264919,-2.9049045844442567e-05,False
1049,0.8793676411325442,-2.885313237477316e-05,False
1050,0.8793488900828503,-1.875104969384367e-05,False
1051,0.8793373292324551,-1.1560850395220257e-05,False
1052,0.87931852972918,-1.8799503275102047e-05,False
1053,0.8792972249638424,-2.1304765337570863e-05,False
1054,0.8792756566547031,-2.1568309139352593e-05,False
1055,0.8792484383823884,-2.7218272314666336e-05,False
1056,0.8792173200875002,-3.11182948882216e-05,False
1057,0.8792026975493096,-1.4622538190622869e-05,False
1058,0.879187262645271,-1.543490403854708e-05,False
1059,0.8791704754146169,-1.6787230654125018e-05,False
1060,0.8791629758849013,-7.499529715571107e-06,False
1061,0.8791560872314004,-6.888653500958242e-06,False
1062,0.8791271029854638,-2.8984245936558573e-05,False
1063,0.8790937835477958,-3.331943766804457e-05,False
1064,0.879077657662274,-1.6125885521800498e-05,False
1065,0.879076405596969,-1.2520653049907793e-06,False
1066,0.8790700454494687,-6.360147500328317e-06,False
1067,0.8790630041795062,-7.0412699624267105e-06,False
1068,0.8790463813639768,-1.6622815529387935e-05,False
1069,0.8790194408303216,-2.6940533655261945e-05,False
1070,0.879004460108276,-1.4980722045532247e-05,False
1071,0.8789893055698397,-1.515453843636827e-05,False
1072,0.878960134553158,-2.9171016681650563e-05,False
1073,0.8789449048281573,-1.5229725000676098e-05,False
1074,0.8789021698232721,-4.273500488527482e-05,False
1075,0.8788874626310953,-1.4707192176777184e-05,False
1076,0.8788700397775673,-1.7422853528015203e-05,False
1077,0.8788375498538757,-3.248992369153658e-05,False
1078,0.8788233387278053,-1.421112607047359e-05,False
1079,0.8788131778385554,-1.0160889249877236e-05,False
1080,0.8787931606038167,-2.0017234738656242e-05,False
1081,0.8787766914281572,-1.6469175659561408e-05,False
1082,0.8787734892224737,-3.20220568350571e-06,False
1083,0.8787620631733145,-1.1426049159157792e-05,False
1084,0.8787493877925097,-1.2675380804849645e-05,False
1085,0.878734583463217,-1.4804329292683605e-05,False
1086,0.8787084856389424,-2.6097824274540216e-05,False
1087,0.8786938677949057,-1.461784403677946e-05,False
1088,0.8786750048556571,-1.8862939248576183e-05,False
1089,0.8786545469314289,-2.0457924228223234e-05,False
1090,0.8786589240488549,4.377117426068722e-06,False
1091,0.8786170551093974,-4.1868939457567755e-05,False
1092,0.8786070408664053,-1.0014242992073541e-05,False
1093,0.8785878262845455,-1.9214581859827717e-05,False
1094,0.8785648982110209,-2.292807352455295e-05,False
1095,0.878537085115471,-2.7813095549888978e-05,False
1096,0.8784913707133453,-4.571440212575162e-05,False
1097,0.8784563858103247,-3.4984903020562896e-05,False
1098,0.8784442771800798,-1.210863024492248e-05,False
1099,0.8784354805121963,-8.79666788344835e-06,False
1100,0.8784071780145782,-2.8302497618093447e-05,False
1101,0.8783905199407073,-1.6658073870967627e-05,False
1102,0.8783731764875442,-1.7343453163065625e-05,False
1103,0.8783190322418819,-5.4144245662302026e-05,False
1104,0.878264533466873,-5.449877500884881e-05,False
1105,0.8782238895476591,-4.064391921398958e-05,False
1106,0.8782069394812939,-1.6950066365151173e-05,False
1107,0.8781761323325811,-3.0807148712841403e-05,False
1108,0.8781404283987151,-3.5703933865982584e-05,False
1109,0.8781221697854551,-1.8258613259991563e-05,False
1110,0.8781048081948141,-1.73615906410296e-05,False
1111,0.8780803824998253,-2.442569498872782e-05,False
1112,0.8780659983499094,-1.4384149915946942e-05,False
1113,0.8780386220299753,-2.737631993410261e-05,False
1114,0.8780298385070173,-8.783522957966916e-06,False
1115,0.8780053530675354,-2.448543948196935e-05,False
1116,0.8779903706957856,-1.4982371749794332e-05,False
1117,0.8779708023979491,-1.9568297836447535e-05,False
1118,0.8779460036316231,-2.4798766325995203e-05,False
1119,0.8779231239141259,-2.2879717497259477e-05,False
1120,0.877919268656043,-3.855258082885449e-06,False
1121,0.87791473124196,-4.5374140830167775e-06,False
1122,0.8779027588712197,-1.1972370740243043e-05,False
1123,0.8778962125944199,-6.546276799856976e-06,False
1124,0.8778843878295398,-1.1824764880041805e-05,False
1125,0.8778669481455981,-1.7439683941744555e-05,False
1126,0.8778541182661252,-1.2829879472819883e-05,False
1127,0.8778291644740895,-2.495379203570902e-05,False
1128,0.8778086820247566,-2.048244933294807e-05,False
1129,0.8777826381691843,-2.6043855572255303e-05,False
1130,0.8777654097990304,-1.7228370153943295e-05,False
1131,0.8777580862531684,-7.32354586197026e-06,False
1132,0.8777482994559795,-9.78679718888209e-06,False
1133,0.8777254661899816,-2.2833265997945773e-05,False
1134,0.8777114104182353,-1.4055771746290802e-05,False
1135,0.8776553464388679,-5.6063979367415584e-05,False
1136,0.8776174967376342,-3.784970123366094e-05,False
1137,0.8775701077037588,-4.738903387546678e-05,False
1138,0.8775318983002947,-3.820940346410673e-05,False
1139,0.8774879817771473,-4.391652314739147e-05,False
1140,0.8774483362260238,-3.9645551123457246e-05,False
1141,0.8774013684908631,-4.696773516066344e-05,False
1142,0.8773690063044851,-3.236218637803212e-05,False
1143,0.8773509238068766,-1.8082497608484793e-05,False
1144,0.8773276416128687,-2.3282194007934187e-05,False
1145,0.8773147005348784,-1.2941077990324956e-05,False
1146,0.8772768207166233,-3.7879818255093234e-05,False
1147,0.8772193811222293,-5.743959439397095e-05,False
1148,0.8771613376592607,-5.804346296856e-05,False
1149,0.877082392810122,-7.894484913872901e-05,False
1150,0.8770374635662013,-4.492924392074382e-05,False
1151,0.8769938996410811,-4.3563925120171376e-05,False
1152,0.8769339853843501,-5.991425673101958e-05,False
1153,0.876885584934214,-4.840045013609906e-05,False
1154,0.8768392623899078,-4.632254430614324e-05,False
1155,0.8768013640342185,-3.789835568934752e-05,False
1156,0.8767536134434644,-4.7750590754125355e-05,False
1157,0.8767094175682475,-4.4195875216868075e-05,False
1158,0.876658772326344,-5.064524190345754e-05,False
1159,0.8766227010827486,-3.607124359539249e-05,False
1160,0.8765810723765216,-4.162870622703707e-05,False
1161,0.8765470457654302,-3.402661109142002e-05,False
1162,0.8765100895228817,-3.695624254851371e-05,False
1163,0.8764670507389469,-4.3038783934745695e-05,False
1164,0.8764220203364527,-4.50304024942616e-05,False
1165,0.8763953883935554,-2.6631942897314964e-05,False
1166,0.876345514464127,-4.9873929428345676e-05,False
1167,0.876283927796075,-6.158666805200497e-05,False
1168,0.8762552660999987,-2.8661696076293097e-05,False
1169,0.8762194835766265,-3.5782523372218655e-05,False
1170,0.8761616958754487,-5.7787701177813844e-05,False
1171,0.8761157550869539,-4.594078849473604e-05,False
1172,0.8760772296775264,-3.8525409427503376e-05,False
1173,0.8760230123738795,-5.421730364696398e-05,False
1174,0.8759591421068349,-6.387026704457455e-05,False
1175,0.8759128245728036,-4.631753403128158e-05,False
1176,0.8758515905972392,-6.123397556445642e-05,False
1177,0.8758152451438512,-3.634545338793149e-05,False
1178,0.8757878681837263,-2.737696012489188e-05,False
1179,0.8757571711839373,-3.069699978908158e-05,False
1180,0.8757294271282631,-2.77440556741837e-05,False
1181,0.875688655632332,-4.077149593106899e-05,False
1182,0.8756480547596901,-4.060087264190493e-05,False
1183,0.8756070017348219,-4.10530248682317e-05,False
1184,0.8755743353937928,-3.266634102905286e-05,False
1185,0.8755367295685841,-3.760582520873079e-05,False
1186,0.8755028183256204,-3.391124296370229e-05,False
1187,0.8754737598386457,-2.905848697465352e-05,False
1188,0.8754538273526966,-1.9932485949114565e-05,False
1189,0.8754115805681884,-4.2246784508259694e-05,False
1190,0.8753708413111302,-4.073925705816439e-05,False
1191,0.8753312882081103,-3.9553103019840385e-05,False
1192,0.875289956562074,-4.133164603636885e-05,False
1193,0.8752502193987625,-3.973716331151511e-05,False
1194,0.8751782444446684,-7.197495409405619e-05,False
1195,0.8751220682432483,-5.6176201420066185e-05,False
1196,0.8750921029494962,-2.9965293752098887e-05,False
1197,0.8750248005287173,-6.730242077890303e-05,False
1198,0.874942959406166,-8.184112255138487e-05,False
1199,0.8748846566819907,-5.830272417528537e-05,False
1200,0.8748089417278953,-7.571495409541829e-05,True
1201,0.8747614836115031,-4.74581163921739e-05,False
1202,0.8746853485521545,-7.61350593485588e-05,False
1203,0.874640576576307,-4.477197584751291e-05,False
1204,0.8745557646137616,-8.481196254539469e-05,False
1205,0.8745158462574452,-3.991835631644847e-05,False
1206,0.8744750261172989,-4.082014014628044e-05,False
1207,0.8744249651441152,-5.0060973183718716e-05,False
1208,0.87439184104845,-3.3124095665137965e-05,False
1209,0.8743719949005562,-1.984614789385386e-05,False
1210,0.8742932082347289,-7.878666582727956e-05,False
1211,0.8742224315068011,-7.077672792776823e-05,False
1212,0.8741334467875977,-8.89847192033777e-05,False
1213,0.874053748741354,-7.969804624374799e-05,False
1214,0.8739849643058054,-6.87844355485856e-05,False
1215,0.8739350677540343,-4.989655177112251e-05,False
1216,0.8738853781626877,-4.968959134654671e-05,False
1217,0.8738255772360317,-5.980092665602843e-05,False
1218,0.8737721793004731,-5.339793555858563e-05,False
1219,0.8737034819235471,-6.869737692605238e-05,False
1220,0.8736496896499079,-5.3792273639219346e-05,False
1221,0.8735975167309579,-5.2172918949988656e-05,False
1222,0.8735381522993558,-5.936443160203808e-05,False
1223,0.8734736137995527,-6.453849980314619e-05,False
1224,0.8733965700068008,-7.704379275186302e-05,False
1225,0.8733382414749921,-5.8328531808760076e-05,False
1226,0.8732544087502391,-8.383272475298575e-05,False
1227,0.8731957699523939,-5.863879784517856e-05,False
1228,0.8731267392663044,-6.903068608954399e-05,False
1229,0.8730651034040438,-6.163586226060058e-05,False
1230,0.8730087139687482,-5.638943529551188e-05,False
1231,0.872951354912582,-5.735905616621739e-05,False
1232,0.8728956693975302,-5.5685515051862033e-05,False
1233,0.8728432238167257,-5.2445580804416636e-05,False
1234,0.8727996552856041,-4.35685311216405e-05,False
1235,0.8727388248242818,-6.083046132232539e-05,False
1236,0.8726665309738285,-7.229385045326442e-05,False
1237,0.8726172156212012,-4.931535262731046e-05,False
1238,0.8725388738124727,-7.834180872845486e-05,False
1239,0.8724942200797473,-4.4653732725441486e-05,False
1240,0.8724393690776535,-5.485100209379201e-05,False
1241,0.8723855068012465,-5.386227640702401e-05,False
1242,0.872288162047524,-9.734475372247253e-05,False
1243,0.8722237397919604,-6.442225556357872e-05,False
1244,0.872172966298701,-5.077349325943725e-05,False
1245,0.8721145471651913,-5.841913350967953e-05,False
1246,0.8720585614326514,-5.598573253995376e-05,False
1247,0.8720028177772919,-5.574365535943038e-05,False
1248,0.8719413016369137,-6.151614037819275e-05,False
1249,0.8718839033836011,-5.739825331263493e-05,False
1250,0.8718356890122796,-4.8214371321519955e-05,False
1251,0.871772069057435,-6.361995484460703e-05,False
1252,0.8717191158656717,-5.295319176323865e-05,False
1253,0.8716733387473683,-4.577711830344722e-05,False
1254,0.871607534906898,-6.580384047027987e-05,False
1255,0.8715406058567586,-6.692905013938599e-05,False
1256,0.8714764299493871,-6.417590737151091e-05,False
1257,0.8714179165162085,-5.851343317864188e-05,False
1258,0.8713492675431401,-6.86489730683526e-05,False
1259,0.8713006057881532,-4.866175498696723e-05,False
1260,0.871249831172707,-5.077461544611417e-05,False
1261,0.8711873062683553,-6.252490435176838e-05,False
1262,0.8711351208813235,-5.2185387031777886e-05,False
1263,0.8710642731731818,-7.084770814169694e-05,False
1264,0.870999323908358,-6.494926482381036e-05,False
1265,0.8709131852032825,-8.613870507545585e-05,False
1266,0.870842538982336,-7.064622094654638e-05,False
1267,0.8707886395304586,-5.389945187739276e-05,False
1268,0.8706988455769958,-8.979395346275787e-05,False
1269,0.8706647130259804,-3.413255101547552e-05,False
1270,0.8705819863284174,-8.272669756292927e-05,False
1271,0.8705419889844251,-3.999734399229293e-05,False
1272,0.870507001084842,-3.4987899583116544e-05,False
1273,0.8704356731148462,-7.132796999587132e-05,False
1274,0.8703976268626292,-3.804625221692781e-05,False
1275,0.8703527883991389,-4.48384634903487e-05,False
1276,0.8703167983921947,-3.599000694420873e-05,False
1277,0.8702770035840837,-3.979480811100444e-05,False
1278,0.8702196287958186,-5.737478826506326e-05,False
1279,0.870193063945585,-2.6564850233556925e-05,False
1280,0.8701462045365345,-4.685940905058139e-05,False
1281,0.8701257983259851,-2.0406210549328563e-05,False
1282,0.8700746836235704,-5.111470241470073e-05,False
1283,0.8699956501029275,-7.90335206429793e-05,False
1284,0.8699498048203318,-4.58452825956579e-05,False
1285,0.8698879950693036,-6.180975102820785e-05,False
1286,0.8698450113597009,-4.2983709602650855e-05,False
1287,0.8697754453935487,-6.956596615226296e-05,False
1288,0.86970886225244,-6.658314110863373e-05,False
1289,0.8696685156683246,-4.0346584115447115e-05,False
1290,0.8696017026098359,-6.681305848865726e-05,False
1291,0.8695547775797682,-4.6925030067757056e-05,False
1292,0.8694930986668594,-6.167891290875804e-05,False
1293,0.869451309249538,-4.178941732146946e-05,False
1294,0.8693937064415144,-5.760280802358242e-05,False
1295,0.8693205709291691,-7.313551234522375e-05,False
1296,0.8692653497317392,-5.522119742995546e-05,False
1297,0.8692207551645004,-4.459456723882038e-05,False
1298,0.869170507077403,-5.024808709741535e-05,False
1299,0.8691227984082738,-4.770866912917615e-05,False
1300,0.8690602330795921,-6.256532868165188e-05,False
1301,0.8690067786049817,-5.345447461047037e-05,False
1302,0.868954469995793,-5.2308609188700395e-05,False
1303,0.8689039855282915,-5.048446750144375e-05,False
1304,0.8688668275702798,-3.715795801173538e-05,False
1305,0.8688045425428231,-6.228502745664333e-05,False
1306,0.868764685575841,-3.985696698216579e-05,False
1307,0.8687042985355635,-6.038704027744313e-05,False
1308,0.8686489594538108,-5.53390817527033e-05,False
1309,0.8686076937469569,-4.126570685392128e-05,False
1310,0.8685607304250565,-4.6963321900350685e-05,False
1311,0.8685249662862713,-3.576413878525475e-05,False
1312,0.8685036686108927,-2.1297675378617598e-05,False
1313,0.8684562510996989,-4.741751119374804e-05,False
1314,0.8684119427802703,-4.4308319428587595e-05,False
1315,0.8683496614294948,-6.228135077557262e-05,False
1316,0.868324230706757,-2.5430722737751488e-05,False
1317,0.868262649567675,-6.158113908205642e-05,False
1318,0.8682391866088793,-2.3462958795628097e-05,False
1319,0.8681805437634613,-5.8642845418011014e-05,False
1320,0.8681505865310593,-2.9957232402066936e-05,False
1321,0.8680899448247253,-6.0641706333908196e-05,False
1322,0.8680465069005955,-4.343792412986325e-05,False
1323,0.8680116556942679,-3.485120632762406e-05,False
1324,0.8679639988968847,-4.765679738316653e-05,False
1325,0.8679327047951876,-3.129410169711022e-05,False
1326,0.8678998959290534,-3.2808866134215187e-05,False
1327,0.8678437639127148,-5.613201633858367e-05,False
1328,0.8678196917401444,-2.4072172570388517e-05,False
1329,0.8677644268535167,-5.526488662765949e-05,False
1330,0.8677094759840596,-5.495086945717098e-05,False
1331,0.8676620720883577,-4.7403895701902954e-05,False
1332,0.8676136207689886,-4.845131936903613e-05,False
1333,0.8675546674969108,-5.895327207783296e-05,False
1334,0.8674972684624109,-5.7399034499860946e-05,False
1335,0.8674246064929082,-7.266196950272974e-05,False
1336,0.8673663138784693,-5.829261443890399e-05,False
1337,0.867325522290345,-4.0791588124311495e-05,False
1338,0.8672770832086472,-4.84390816978264e-05,False
1339,0.8672249605132786,-5.212269536858383e-05,False
1340,0.8671753476180044,-4.961289527416479e-05,False
1341,0.8671381161612645,-3.72314567399501e-05,False
1342,0.867098151313124,-3.9964848140505715e-05,False
1343,0.8670595614487059,-3.858986441807044e-05,False
1344,0.8670165165102972,-4.304493840867618e-05,False
1345,0.8669649471527227,-5.156935757455461e-05,False
1346,0.8669056193742597,-5.932777846295867e-05,False
1347,0.8668514043222192,-5.421505204050714e-05,False
1348,0.8668210681035364,-3.0336218682758265e-05,False
1349,0.8667872277794739,-3.3840324062506255e-05,False
1350,0.8667275182283577,-5.970955111622711e-05,False
1351,0.8666634240305687,-6.409419778896641e-05,False
1352,0.8666340926970564,-2.9331333512350177e-05,False
1353,0.8665840559370215,-5.003676003489943e-05,False
1354,0.8665389125961339,-4.5143340887565664e-05,False
1355,0.8664931050818051,-4.5807514328810583e-05,False
1356,0.866424670670896,-6.843441090909064e-05,False
1357,0.8663846604047959,-4.001026610012115e-05,False
1358,0.866322547172861,-6.2113231934946e-05,False
1359,0.8662861781557727,-3.6369017088255795e-05,False
1360,0.8662293921956624,-5.6785960110272704e-05,False
1361,0.8661823238023927,-4.7068393269733555e-05,False
1362,0.8661426979217179,-3.962588067474293e-05,False
1363,0.8661082241960187,-3.447372569920226e-05,False
1364,0.8660830839303978,-2.5140265620948732e-05,False
1365,0.8660590404421137,-2.404348828410896e-05,False
1366,0.8660357214260976,-2.331901601604347e-05,False
1367,0.8660123986035548,-2.3322822542803934e-05,False
1368,0.8659716290624934,-4.076954106146946e-05,False
1369,0.8659394107178701,-3.221834462330264e-05,False
1370,0.8658888745062668,-5.0536211603224857e-05,False
1371,0.8658563087031985,-3.2565803068318466e-05,False
1372,0.8658189890977027,-3.731960549580027e-05,False
1373,0.8657894444507095,-2.954464699322923e-05,False
1374,0.8657514528115638,-3.79916391456403e-05,False
1375,0.865726428672221,-2.502413934279968e-05,False
1376,0.8656918932340337,-3.4535438187321965e-05,False
1377,0.8656539902325466,-3.7903001487094024e-05,False
1378,0.8656232738508395,-3.0716381707152074e-05,False
1379,0.8655963811392168,-2.689271162270579e-05,False
1380,0.8655661390718281,-3.0242067388663862e-05,False
1381,0.8655462432059673,-1.9895865860819484e-05,False
1382,0.8655337192285953,-1.2523977371947659e-05,False
1383,0.8654927008026553,-4.101842594006477e-05,False
1384,0.8654771193273537,-1.558147530156262e-05,False
1385,0.8654595054296987,-1.7613897654977784e-05,False
1386,0.8654328515545653,-2.6653875133453298e-05,False
1387,0.8654060922919877,-2.675926257755812e-05,False
1388,0.865362398786357,-4.369350563071528e-05,False
1389,0.8653402974631752,-2.210132318181124e-05,False
1390,0.8652982673820072,-4.2030081167987454e-05,False
1391,0.8652619785526665,-3.6288829340702655e-05,False
1392,0.8652226028010206,-3.937575164592033e-05,False
1393,0.8651676375279794,-5.4965273041163165e-05,False
1394,0.8651092946449673,-5.834288301209689e-05,False
1395,0.8650638761107072,-4.5418534260099896e-05,False
1396,0.8650258291011271,-3.804700958009999e-05,False
1397,0.8649644373474912,-6.139175363595317e-05,False
1398,0.8649409095611036,-2.3527786387589344e-05,False
1399,0.864901139659829,-3.976990127463331e-05,False
1400,0.8648578935451372,-4.324611469175288e-05,False
1401,0.8647837073166198,-7.418622851740331e-05,False
1402,0.8647269611538635,-5.674616275630484e-05,False
1403,0.864691514389714,-3.5446764149460463e-05,False
1404,0.8646704490653288,-2.106532438528319e-05,False
1405,0.8646228796945228,-4.756937080596657e-05,False
1406,0.8645659916665284,-5.688802799441728e-05,False
1407,0.8645341912516603,-3.180041486805507e-05,False
1408,0.86448048233072,-5.370892094036517e-05,False
1409,0.8644502684807847,-3.021384993528997e-05,False
1410,0.8644122101298786,-3.8058350906089444e-05,False
1411,0.8643535953338451,-5.861479603341824e-05,False
1412,0.8643056526489682,-4.7942684876955965e-05,False
1413,0.8642686766976769,-3.697595129126263e-05,False
1414,0.8642501893550213,-1.8487342655637562e-05,False
1415,0.864197024695668,-5.3164659353344135e-05,False
1416,0.8641660576812512,-3.0967014416738436e-05,False
1417,0.8641224555748296,-4.360210642162521e-05,False
1418,0.864068796631983,-5.365894284659056e-05,False
1419,0.8640221130627384,-4.668356924464323e-05,False
1420,0.8639971001700729,-2.5012892665432496e-05,False
1421,0.8639396470541223,-5.745311595062308e-05,False
1422,0.863896148820601,-4.3498233521344076e-05,False
1423,0.8638598410105564,-3.630781004460015e-05,False
1424,0.8637866748976473,-7.316611290908437e-05,False
1425,0.863739430538256,-4.724435939129634e-05,False
1426,0.8636934749562208,-4.595558203512873e-05,False
1427,0.863644465402464,-4.9009553756862445e-05,False
1428,0.8636368580188268,-7.6073836371426395e-06,False
1429,0.8636086385174637,-2.8219501363113686e-05,False
1430,0.8635708585005114,-3.77800169523157e-05,False
1431,0.863491844471767,-7.901402874443963e-05,False
1432,0.8634561917138709,-3.565275789607636e-05,False
1433,0.8634232628894887,-3.292882438221678e-05,False
1434,0.8633613574836851,-6.190540580353066e-05,False
1435,0.8633036418366339,-5.7715647051259644e-05,False
1436,0.8632063356658893,-9.730617074454884e-05,False
1437,0.8631480617968645,-5.8273869024794145e-05,False
1438,0.8630565611655353,-9.150063132923325e-05,False
1439,0.8629733082007166,-8.325296481870303e-05,False
1440,0.8629113239084124,-6.198429230419578e-05,False
1441,0.8628345770640713,-7.674684434111345e-05,False
1442,0.8627520737247169,-8.250333935444498e-05,False
1443,0.8626856740429919,-6.639968172494903e-05,False
1444,0.8626073666618105,-7.830738118141944e-05,False
1445,0.8625401811146896,-6.718554712092928e-05,False
1446,0.8624677891997149,-7.239191497465658e-05,False
1447,0.8623961208900267,-7.166830968818871e-05,False
1448,0.8623725727397631,-2.3548150263619227e-05,False
1449,0.8622927945754313,-7.977816433180074e-05,False
1450,0.862224065212693,-6.872936273827346e-05,False
1451,0.8621576774559546,-6.638775673839525e-05,False
1452,0.8620905257344443,-6.715172151028348e-05,False
1453,0.8620131824588955,-7.7343275548869e-05,False
1454,0.8619351272685194,-7.805519037606956e-05,False
1455,0.8618534045571291,-8.17227113902863e-05,False
1456,0.8617798232535051,-7.358130362400406e-05,False
1457,0.8617170240464135,-6.27992070916239e-05,False
1458,0.8616620516952392,-5.497235117424282e-05,False
1459,0.8615859816547436,-7.607004049559052e-05,False
1460,0.8615532756889549,-3.2705965788748514e-05,False
1461,0.8615104122450546,-4.2863443900253984e-05,False
1462,0.8614687092522312,-4.17029928234669e-05,False
1463,0.8614313297940941,-3.737945813708787e-05,False
1464,0.8613842727951697,-4.7056998924377424e-05,False
1465,0.8613446521847569,-3.9620610412849366e-05,False
1466,0.8613031985067863,-4.1453677970593183e-05,False
1467,0.8612650875951676,-3.8110911618649546e-05,False
1468,0.861233386666133,-3.170092903459487e-05,False
1469,0.8612066679288285,-2.6718737304531892e-05,False
1470,0.8611730352111806,-3.363271764789122e-05,False
1471,0.8611575991288398,-1.5436082340780644e-05,False
1472,0.8611275659204972,-3.003320834260581e-05,False
1473,0.8610917450297917,-3.5820890705529074e-05,False
1474,0.8610656235607675,-2.6121469024142918e-05,False
1475,0.8610431541443909,-2.2469416376624807e-05,False
1476,0.8610135199554156,-2.9634188975280473e-05,False
1477,0.860977557846101,-3.596210931466892e-05,False
1478,0.8609541180644594,-2.3439781641543256e-05,False
1479,0.8609163920087953,-3.7726055664100144e-05,False
1480,0.8608889637586881,-2.742825010726424e-05,False
1481,0.8608528459562756,-3.6117802412416466e-05,False
1482,0.8608286246459121,-2.4221310363503612e-05,False
1483,0.8607980306896423,-3.0593956269808764e-05,False
1484,0.8607635825714368,-3.444811820552118e-05,False
1485,0.8607339417889187,-2.9640782518103315e-05,False
1486,0.8607130802804627,-2.086150845603818e-05,False
1487,0.8606855599164318,-2.752036403086411e-05,False
1488,0.8606624237172692,-2.3136199162610005e-05,False
1489,0.860637463659187,-2.49600580821685e-05,False
1490,0.8606129424028984,-2.4521256288601023e-05,False
1491,0.860585239464447,-2.7702938451446002e-05,False
1492,0.860556728078366,-2.8511386080953827e-05,False
1493,0.8605122504390105,-4.447763935555571e-05,False
1494,0.860485379661617,-2.6870777393495082e-05,False
1495,0.8604506963964991,-3.4683265117907425e-05,False
1496,0.8604250593911812,-2.5637005317880046e-05,False
1497,0.8603963330971045,-2.8726294076686365e-05,False
1498,0.8603748557643868,-2.147733271773422e-05,False
1499,0.8603502113021732,-2.4644462213618823e-05,False
1500,0.8603283513940913,-2.1859908081900414e-05,True
1501,0.8603056674334391,-2.2683960652192248e-05,False
1502,0.8602885358776591,-1.7131555779981156e-05,False
1503,0.8602626984567735,-2.5837420885577167e-05,False
1504,0.8602241143009527,-3.8584155820808874e-05,False
1505,0.8601958696217608,-2.8244679191935518e-05,False
1506,0.8601757201635858,-2.0149458174967272e-05,False
1507,0.8601336698942761,-4.205026930970135e-05,False
1508,0.8601039127933475,-2.975710092856243e-05,False
1509,0.8600642053166422,-3.9707476705341804e-05,False
1510,0.8600373115298487,-2.6893786793436014e-05,False
1511,0.8600160282663982,-2.1283263450522227e-05,False
1512,0.8599854224688556,-3.060579754265991e-05,False
1513,0.8599225742275078,-6.284824134772382e-05,False
1514,0.8599007144635146,-2.1859763993270498e-05,False
1515,0.859875513812678,-2.5200650836554317e-05,False
1516,0.8598520395609286,-2.3474251749422415e-05,False
1517,0.8598252022417238,-2.683731920483101e-05,False
1518,0.8598012322957568,-2.3969945966983985e-05,False
1519,0.8597794546503738,-2.17776453830254e-05,False
1520,0.8597568666769654,-2.2587973408372264e-05,False
1521,0.8597247019653063,-3.2164711659121714e-05,False
1522,0.8596975091148228,-2.7192850483470643e-05,False
1523,0.859676085671894,-2.142344292876963e-05,False
1524,0.8596507245541164,-2.536111777762251e-05,False
1525,0.8596279674213605,-2.2757132755901743e-05,False
1526,0.859607762354203,-2.0205067157497147e-05,False
1527,0.8595849763311488,-2.278602305416655e-05,False
1528,0.8595599941359646,-2.4982195184208855e-05,False
1529,0.8595383124782556,-2.1681657708993995e-05,False
1530,0.8594973462281106,-4.0966250145046956e-05,False
1531,0.8594562061706624,-4.114005744815241e-05,False
1532,0.8594039019354565,-5.230423520596883e-05,False
1533,0.8593864136979972,-1.7488237459284406e-05,False
1534,0.8593590468113402,-2.73668866569432e-05,False
1535,0.8593095293984312,-4.9517412909039216e-05,False
1536,0.8592924187986047,-1.7110599826453132e-05,False
1537,0.8592469059583036,-4.5512840301187296e-05,False
1538,0.8592072970896011,-3.96088687024676e-05,False
1539,0.8591768658234148,-3.043126618629266e-05,False
1540,0.8591237423970036,-5.31234264111724e-05,False
1541,0.8590713412574542,-5.240113954940728e-05,False
1542,0.8590533791029002,-1.7962154553963217e-05,False
1543,0.8590327992782285,-2.0579824671740354e-05,False
1544,0.8590154151973193,-1.7384080909232935e-05,False
1545,0.85899870977221,-1.6705425109231342e-05,False
1546,0.8589802500924735,-1.8459679736571033e-05,False
1547,0.8589671704525622,-1.3079639911262042e-05,False
1548,0.8589473272025735,-1.9843249988715783e-05,False
1549,0.8589157815905101,-3.154561206342166e-05,False
1550,0.8589003872732305,-1.5394317279593395e-05,False
1551,0.8588806162011946,-1.9771072035879023e-05,False
1552,0.8588680849039487,-1.2531297245876871e-05,False
1553,0.8588516545187976,-1.643038515108941e-05,False
1554,0.8588407974685287,-1.0857050268930912e-05,False
1555,0.8588093565053522,-3.144096317653222e-05,False
1556,0.8587827622655216,-2.6594239830535216e-05,False
1557,0.858766532212152,-1.623005336959249e-05,False
1558,0.8587379501508702,-2.8582061281867688e-05,False
1559,0.8587110304444616,-2.6919706408556898e-05,False
1560,0.8586753482424282,-3.568220203342687e-05,False
1561,0.8586424350711974,-3.2913171230775085e-05,False
1562,0.8586023619923567,-4.007307884068556e-05,False
1563,0.8585404402122583,-6.192178009845062e-05,False
1564,0.8585105076259029,-2.9932586355418955e-05,False
1565,0.8584737835922672,-3.672403363563781e-05,False
1566,0.858416799113619,-5.698447864821432e-05,False
1567,0.8583799089666213,-3.689014699770343e-05,False
1568,0.8583293667083728,-5.054225824852043e-05,False
1569,0.8582768038830908,-5.2562825281987635e-05,False
1570,0.8582377398760365,-3.906400705433466e-05,False
1571,0.8581958790000889,-4.186087594759691e-05,False
1572,0.8581429844147007,-5.289458538815239e-05,False
1573,0.8580971986406715,-4.578577402924999e-05,False
1574,0.858058699498077,-3.849914259446141e-05,False
1575,0.85798688611254,-7.181338553696737e-05,False
1576,0.8579514691966297,-3.5416915910357893e-05,False
1577,0.8579190933336641,-3.2375862965561275e-05,False
1578,0.8578699364915844,-4.915684207973392e-05,False
1579,0.8578551206140959,-1.481587748852764e-05,False
1580,0.8578281982095696,-2.6922404526286137e-05,False
1581,0.857772402709392,-5.579550017753565e-05,False
1582,0.8577070379255411,-6.536478385088529e-05,False
1583,0.8576776553147298,-2.938261081131266e-05,False
1584,0.8576414595664451,-3.61957482847286e-05,False
1585,0.8575888306167566,-5.262894968849352e-05,False
1586,0.8575634142306842,-2.5416386072452113e-05,False
1587,0.8575236880360523,-3.972619463188387e-05,False
1588,0.8574979896443328,-2.5698391719508606e-05,False
1589,0.8574733863931416,-2.4603251191135378e-05,False
1590,0.8574490685228872,-2.4317870254475515e-05,False
1591,0.8574249236590081,-2.414486387902759e-05,False
1592,0.8573873515213776,-3.757213763055933e-05,False
1593,0.857333106502406,-5.424501897155487e-05,False
1594,0.8572679645274217,-6.51419749843063e-05,False
1595,0.8572263815922171,-4.158293520462042e-05,False
1596,0.8571843369485719,-4.2044643645211544e-05,False
1597,0.8571408669312219,-4.347001734994471e-05,False
1598,0.8571100826733619,-3.078425786007255e-05,False
1599,0.8570507970845311,-5.928558883072643e-05,False
1600,0.8570045009482641,-4.629613626705442e-05,False
1601,0.856952878520526,-5.16224277380406e-05,False
1602,0.8568896495560304,-6.322896449562077e-05,False
1603,0.8568432169323693,-4.64326236611079e-05,False
1604,0.8567728854696846,-7.033146268475843e-05,False
1605,0.8566974398606483,-7.544560903627318e-05,False
1606,0.8566167189260324,-8.072093461586327e-05,False
1607,0.8565768301378259,-3.9888788206488e-05,False
1608,0.8565315254490106,-4.530468881536187e-05,False
1609,0.8564844247680174,-4.710068099311737e-05,False
1610,0.8564362778435711,-4.814692444632396e-05,False
1611,0.856396216172051,-4.006167152015294e-05,False
1612,0.8563560089644351,-4.0207207615883256e-05,False
1613,0.8563268631255292,-2.9145838905897392e-05,False
1614,0.8562879819729342,-3.8881152594982815e-05,False
1615,0.8562453104814147,-4.2671491519485905e-05,False
1616,0.8562137930964816,-3.151738493312184e-05,False
1617,0.8561865797600473,-2.7213336434295243e-05,False
1618,0.8561517313682354,-3.4848391811892476e-05,False
1619,0.856116653039486,-3.507832874938277e-05,False
1620,0.8560866143578626,-3.003868162343437e-05,False
1621,0.856050492869849,-3.6121488013574066e-05,False
1622,0.8560246189013084,-2.5873968540590653e-05,False
1623,0.8560060569616139,-1.8561939694516916e-05,False
1624,0.8559727309412966,-3.3326020317359095e-05,False
1625,0.855952046294789,-2.068464650750723e-05,False
1626,0.8559107820824754,-4.126421231365196e-05,False
1627,0.8558716013264304,-3.9180756045031906e-05,False
1628,0.8558340271554299,-3.757417100047622e-05,False
1629,0.8558119506440279,-2.207651140195832e-05,False
1630,0.8557890847610466,-2.2865882981282226e-05,False
1631,0.8557668482717582,-2.22364892884519e-05,False
1632,0.8557445809327165,-2.226733904164835e-05,False
1633,0.8557100001692137,-3.45807635028228e-05,False
1634,0.8556767943708116,-3.3205798402158315e-05,False
1635,0.8556429278865726,-3.386648423897576e-05,False
1636,0.8556100578011773,-3.28700853953201e-05,False
1637,0.8555920702643587,-1.798753681858667e-05,False
1638,0.8555684059492633,-2.3664315095373034e-05,False
1639,0.8555174566603553,-5.0949288908030965e-05,False
1640,0.8554778887878188,-3.956787253645011e-05,False
1641,0.8554301217127549,-4.776707506393141e-05,False
1642,0.8554062392554325,-2.388245732243277e-05,False
1643,0.8553703693966803,-3.5869858752146655e-05,False
1644,0.8553355546682764,-3.4814728403942397e-05,False
1645,0.8553175879430497,-1.7966725226692404e-05,False
1646,0.8552792328918116,-3.835505123805927e-05,False
1647,0.8552484943960311,-3.073849578050236e-05,False
1648,0.8552117896608777,-3.670473515338113e-05,False
1649,0.8551871479325147,-2.464172836302847e-05,False
1650,0.8551684297621361,-1.8718170378573262e-05,False
1651,0.8551368466063057,-3.158315583040583e-05,False
1652,0.855081259282389,-5.5587323916750364e-05,False
1653,0.8550583553387298,-2.290394365922488e-05,False
1654,0.8549895282778595,-6.882706087030233e-05,False
1655,0.8549258420292962,-6.36862485632328e-05,False
1656,0.8548989970744194,-2.6844954876814597e-05,False
1657,0.8548709517137945,-2.8045360624950888e-05,False
1658,0.854831270628071,-3.968108572349749e-05,False
1659,0.8548038905835249,-2.7380044546054805e-05,False
1660,0.8547508989969617,-5.299158656324465e-05,False
1661,0.8546994735477114,-5.142544925029746e-05,False
1662,0.8546257244823777,-7.374906533363923e-05,False
1663,0.8545970194281746,-2.870505420315972e-05,False
1664,0.8545756442194862,-2.1375208688390046e-05,False
1665,0.8545411630773438,-3.448114214232856e-05,False
1666,0.8545008965438551,-4.026653348876419e-05,False
1667,0.8544575843546226,-4.331218923248059e-05,False
1668,0.8543999968000089,-5.75875546137139e-05,False
1669,0.8543758414624826,-2.4155337526310383e-05,False
1670,0.8543480965760131,-2.7744886469505126e-05,False
1671,0.8542765610754712,-7.153550054184166e-05,False
1672,0.854232155980857,-4.440509461423048e-05,False
1673,0.8542130870897284,-1.9068891128570797e-05,False
1674,0.8541846133372298,-2.8473752498592297e-05,False
1675,0.8541617404663829,-2.2872870846901705e-05,False
1676,0.8541319638756963,-2.9776590686592108e-05,False
1677,0.8540797773462043,-5.218652949201541e-05,False
1678,0.8540534011549579,-2.6376191246457736e-05,False
1679,0.8540103460306171,-4.3055124340773965e-05,False
1680,0.853944902915391,-6.544311522604929e-05,False
1681,0.8539055973925519,-3.930552283915034e-05,False
1682,0.8538528774456361,-5.2719946915802396e-05,False
1683,0.8537920175977205,-6.085984791559529e-05,False
1684,0.8537348218754802,-5.719572224027747e-05,False
1685,0.8536721217688117,-6.270010666853398e-05,False
1686,0.8535979885009969,-7.413326781480212e-05,False
1687,0.853554694061367,-4.329443962991508e-05,False
1688,0.8534978055566321,-5.6888504734842193e-05,False
1689,0.8534628588526614,-3.4946703970750725e-05,False
1690,0.8534286555306119,-3.42033220495086e-05,False
1691,0.8533622409480095,-6.641458260236988e-05,False
1692,0.8533031939120541,-5.9047035955384075e-05,False
1693,0.8532724481977451,-3.074571430905504e-05,False
1694,0.8532031863228023,-6.926187494271652e-05,False
1695,0.8531498915153704,-5.3294807431991664e-05,False
1696,0.8530833584820248,-6.65330333455838e-05,False
1697,0.8530280390496195,-5.531943240522086e-05,False
1698,0.8529801995506293,-4.783949899023199e-05,False
1699,0.8529434811355613,-3.6718415068026644e-05,False
1700,0.8528833971581026,-6.008397745871363e-05,False
1701,0.8528373726142099,-4.602454389268651e-05,False
1702,0.8527656255612084,-7.174705300150297e-05,False
1703,0.8527047498058931,-6.0875755315326074e-05,False
1704,0.8526552551716591,-4.949463423398193e-05,False
1705,0.8526015491529432,-5.370601871590441e-05,False
1706,0.8525587784726162,-4.277068032698672e-05,False
1707,0.8525069732901219,-5.1805182494257807e-05,False
1708,0.8524471157547626,-5.985753535930893e-05,False
1709,0.852413175855229,-3.3939899533597107e-05,False
1710,0.852365268308921,-4.790754630801253e-05,False
1711,0.8523230900998195,-4.2178209101462194e-05,False
1712,0.8522738031085048,-4.928699131478975e-05,False
1713,0.8522111351789429,-6.266792956188816e-05,False
1714,0.8521750547654491,-3.6080413493788654e-05,False
1715,0.8521559392290824,-1.911553636668728e-05,False
1716,0.8521017374456248,-5.4201783457608066e-05,False
1717,0.8520627864300148,-3.8951015610022566e-05,False
1718,0.8520319035285734,-3.088290144137584e-05,False
1719,0.8519979541703754,-3.3949358198004376e-05,False
1720,0.8519628453667888,-3.5108803586592074e-05,False
1721,0.8519358441643281,-2.7001202460685825e-05,False
1722,0.8518750387056857,-6.0805458642398946e-05,False
1723,0.8518369602945077,-3.80784111779775e-05,False
1724,0.8518050757670713,-3.1884527436409904e-05,False
1725,0.8517458323375842,-5.9243429487154664e-05,False
1726,0.8517006649245346,-4.516741304960714e-05,False
1727,0.8516606991811982,-3.996574333631209e-05,False
1728,0.8516285129933522,-3.218618784606164e-05,False
1729,0.8516131063653345,-1.5406628017688995e-05,False
1730,0.8515760175692021,-3.708879613240068e-05,False
1731,0.8515369050014142,-3.911256778788008e-05,False
1732,0.8515108032567955,-2.610174461870063e-05,False
1733,0.8514714187658892,-3.938449090634677e-05,False
1734,0.8514298504137167,-4.156835217250521e-05,False
1735,0.851362185837113,-6.766457660367653e-05,False
1736,0.8513174244349904,-4.4761402122617255e-05,False
1737,0.851283696267712,-3.372816727831296e-05,False
1738,0.8512486938319387,-3.5002435773368035e-05,False
1739,0.8512119277189114,-3.6766113027275615e-05,False
1740,0.8511636811481189,-4.824657079249839e-05,False
1741,0.8511289972460753,-3.46839020436418e-05,False
1742,0.8510883042427604,-4.069300331488446e-05,False
1743,0.8510641866413222,-2.4117601438167213e-05,False
1744,0.851033639451844,-3.0547189478258296e-05,False
1745,0.8509745075130626,-5.9131938781376014e-05,False
1746,0.8509437570023121,-3.0750510750521265e-05,False
1747,0.8509090539932812,-3.4703009030856435e-05,False
1748,0.8508822455601885,-2.680843309266212e-05,False
1749,0.8508423796487735,-3.986591141502682e-05,False
1750,0.8508064550744677,-3.59245743057901e-05,False
1751,0.8507608026309312,-4.565244353649245e-05,False
1752,0.8507289389500101,-3.186368092111813e-05,False
1753,0.8507055184712657,-2.3420478744373696e-05,False
1754,0.8506578376566729,-4.768081459283202e-05,False
1755,0.8506234124363339,-3.4425220339029394e-05,False
1756,0.8505648358056728,-5.8576630661111295e-05,False
1757,0.85054069730321,-2.413850246274496e-05,False
1758,0.8504929778779832,-4.771942522685535e-05,False
1759,0.8504512145450756,-4.1763332907618356e-05,False
1760,0.8504157290097878,-3.548553528776033e-05,False
1761,0.8503784829756488,-3.724603413901573e-05,False
1762,0.8503309219989006,-4.756097674818438e-05,False
1763,0.8502977831057533,-3.313889314726648e-05,False
1764,0.8502500042122428,-4.777889351048614e-05,False
1765,0.8501955211095767,-5.448310266609191e-05,False
1766,0.850166920669405,-2.860044017172214e-05,False
1767,0.8501132449711243,-5.367569828074181e-05,False
1768,0.8500748630017618,-3.8381969362455415e-05,False
1769,0.8500518727664014,-2.299023536045386e-05,False
1770,0.8500197504177639,-3.212234863747554e-05,False
1771,0.8499775639287183,-4.218648904563693e-05,False
1772,0.849939367058512,-3.819687020623075e-05,False
1773,0.8499193845249969,-1.9982533515094936e-05,False
1774,0.849866643079589,-5.2741445407900045e-05,False
1775,0.8498359677566589,-3.067532293010711e-05,False
1776,0.8497961149457602,-3.985281089868842e-05,False
1777,0.8497653998724799,-3.071507328034073e-05,False
1778,0.8497316908356904,-3.370903678945325e-05,False
1779,0.8497024975136523,-2.919332203810132e-05,False
1780,0.8496635589773958,-3.8938536256583056e-05,False
1781,0.8496320481870936,-3.151079030216941e-05,False
1782,0.8496127838288472,-1.926435824639583e-05,False
1783,0.8495981083198738,-1.4675508973382989e-05,False
1784,0.8495580800325743,-4.0028287299542775e-05,False
1785,0.8495255299201246,-3.2550112449625246e-05,False
1786,0.8494817293974396,-4.380052268504464e-05,False
1787,0.8494265047763918,-5.5224621047789135e-05,False
1788,0.8493821088812505,-4.439589514126929e-05,False
1789,0.8493261700243149,-5.593885693566669e-05,False
1790,0.8493054232659945,-2.0746758320422387e-05,False
1791,0.8492657697503426,-3.96535156518274e-05,False
1792,0.8492138057491649,-5.1964001177684516e-05,False
1793,0.8491681585355154,-4.564721364952451e-05,False
1794,0.8491157905614094,-5.236797410601568e-05,False
1795,0.8490900008687325,-2.57896926768586e-05,False
1796,0.8490496454196791,-4.035544905345301e-05,False
1797,0.8490179844063965,-3.166101328255788e-05,False
1798,0.8489800375597546,-3.794684664193415e-05,False
1799,0.8489334526665658,-4.6584893188761356e-05,False
1800,0.8489183963481913,-1.5056318374506716e-05,False
1801,0.8488834013228608,-3.49950253305531e-05,False
1802,0.8488498677281348,-3.353359472602069e-05,False
1803,0.8487813209034141,-6.85468247206833e-05,False
1804,0.8487442148884853,-3.71060149287894e-05,False
1805,0.8487070902927334,-3.7124595751891754e-05,False
1806,0.8486833922600354,-2.3698032697971882e-05,False
1807,0.8486524501989965,-3.0942061038929936e-05,False
1808,0.8486257712041151,-2.6678994881401685e-05,False
1809,0.8485944649163506,-3.130628776448763e-05,False
1810,0.8485850517403728,-9.413175977801558e-06,False
1811,0.8485681623573045,-1.688938306831922e-05,False
1812,0.8485319061075572,-3.625624974723518e-05,False
1813,0.8485188150104355,-1.3091097121775697e-05,False
1814,0.8484823818039132,-3.643320652224613e-05,False
1815,0.8484525904948026,-2.9791309110627218e-05,False
1816,0.8484242291399059,-2.8361354896699886e-05,False
1817,0.8483934586296239,-3.077051028199662e-05,False
1818,0.8483652816635473,-2.8176966076598475e-05,False
1819,0.8483345162554604,-3.076540808688577e-05,False
1820,0.8483110627914915,-2.3453463968925448e-05,False
1821,0.8482889240622419,-2.2138729249610023e-05,False
1822,0.8482498701637243,-3.905389851754926e-05,False
1823,0.8482143887721854,-3.5481391538971785e-05,False
1824,0.848184739026711,-2.9649745474369382e-05,False
1825,0.8481620062800068,-2.273274670416825e-05,False
1826,0.8481460501872168,-1.595609279003707e-05,False
1827,0.8481153802240406,-3.066996317613313e-05,False
1828,0.8480843395399986,-3.104068404202742e-05,False
1829,0.8480321524170674,-5.218712293120209e-05,False
1830,0.8480093191400456,-2.2833277021794274e-05,False
1831,0.847968848589694,-4.047055035161229e-05,False
1832,0.8479277412045124,-4.1107385181593514e-05,False
1833,0.8478919790652092,-3.5762139303230356e-05,False
1834,0.8478636543253911,-2.832473981806416e-05,False
1835,0.8478243868478758,-3.9267477515370075e-05,False
1836,0.8477872284808132,-3.715836706252862e-05,False
1837,0.8477623693612178,-2.4859119595377344e-05,False
1838,0.8477380843585502,-2.428500266760114e-05,False
1839,0.8477201333641702,-1.7950994380067087e-05,False
1840,0.8476950912133924,-2.5042150777809802e-05,False
1841,0.8476693494150098,-2.5741798382550307e-05,False
1842,0.8476384394487796,-3.0909966230230346e-05,False
1843,0.8476085845465636,-2.985490221596443e-05,False
1844,0.8475749678363852,-3.3616710178430154e-05,False
1845,0.8475442497632486,-3.071807313659303e-05,False
1846,0.847518680327142,-2.5569436106653853e-05,False
1847,0.8474928700570549,-2.5810270087078813e-05,False
1848,0.8474664423347409,-2.642772231398194e-05,False
1849,0.8474519269822736,-1.4515352467325826e-05,False
1850,0.8474295394287289,-2.238755354466715e-05,False
1851,0.8474008799882495,-2.8659440479361642e-05,False
1852,0.8473815349850671,-1.9345003182458242e-05,False
1853,0.8473560081587116,-2.552682635548198e-05,False
1854,0.8473294755401823,-2.6532618529251373e-05,False
1855,0.8472922722872648,-3.7203252917561436e-05,False
1856,0.8472464879294113,-4.5784357853517754e-05,False
1857,0.847222663236672,-2.3824692739315978e-05,False
1858,0.847203700586951,-1.896264972089945e-05,False
1859,0.84717402250713,-2.9678079821016112e-05,False
1860,0.8471545147028356,-1.9507804294383035e-05,False
1861,0.8471130764439004,-4.143825893521136e-05,False
1862,0.8470926007478994,-2.0475696001054366e-05,False
1863,0.8470634246709425,-2.9176076956849428e-05,False
1864,0.8470348782069728,-2.8546463969769675e-05,False
1865,0.8470182615331837,-1.6616673789049408e-05,False
1866,0.8469960765043006,-2.21850288830705e-05,False
1867,0.8469737640008745,-2.2312503426102914e-05,False
1868,0.846944341257025,-2.942274384953869e-05,False
1869,0.8469161758726278,-2.8165384397205173e-05,False
1870,0.8468888363510907,-2.7339521537106393e-05,False
1871,0.8468646561568848,-2.4180194205913885e-05,False
1872,0.8468497581573422,-1.4897999542573537e-05,False
1873,0.8468171951344838,-3.256302285836732e-05,False
1874,0.846800833734502,-1.6361399981845715e-05,False
1875,0.8467808721619521,-1.9961572549909157e-05,False
1876,0.8467595885043148,-2.1283657637316544e-05,False
1877,0.8467168592358494,-4.2729268465380166e-05,False
1878,0.846702283674901,-1.45755609484155e-05,False
1879,0.8466930204172448,-9.263257656155766e-06,False
1880,0.8466799333321092,-1.3087085135587984e-05,False
1881,0.8466544047450544,-2.5528587054846064e-05,False
1882,0.846636246665318,-1.815807973637451e-05,False
1883,0.8466083191829459,-2.792748237212539e-05,False
1884,0.846575952957839,-3.236622510682796e-05,False
1885,0.8465515767713775,-2.4376186461561034e-05,False
1886,0.8465238315133646,-2.7745258012856766e-05,False
1887,0.8464895220082352,-3.43095051293929e-05,False
1888,0.8464553386634287,-3.418334480653762e-05,False
1889,0.8464347090309815,-2.0629632447199953e-05,False
1890,0.8464121987471522,-2.2510283829269007e-05,False
1891,0.8463803621163525,-3.1836630799753074e-05,False
1892,0.8463487188936307,-3.164322272175557e-05,False
1893,0.846327303819819,-2.14150738117036e-05,False
1894,0.8463211035341194,-6.200285699642372e-06,False
1895,0.8462882768339982,-3.282670012116906e-05,False
1896,0.8462615905242652,-2.6686309733015e-05,False
1897,0.8462421051110363,-1.948541322893682e-05,False
1898,0.8462272866180172,-1.4818493019097545e-05,False
1899,0.8461879026064553,-3.938401156189375e-05,False
1900,0.8461644839630565,-2.3418643398720462e-05,False
1901,0.8461268894962083,-3.75944668482564e-05,False
1902,0.8461170251174197,-9.864378788582151e-06,False
1903,0.8461028995618605,-1.412555555924122e-05,False
1904,0.8460638576685134,-3.90418933470249e-05,False
1905,0.8460315494098034,-3.230825871003429e-05,False
1906,0.8460171839386795,-1.4365471123878315e-05,False
1907,0.8459983269194695,-1.885701921000571e-05,False
1908,0.8459780738632867,-2.025305618280626e-05,False
1909,0.8459659437803166,-1.213008297007434e-05,False
1910,0.8459486198965628,-1.7323883753861402e-05,False
1911,0.8459221452282922,-2.6474668270548563e-05,False
1912,0.8459150697620781,-7.075466214145898e-06,False
1913,0.8458960778128508,-1.8991949227276095e-05,False
1914,0.8459015587716103,5.480958759518373e-06,False
1915,0.8458970703228936,-4.488448716699622e-06,False
1916,0.8458723241001471,-2.474622274650784e-05,False
1917,0.8458520702287649,-2.025387138226975e-05,False
1918,0.8458328595581616,-1.921067060328685e-05,False
1919,0.8458128657101631,-1.999384799844517e-05,False
1920,0.8457896173335123,-2.3248376650797375e-05,False
1921,0.8457756290430426,-1.3988290469724163e-05,False
1922,0.8457667942616537,-8.83478138891114e-06,False
1923,0.8457524204364003,-1.4373825253377603e-05,False
1924,0.8457460669001301,-6.353536270209403e-06,False
1925,0.8457165404202375,-2.9526479892627577e-05,False
1926,0.8456990067775674,-1.7533642670097827e-05,False
1927,0.845674685794247,-2.4320983320391676e-05,False
1928,0.8456705727186027,-4.113075644296416e-06,False
1929,0.8456504678124114,-2.0104906191309446e-05,False
1930,0.8456101335857328,-4.033422667859554e-05,False
1931,0.8455820025746397,-2.8131011093113223e-05,False
1932,0.8455348496316607,-4.715294297896744e-05,False
1933,0.8455113317845352,-2.3517847125509306e-05,False
1934,0.845470215250249,-4.111653428617856e-05,False
1935,0.8454321083501558,-3.810690009320439e-05,False
1936,0.8454014631791125,-3.064517104334197e-05,False
1937,0.8453717480936275,-2.9715085484993686e-05,False
1938,0.8453145340727656,-5.721402086189542e-05,False
1939,0.8452885336668452,-2.600040592037889e-05,False
1940,0.8452394378243178,-4.909584252743571e-05,False
1941,0.8452051093340279,-3.4328490289836644e-05,False
1942,0.8451582330361754,-4.687629785249392e-05,False
1943,0.8451224363739909,-3.579666218456179e-05,False
1944,0.8450802627588656,-4.217361512526274e-05,False
1945,0.8450435749246181,-3.668783424748412e-05,False
1946,0.8450081687941436,-3.540613047448016e-05,False
1947,0.8449562433595572,-5.192543458643062e-05,False
1948,0.8449246802320828,-3.156312747443213e-05,False
1949,0.844897131354214,-2.7548877868821542e-05,False
1950,0.8448630979982331,-3.403335598084478e-05,False
1951,0.8448232698989095,-3.98280993235689e-05,False
1952,0.84479094249031,-3.232740859959726e-05,False
1953,0.8447508869817111,-4.005550859886853e-05,False
1954,0.8447128656490748,-3.802133263630658e-05,False
1955,0.8446666534557439,-4.621219333089677e-05,False
1956,0.844629809062895,-3.68443928489004e-05,False
1957,0.8446017080790587,-2.8100983836321092e-05,False
1958,0.8445642801597422,-3.742791931649059e-05,False
1959,0.8445273403756102,-3.693978413199517e-05,False
1960,0.8445040219254923,-2.3318450117826295e-05,False
1961,0.8444758625804296,-2.8159345062728214e-05,False
1962,0.8444593849134201,-1.6477667009517916e-05,False
1963,0.8444081995248323,-5.118538858783772e-05,False
1964,0.8443864338802801,-2.1765644552140806e-05,False
1965,0.8443668575874054,-1.9576292874745604e-05,False
1966,0.8443329770210866,-3.388056631881131e-05,False
1967,0.8443074159883178,-2.5561032768739445e-05,False
1968,0.8442667941321929,-4.062185612496716e-05,False
1969,0.844227009768313,-3.978436387985784e-05,False
1970,0.8442049701471581,-2.2039621154879008e-05,False
1971,0.8441773511531451,-2.7618994013045572e-05,False
1972,0.8441552614347705,-2.2089718374584955e-05,False
1973,0.8441335442444667,-2.1717190303749412e-05,False
1974,0.8440994428379142,-3.4101406552577984e-05,False
1975,0.8440843048315543,-1.5138006359882716e-05,False
1976,0.8440448429941922,-3.946183736203146e-05,False
1977,0.8440196530473933,-2.5189946798898077e-05,False
1978,0.8440029037846775,-1.674926271588717e-05,False
1979,0.8439756966957227,-2.7207088954761538e-05,False
1980,0.8439491791939009,-2.6517501821810008e-05,False
1981,0.843908723353897,-4.045584000389457e-05,False
1982,0.8438879582041666,-2.076514973037291e-05,False
1983,0.8438337114623935,-5.424674177312294e-05,False
1984,0.8437965509027352,-3.716055965830023e-05,False
1985,0.8437507466775023,-4.5804225232926044e-05,False
1986,0.843714374047437,-3.637263006528446e-05,False
1987,0.8436807592628021,-3.361478463492773e-05,False
1988,0.8436388415129656,-4.1917749836417606e-05,False
1989,0.8435903620016325,-4.847951133313266e-05,False
1990,0.8435513043495778,-3.905765205469702e-05,False
1991,0.8435254602862051,-2.584406337269307e-05,False
1992,0.8434967334433627,-2.8726842842385913e-05,False
1993,0.8434541847953744,-4.254864798836078e-05,False
1994,0.8434148022042617,-3.9382591112691046e-05,False
1995,0.8433992818912075,-1.5520313054184776e-05,False
1996,0.8433641007577775,-3.5181133430040035e-05,False
1997,0.8433326943356363,-3.1406422141166956e-05,False
1998,0.8433012074527494,-3.1486882886899714e-05,False
1999,0.8432575678569177,-4.3639595831646005e-05,False
2000,0.8432447636665582,-1.2804190359538836e-05,True
