year,field_name,observed_code,official_label,count,pct_of_year,listed_in_official_guide,unknown_or_missing_label
2018,carriageway_hazards,-1,Data missing or out of range,81,0.0006604965955885351,True,True
2018,carriageway_hazards,0,None,117063,0.9545643576466751,True,False
2018,carriageway_hazards,11,Defective traffic signals,325,0.0026501406613120234,True,False
2018,carriageway_hazards,12,Permanent road signing or markings defective or obscured or inadequate,183,0.0014922330492926164,True,False
2018,carriageway_hazards,13,Roadworks,1372,0.01118767073021568,True,False
2018,carriageway_hazards,14,Oil or diesel,214,0.0017450156969869939,True,False
2018,carriageway_hazards,15,Mud,276,0.002250580992375749,True,False
2018,carriageway_hazards,16,Dislodged vehicle load in carriageway,240,0.0019570269498919556,True,False
2018,carriageway_hazards,17,Other object in carriageway,907,0.007395931014800016,True,False
2018,carriageway_hazards,18,Involvement with previous collision,186,0.0015166958861662658,True,False
2018,carriageway_hazards,19,Pedestrian in carriageway - not injured,230,0.0018754841603131243,True,False
2018,carriageway_hazards,20,Any animal in carriageway (except ridden horse),370,0.003017083214416765,True,False
2018,carriageway_hazards,21,Poor or defective road surface,282,0.002299506666123048,True,False
2018,carriageway_hazards,99,unknown (self reported),906,0.007387776735842133,True,True
2018,carriageway_hazards_historic,-1,Data missing or out of range,94,0.0007665022220410161,True,True
2018,carriageway_hazards_historic,0,None,119170,0.9717454234109348,True,False
2018,carriageway_hazards_historic,1,Vehicle load on road,253,0.002063032576344437,True,False
2018,carriageway_hazards_historic,2,Other object on road,1072,0.008741387042850737,True,False
2018,carriageway_hazards_historic,3,Previous accident,200,0.0016308557915766298,True,False
2018,carriageway_hazards_historic,6,Pedestrian in carriageway - not injured,239,0.0019488726709340726,True,False
2018,carriageway_hazards_historic,7,Any animal in carriageway (except ridden horse),376,0.0030660088881640643,True,False
2018,carriageway_hazards_historic,9,unknown (self reported),1231,0.010037917397154157,True,True
2018,collision_injury_based,0,Based on severity reporting,79661,0.6495780160639295,True,False
2018,collision_injury_based,1,Based on Injury code reporting,42974,0.35042198393607044,True,False
2018,collision_severity,1,Fatal,1671,0.013625800138622742,True,False
2018,collision_severity,2,Serious,22968,0.18728747910466018,True,False
2018,collision_severity,3,Slight,97996,0.799086720756717,True,False
2018,day_of_week,1,Sunday,13801,0.11253720389774534,True,False
2018,day_of_week,2,Monday,17740,0.14465690871284706,True,False
2018,day_of_week,3,Tuesday,17950,0.14636930729400252,True,False
2018,day_of_week,4,Wednesday,18397,0.1500142699881763,True,False
2018,day_of_week,5,Thursday,18656,0.15212622823826802,True,False
2018,day_of_week,6,Friday,20021,0.16325681901577854,True,False
2018,day_of_week,7,Saturday,16070,0.1310392628531822,True,False
2018,did_police_officer_attend_scene_of_accident,-1,Data missing or out of range,2,1.6308557915766297e-05,True,True
2018,did_police_officer_attend_scene_of_accident,1,Yes,87529,0.7137358829045541,True,False
2018,did_police_officer_attend_scene_of_accident,2,No,34161,0.2785583234802463,True,False
2018,did_police_officer_attend_scene_of_accident,3,No - accident was reported using a self completion  form (self rep only),943,0.00768948505728381,True,False
2018,enhanced_severity_collision,-1,Data missing or out of range,79661,0.6495780160639295,True,True
2018,enhanced_severity_collision,1,Fatal,619,0.0050474986749296695,True,False
2018,enhanced_severity_collision,3,Slight,33545,0.27353528764219026,True,False
2018,enhanced_severity_collision,5,Very Serious,1185,0.009662820565091532,True,False
2018,enhanced_severity_collision,6,Moderately Serious,2122,0.01730337994862804,True,False
2018,enhanced_severity_collision,7,Less Serious,5503,0.04487299710523097,True,False
2018,first_road_class,1,Motorway,4225,0.034451828597056304,True,False
2018,first_road_class,2,A(M),341,0.002780609124638154,True,False
2018,first_road_class,3,A,53499,0.4362457699677906,True,False
2018,first_road_class,4,B,14210,0.11587230399151954,True,False
2018,first_road_class,5,C,7005,0.05712072409997146,True,False
2018,first_road_class,6,Unclassified,43355,0.3535287642190239,True,False
2018,junction_control,-1,Data missing or out of range,52351,0.42688465772414075,True,True
2018,junction_control,1,Authorised person,461,0.0037591225995841316,True,False
2018,junction_control,2,Auto traffic signal,13323,0.1086394585558772,True,False
2018,junction_control,3,Stop sign,750,0.0061157092184123615,True,False
2018,junction_control,4,Give way or uncontrolled,53259,0.43428874301789866,True,False
2018,junction_control,9,unknown (self reported),2491,0.020312308884086926,True,True
2018,junction_detail,-1,Data missing or out of range,772,0.006295103355485791,True,True
2018,junction_detail,0,Not at junction or within 20 metres,65445,0.5336567863986627,True,False
2018,junction_detail,13,T or staggered junction,35958,0.2932115627675623,True,False
2018,junction_detail,16,Crossroads,11422,0.09313817425694133,True,False
2018,junction_detail,17,Junction with more than four arms (not roundabout),1587,0.012940840706160557,True,False
2018,junction_detail,18,Using private drive or entrance,2801,0.0228401353610307,True,False
2018,junction_detail,19,Other junction,4650,0.037917397154156644,True,False
2018,junction_detail_historic,-1,Data missing or out of range,1,8.154278957883149e-06,True,True
2018,junction_detail_historic,0,Not at junction or within 20 metres,52076,0.4246422310107229,True,False
2018,junction_detail_historic,1,Roundabout,9974,0.08133077832592653,True,False
2018,junction_detail_historic,2,Mini-roundabout,1597,0.013022383495739389,True,False
2018,junction_detail_historic,3,T or staggered junction,35958,0.2932115627675623,True,False
2018,junction_detail_historic,5,Slip road,1798,0.014661393566273903,True,False
2018,junction_detail_historic,6,Crossroads,11422,0.09313817425694133,True,False
2018,junction_detail_historic,7,More than 4 arms (not roundabout),1587,0.012940840706160557,True,False
2018,junction_detail_historic,8,Private drive or entrance,2801,0.0228401353610307,True,False
2018,junction_detail_historic,9,Other junction,4650,0.037917397154156644,True,False
2018,junction_detail_historic,99,unknown (self reported),771,0.006286949076527908,True,True
2018,light_conditions,1,Daylight,88435,0.7211236596403963,True,False
2018,light_conditions,4,Darkness - lights lit,24746,0.20178578709177641,True,False
2018,light_conditions,5,Darkness - lights unlit,857,0.006988217066905859,True,False
2018,light_conditions,6,Darkness - no lighting,6120,0.04990418722224487,True,False
2018,light_conditions,7,Darkness - lighting unknown,2477,0.02019814897867656,True,True
2018,local_authority_district,1,Westminster,1509,0.012304806947445672,True,False
2018,local_authority_district,10,Wandsworth,982,0.008007501936641253,True,False
2018,local_authority_district,100,Bolton,435,0.00354711134667917,True,False
2018,local_authority_district,101,Bury,222,0.001810249928650059,True,False
2018,local_authority_district,102,Manchester,1005,0.008195050352672565,True,False
2018,local_authority_district,104,Oldham,308,0.00251151791902801,True,False
2018,local_authority_district,106,Rochdale,260,0.0021201125290496187,True,False
2018,local_authority_district,107,Salford,402,0.003278020141069026,True,False
2018,local_authority_district,109,Stockport,285,0.0023239695029966976,True,False
2018,local_authority_district,11,Hammersmith and Fulham,706,0.005756920944265503,True,False
2018,local_authority_district,110,Tameside,289,0.00235658661882823,True,False
2018,local_authority_district,112,Trafford,256,0.002087495413218086,True,False
2018,local_authority_district,114,Wigan,300,0.002446283687364945,True,False
2018,local_authority_district,12,Kensington and Chelsea,683,0.005569372528234191,True,False
2018,local_authority_district,124,Halton,194,0.001581930117829331,True,False
2018,local_authority_district,128,Warrington,438,0.0035715741835528193,True,False
2018,local_authority_district,129,Cheshire East,728,0.005936315081338932,True,False
2018,local_authority_district,13,Waltham Forest,712,0.005805846618012802,True,False
2018,local_authority_district,130,Cheshire West and Chester,669,0.0054552126228238264,True,False
2018,local_authority_district,139,Northumberland,563,0.004590859053288213,True,False
2018,local_authority_district,14,Redbridge,754,0.006148326334243895,True,False
2018,local_authority_district,146,Gateshead,361,0.002943694703795817,True,False
2018,local_authority_district,147,Newcastle upon Tyne,563,0.004590859053288213,True,False
2018,local_authority_district,148,North Tyneside,258,0.0021038039711338526,True,False
2018,local_authority_district,149,South Tyneside,194,0.001581930117829331,True,False
2018,local_authority_district,15,Havering,575,0.004688710400782811,True,False
2018,local_authority_district,150,Sunderland,401,0.0032698658621111427,True,False
2018,local_authority_district,16,Barking and Dagenham,585,0.004770253190361643,True,False
2018,local_authority_district,161,Darlington,195,0.001590084396787214,True,False
2018,local_authority_district,169,County Durham,756,0.006164634892159661,True,False
2018,local_authority_district,17,Newham,855,0.006971908508990093,True,False
2018,local_authority_district,18,Bexley,487,0.003971133852489094,True,False
2018,local_authority_district,180,Craven,150,0.0012231418436824725,True,False
2018,local_authority_district,181,Hambleton,187,0.0015248501651241488,True,False
2018,local_authority_district,182,Harrogate,337,0.002747992008806621,True,False
2018,local_authority_district,184,Richmondshire,96,0.0007828107799567823,True,False
2018,local_authority_district,185,Ryedale,137,0.0011171362172299915,True,False
2018,local_authority_district,186,Scarborough,192,0.0015656215599135646,True,False
2018,local_authority_district,187,Selby,139,0.0011334447751457576,True,False
2018,local_authority_district,189,York,382,0.003114934561911363,True,False
2018,local_authority_district,19,Bromley,740,0.00603416642883353,True,False
2018,local_authority_district,2,Camden,911,0.007428548130631549,True,False
2018,local_authority_district,20,Croydon,891,0.007265462551473886,True,False
2018,local_authority_district,200,Bradford,975,0.00795042198393607,True,False
2018,local_authority_district,202,Calderdale,314,0.002560443592775309,True,False
2018,local_authority_district,203,Kirklees,678,0.005528601133444775,True,False
2018,local_authority_district,204,Leeds,1548,0.012622823826803116,True,False
2018,local_authority_district,206,Wakefield,617,0.005031190117013903,True,False
2018,local_authority_district,21,Sutton,407,0.0033187915358584416,True,False
2018,local_authority_district,210,Barnsley,440,0.0035878827414685855,True,False
2018,local_authority_district,211,Doncaster,586,0.004778407469319525,True,False
2018,local_authority_district,213,Rotherham,458,0.0037346597627104824,True,False
2018,local_authority_district,215,Sheffield,985,0.008031964773514902,True,False
2018,local_authority_district,22,Merton,498,0.004060830921025808,True,False
2018,local_authority_district,228,"Kingston upon Hull, City of",817,0.006662045908590533,True,False
2018,local_authority_district,23,Kingston upon Thames,330,0.002690912056101439,True,False
2018,local_authority_district,231,East Riding of Yorkshire,684,0.005577526807192074,True,False
2018,local_authority_district,232,North Lincolnshire,401,0.0032698658621111427,True,False
2018,local_authority_district,233,North East Lincolnshire,403,0.0032861744200269093,True,False
2018,local_authority_district,24,Richmond upon Thames,444,0.003620499857300118,True,False
2018,local_authority_district,240,Hartlepool,78,0.0006360337587148857,True,False
2018,local_authority_district,241,Redcar and Cleveland,126,0.0010274391486932769,True,False
2018,local_authority_district,243,Middlesbrough,220,0.0017939413707342927,True,False
2018,local_authority_district,245,Stockton-on-Tees,184,0.0015003873282504994,True,False
2018,local_authority_district,25,Hounslow,785,0.006401108981938272,True,False
2018,local_authority_district,250,Cannock Chase,97,0.0007909650589146655,True,False
2018,local_authority_district,251,East Staffordshire,146,0.0011905247278509398,True,False
2018,local_authority_district,252,Lichfield,139,0.0011334447751457576,True,False
2018,local_authority_district,253,Newcastle-under-Lyme,139,0.0011334447751457576,True,False
2018,local_authority_district,254,South Staffordshire,144,0.0011742161699351734,True,False
2018,local_authority_district,255,Stafford,174,0.0014188445386716679,True,False
2018,local_authority_district,256,Staffordshire Moorlands,115,0.0009377420801565621,True,False
2018,local_authority_district,257,Stoke-on-Trent,402,0.003278020141069026,True,False
2018,local_authority_district,258,Tamworth,61,0.0004974110164308721,True,False
2018,local_authority_district,26,Hillingdon,727,0.00592816080238105,True,False
2018,local_authority_district,27,Ealing,944,0.0076976393362416925,True,False
2018,local_authority_district,270,Bromsgrove,153,0.001247604680556122,True,False
2018,local_authority_district,273,Malvern Hills,111,0.0009051249643250295,True,False
2018,local_authority_district,274,Redditch,89,0.0007257308272516003,True,False
2018,local_authority_district,276,Worcester,107,0.0008725078484934969,True,False
2018,local_authority_district,277,Wychavon,195,0.001590084396787214,True,False
2018,local_authority_district,278,Wyre Forest,152,0.0012394504015982386,True,False
2018,local_authority_district,28,Brent,929,0.007575325151873445,True,False
2018,local_authority_district,284,Telford and Wrekin,182,0.001484078770334733,True,False
2018,local_authority_district,285,"Herefordshire, County of",342,0.002788763403596037,True,False
2018,local_authority_district,286,Shropshire,457,0.0037265054837525994,True,False
2018,local_authority_district,29,Harrow,414,0.003375871488563624,True,False
2018,local_authority_district,290,North Warwickshire,248,0.002022261181555021,True,False
2018,local_authority_district,291,Nuneaton and Bedworth,191,0.0015574672809556816,True,False
2018,local_authority_district,292,Rugby,216,0.0017613242549027602,True,False
2018,local_authority_district,293,Stratford-upon-Avon,291,0.0023728951767439965,True,False
2018,local_authority_district,294,Warwick,266,0.0021690382027969176,True,False
2018,local_authority_district,3,Islington,769,0.006270640518612142,True,False
2018,local_authority_district,30,Barnet,994,0.00810535328413585,True,False
2018,local_authority_district,300,Birmingham,2614,0.02131528519590655,True,False
2018,local_authority_district,302,Coventry,608,0.0049578016063929545,True,False
2018,local_authority_district,303,Dudley,430,0.0035063399518897543,True,False
2018,local_authority_district,305,Sandwell,613,0.00499857300118237,True,False
2018,local_authority_district,306,Solihull,257,0.0020956496921759695,True,False
2018,local_authority_district,307,Walsall,486,0.0039629795735312105,True,False
2018,local_authority_district,309,Wolverhampton,482,0.003930362457699678,True,False
2018,local_authority_district,31,Haringey,856,0.0069800627879479755,True,False
2018,local_authority_district,32,Enfield,891,0.007265462551473886,True,False
2018,local_authority_district,320,Amber Valley,180,0.001467770212418967,True,False
2018,local_authority_district,321,Bolsover,116,0.0009458963591144453,True,False
2018,local_authority_district,322,Chesterfield,132,0.0010763648224405757,True,False
2018,local_authority_district,323,Derby,467,0.0038080482733314305,True,False
2018,local_authority_district,324,Erewash,165,0.0013454560280507196,True,False
2018,local_authority_district,325,High Peak,135,0.0011008276593142251,True,False
2018,local_authority_district,327,North East Derbyshire,150,0.0012231418436824725,True,False
2018,local_authority_district,328,South Derbyshire,173,0.0014106902597137848,True,False
2018,local_authority_district,329,Derbyshire Dales,143,0.0011660618909772903,True,False
2018,local_authority_district,33,Hertsmere,272,0.0022179638765442164,True,False
2018,local_authority_district,340,Ashfield,254,0.00207118685530232,True,False
2018,local_authority_district,341,Bassetlaw,233,0.0018999469971867737,True,False
2018,local_authority_district,342,Broxtowe,177,0.0014433073755453175,True,False
2018,local_authority_district,343,Gedling,191,0.0015574672809556816,True,False
2018,local_authority_district,344,Mansfield,212,0.0017287071390712275,True,False
2018,local_authority_district,345,Newark and Sherwood,286,0.0023321237819545807,True,False
2018,local_authority_district,346,Nottingham,891,0.007265462551473886,True,False
2018,local_authority_district,347,Rushcliffe,189,0.0015411587230399152,True,False
2018,local_authority_district,350,Boston,192,0.0015656215599135646,True,False
2018,local_authority_district,351,East Lindsey,381,0.00310678028295348,True,False
2018,local_authority_district,352,Lincoln,237,0.0019325641130183064,True,False
2018,local_authority_district,353,North Kesteven,272,0.0022179638765442164,True,False
2018,local_authority_district,354,South Holland,226,0.0018428670444815918,True,False
2018,local_authority_district,355,South Kesteven,274,0.002234272434459983,True,False
2018,local_authority_district,356,West Lindsey,300,0.002446283687364945,True,False
2018,local_authority_district,360,Blaby,144,0.0011742161699351734,True,False
2018,local_authority_district,361,Hinckley and Bosworth,128,0.001043747706609043,True,False
2018,local_authority_district,362,Charnwood,210,0.0017123985811554614,True,False
2018,local_authority_district,363,Harborough,91,0.0007420393851673665,True,False
2018,local_authority_district,364,Leicester,666,0.005430749785950178,True,False
2018,local_authority_district,365,Melton,68,0.0005544909691360541,True,False
2018,local_authority_district,366,North West Leicestershire,163,0.0013291474701349532,True,False
2018,local_authority_district,367,Oadby and Wigston,67,0.000546336690178171,True,False
2018,local_authority_district,368,Rutland,49,0.00039955966893627433,True,False
2018,local_authority_district,38,Epsom and Ewell,159,0.0012965303543034208,True,False
2018,local_authority_district,380,Corby,77,0.0006278794797570025,True,False
2018,local_authority_district,381,Daventry,136,0.0011089819382721082,True,False
2018,local_authority_district,382,East Northamptonshire,95,0.0007746565009988991,True,False
2018,local_authority_district,383,Kettering,123,0.0010029763118196275,True,False
2018,local_authority_district,384,Northampton,329,0.002682757777143556,True,False
2018,local_authority_district,385,South Northamptonshire,134,0.001092673380356342,True,False
2018,local_authority_district,386,Wellingborough,147,0.0011986790068088228,True,False
2018,local_authority_district,390,Cambridge,306,0.002495209361112244,True,False
2018,local_authority_district,391,East Cambridgeshire,152,0.0012394504015982386,True,False
2018,local_authority_district,392,Fenland,222,0.001810249928650059,True,False
2018,local_authority_district,393,Huntingdonshire,327,0.00266644921922779,True,False
2018,local_authority_district,394,Peterborough,460,0.0037509683206262486,True,False
2018,local_authority_district,395,South Cambridgeshire,336,0.002739837729848738,True,False
2018,local_authority_district,4,Hackney,854,0.006963754230032209,True,False
2018,local_authority_district,40,Spelthorne,247,0.002014106902597138,True,False
2018,local_authority_district,400,Breckland,260,0.0021201125290496187,True,False
2018,local_authority_district,401,Broadland,246,0.002005952623639255,True,False
2018,local_authority_district,402,Great Yarmouth,176,0.0014351530965874342,True,False
2018,local_authority_district,404,Norwich,336,0.002739837729848738,True,False
2018,local_authority_district,405,North Norfolk,150,0.0012231418436824725,True,False
2018,local_authority_district,406,South Norfolk,300,0.002446283687364945,True,False
2018,local_authority_district,407,King's Lynn and West Norfolk,314,0.002560443592775309,True,False
2018,local_authority_district,410,Babergh,192,0.0015656215599135646,True,False
2018,local_authority_district,411,Forest Heath,126,0.0010274391486932769,True,False
2018,local_authority_district,412,Ipswich,347,0.0028295347983854527,True,False
2018,local_authority_district,413,Mid Suffolk,181,0.00147592449137685,True,False
2018,local_authority_district,414,St. Edmundsbury,213,0.0017368614180291108,True,False
2018,local_authority_district,415,Suffolk Coastal,223,0.0018184042076079424,True,False
2018,local_authority_district,416,Waveney,181,0.00147592449137685,True,False
2018,local_authority_district,420,Bedford,348,0.0028376890773433357,True,False
2018,local_authority_district,421,Luton,501,0.004085293757899458,True,False
2018,local_authority_district,424,Central Bedfordshire,649,0.005292127043666164,True,False
2018,local_authority_district,430,Broxbourne,145,0.0011823704488930567,True,False
2018,local_authority_district,431,Dacorum,194,0.001581930117829331,True,False
2018,local_authority_district,432,East Hertfordshire,237,0.0019325641130183064,True,False
2018,local_authority_district,433,North Hertfordshire,226,0.0018428670444815918,True,False
2018,local_authority_district,434,St. Albans,286,0.0023321237819545807,True,False
2018,local_authority_district,435,Stevenage,131,0.0010682105434826924,True,False
2018,local_authority_district,436,Three Rivers,175,0.0014269988176295512,True,False
2018,local_authority_district,437,Watford,158,0.0012883760753455375,True,False
2018,local_authority_district,438,Welwyn Hatfield,229,0.0018673298813552412,True,False
2018,local_authority_district,450,Basildon,249,0.002030415460512904,True,False
2018,local_authority_district,451,Braintree,219,0.0017857870917764097,True,False
2018,local_authority_district,452,Brentwood,158,0.0012883760753455375,True,False
2018,local_authority_district,453,Castle Point,121,0.000986667753903861,True,False
2018,local_authority_district,454,Chelmsford,335,0.002731683450890855,True,False
2018,local_authority_district,455,Colchester,359,0.0029273861458800504,True,False
2018,local_authority_district,456,Epping Forest,374,0.0030497003302482977,True,False
2018,local_authority_district,457,Harlow,113,0.0009214335222407959,True,False
2018,local_authority_district,458,Maldon,100,0.0008154278957883149,True,False
2018,local_authority_district,459,Rochford,126,0.0010274391486932769,True,False
2018,local_authority_district,460,Southend-on-Sea,279,0.0022750438292493988,True,False
2018,local_authority_district,461,Tendring,262,0.002136421086965385,True,False
2018,local_authority_district,462,Thurrock,305,0.0024870550821543603,True,False
2018,local_authority_district,463,Uttlesford,163,0.0013291474701349532,True,False
2018,local_authority_district,470,Bracknell Forest,106,0.0008643535695356138,True,False
2018,local_authority_district,471,West Berkshire,207,0.001687935744281812,True,False
2018,local_authority_district,472,Reading,288,0.002348432339870347,True,False
2018,local_authority_district,473,Slough,285,0.0023239695029966976,True,False
2018,local_authority_district,474,Windsor and Maidenhead,215,0.0017531699759448772,True,False
2018,local_authority_district,475,Wokingham,202,0.0016471643494923962,True,False
2018,local_authority_district,476,Aylesbury Vale,297,0.0024218208504912953,True,False
2018,local_authority_district,477,South Bucks,199,0.0016227015126187468,True,False
2018,local_authority_district,478,Chiltern,112,0.0009132792432829127,True,False
2018,local_authority_district,479,Milton Keynes,513,0.0041831451053940556,True,False
2018,local_authority_district,480,Wycombe,257,0.0020956496921759695,True,False
2018,local_authority_district,481,Cherwell,279,0.0022750438292493988,True,False
2018,local_authority_district,482,Oxford,287,0.0023402780609124638,True,False
2018,local_authority_district,483,Vale of White Horse,211,0.0017205528601133445,True,False
2018,local_authority_district,484,South Oxfordshire,182,0.001484078770334733,True,False
2018,local_authority_district,485,West Oxfordshire,191,0.0015574672809556816,True,False
2018,local_authority_district,490,Basingstoke and Deane,295,0.002405512292575529,True,False
2018,local_authority_district,491,Eastleigh,251,0.0020467240184286702,True,False
2018,local_authority_district,492,Fareham,200,0.0016308557915766298,True,False
2018,local_authority_district,493,Gosport,122,0.0009948220328617442,True,False
2018,local_authority_district,494,Hart,157,0.0012802217963876544,True,False
2018,local_authority_district,495,Havant,228,0.001859175602397358,True,False
2018,local_authority_district,496,New Forest,371,0.0030252374933746485,True,False
2018,local_authority_district,497,East Hampshire,221,0.001802095649692176,True,False
2018,local_authority_district,498,Portsmouth,520,0.0042402250580992375,True,False
2018,local_authority_district,499,Rushmoor,141,0.001149753333061524,True,False
2018,local_authority_district,5,Tower Hamlets,1132,0.009230643780323724,True,False
2018,local_authority_district,500,Southampton,533,0.004346230684551719,True,False
2018,local_authority_district,501,Test Valley,268,0.002185346760712684,True,False
2018,local_authority_district,502,Winchester,361,0.002943694703795817,True,False
2018,local_authority_district,505,Isle of Wight,289,0.00235658661882823,True,False
2018,local_authority_district,510,Elmbridge,333,0.002715374892975089,True,False
2018,local_authority_district,511,Guildford,444,0.003620499857300118,True,False
2018,local_authority_district,512,Mole Valley,260,0.0021201125290496187,True,False
2018,local_authority_district,513,Reigate and Banstead,384,0.0031312431198271293,True,False
2018,local_authority_district,514,Runnymede,300,0.002446283687364945,True,False
2018,local_authority_district,515,Surrey Heath,211,0.0017205528601133445,True,False
2018,local_authority_district,516,Tandridge,321,0.0026175235454804907,True,False
2018,local_authority_district,517,Waverley,239,0.0019488726709340726,True,False
2018,local_authority_district,518,Woking,215,0.0017531699759448772,True,False
2018,local_authority_district,530,Ashford,310,0.002527826476943776,True,False
2018,local_authority_district,531,Canterbury,367,0.002992620377543116,True,False
2018,local_authority_district,532,Dartford,376,0.0030660088881640643,True,False
2018,local_authority_district,533,Dover,260,0.0021201125290496187,True,False
2018,local_authority_district,535,Gravesham,266,0.0021690382027969176,True,False
2018,local_authority_district,536,Maidstone,449,0.003661271252089534,True,False
2018,local_authority_district,538,Sevenoaks,307,0.002503363640070127,True,False
2018,local_authority_district,539,Shepway,247,0.002014106902597138,True,False
2018,local_authority_district,540,Swale,340,0.0027724548456802708,True,False
2018,local_authority_district,541,Thanet,340,0.0027724548456802708,True,False
2018,local_authority_district,542,Tonbridge and Malling,319,0.0026012149875647246,True,False
2018,local_authority_district,543,Tunbridge Wells,230,0.0018754841603131243,True,False
2018,local_authority_district,544,Medway,593,0.004835487422024707,True,False
2018,local_authority_district,551,Eastbourne,185,0.0015085416072083825,True,False
2018,local_authority_district,552,Hastings,180,0.001467770212418967,True,False
2018,local_authority_district,554,Lewes,252,0.0020548782973865538,True,False
2018,local_authority_district,555,Rother,243,0.0019814897867656053,True,False
2018,local_authority_district,556,Wealden,400,0.0032617115831532597,True,False
2018,local_authority_district,557,Adur,137,0.0011171362172299915,True,False
2018,local_authority_district,558,Arun,314,0.002560443592775309,True,False
2018,local_authority_district,559,Chichester,339,0.0027643005667223877,True,False
2018,local_authority_district,560,Crawley,290,0.0023647408977861134,True,False
2018,local_authority_district,562,Horsham,288,0.002348432339870347,True,False
2018,local_authority_district,563,Mid Sussex,300,0.002446283687364945,True,False
2018,local_authority_district,564,Worthing,248,0.002022261181555021,True,False
2018,local_authority_district,565,Brighton and Hove,683,0.005569372528234191,True,False
2018,local_authority_district,57,London Airport (Heathrow),40,0.00032617115831532596,True,False
2018,local_authority_district,570,City of London,269,0.0021935010396705672,True,False
2018,local_authority_district,580,East Devon,284,0.0023158152240388146,True,False
2018,local_authority_district,581,Exeter,213,0.0017368614180291108,True,False
2018,local_authority_district,582,North Devon,225,0.0018347127655237085,True,False
2018,local_authority_district,583,Plymouth,465,0.0037917397154156643,True,False
2018,local_authority_district,584,South Hams,179,0.0014596159334610836,True,False
2018,local_authority_district,585,Teignbridge,287,0.0023402780609124638,True,False
2018,local_authority_district,586,Mid Devon,114,0.000929587801198679,True,False
2018,local_authority_district,587,Torbay,261,0.002128266808007502,True,False
2018,local_authority_district,588,Torridge,115,0.0009377420801565621,True,False
2018,local_authority_district,589,West Devon,128,0.001043747706609043,True,False
2018,local_authority_district,596,Cornwall,1175,0.0095812777755127,True,False
2018,local_authority_district,599,Isles of Scilly,2,1.6308557915766297e-05,True,False
2018,local_authority_district,6,Greenwich,714,0.0058221551759285685,True,False
2018,local_authority_district,60,Allerdale,235,0.00191625555510254,True,False
2018,local_authority_district,601,"Bristol, City of",947,0.007722102173115342,True,False
2018,local_authority_district,605,North Somerset,340,0.0027724548456802708,True,False
2018,local_authority_district,606,Mendip,219,0.0017857870917764097,True,False
2018,local_authority_district,607,Sedgemoor,226,0.0018428670444815918,True,False
2018,local_authority_district,608,Taunton Deane,204,0.0016634729074081625,True,False
2018,local_authority_district,609,West Somerset,59,0.0004811024585151058,True,False
2018,local_authority_district,61,Barrow-in-Furness,149,0.0012149875647245892,True,False
2018,local_authority_district,610,South Somerset,265,0.0021608839238390345,True,False
2018,local_authority_district,611,Bath and North East Somerset,262,0.002136421086965385,True,False
2018,local_authority_district,612,South Gloucestershire,434,0.0035389570677212866,True,False
2018,local_authority_district,62,Carlisle,276,0.002250580992375749,True,False
2018,local_authority_district,620,Cheltenham,142,0.0011579076120194073,True,False
2018,local_authority_district,621,Cotswold,138,0.0011252904961878746,True,False
2018,local_authority_district,622,Forest of Dean,90,0.0007338851062094835,True,False
2018,local_authority_district,623,Gloucester,164,0.0013373017490928365,True,False
2018,local_authority_district,624,Stroud,117,0.0009540506380723285,True,False
2018,local_authority_district,625,Tewkesbury,127,0.00103559342765116,True,False
2018,local_authority_district,63,Copeland,157,0.0012802217963876544,True,False
2018,local_authority_district,633,Swindon,394,0.003212785909405961,True,False
2018,local_authority_district,635,Wiltshire,892,0.0072736168304317695,True,False
2018,local_authority_district,64,Eden,184,0.0015003873282504994,True,False
2018,local_authority_district,640,Bournemouth,327,0.00266644921922779,True,False
2018,local_authority_district,641,Christchurch,75,0.0006115709218412362,True,False
2018,local_authority_district,642,North Dorset,104,0.0008480450116198475,True,False
2018,local_authority_district,643,Poole,284,0.0023158152240388146,True,False
2018,local_authority_district,644,Purbeck,119,0.0009703591959880947,True,False
2018,local_authority_district,645,West Dorset,189,0.0015411587230399152,True,False
2018,local_authority_district,646,Weymouth and Portland,87,0.0007094222693358339,True,False
2018,local_authority_district,647,East Dorset,139,0.0011334447751457576,True,False
2018,local_authority_district,65,South Lakeland,243,0.0019814897867656053,True,False
2018,local_authority_district,7,Lewisham,836,0.006816977208790312,True,False
2018,local_authority_district,70,Blackburn with Darwen,358,0.0029192318669221673,True,False
2018,local_authority_district,71,Blackpool,345,0.0028132262404696865,True,False
2018,local_authority_district,72,Burnley,202,0.0016471643494923962,True,False
2018,local_authority_district,720,Isle of Anglesey,77,0.0006278794797570025,True,False
2018,local_authority_district,721,Conwy,176,0.0014351530965874342,True,False
2018,local_authority_district,722,Gwynedd,202,0.0016471643494923962,True,False
2018,local_authority_district,723,Denbighshire,160,0.0013046846332613038,True,False
2018,local_authority_district,724,Flintshire,187,0.0015248501651241488,True,False
2018,local_authority_district,725,Wrexham,183,0.0014922330492926164,True,False
2018,local_authority_district,73,Chorley,241,0.001965181228849839,True,False
2018,local_authority_district,730,Blaenau Gwent,69,0.0005626452480939373,True,False
2018,local_authority_district,731,Caerphilly,187,0.0015248501651241488,True,False
2018,local_authority_district,732,Monmouthshire,108,0.0008806621274513801,True,False
2018,local_authority_district,733,Newport,183,0.0014922330492926164,True,False
2018,local_authority_district,734,Torfaen,77,0.0006278794797570025,True,False
2018,local_authority_district,74,Fylde,187,0.0015248501651241488,True,False
2018,local_authority_district,740,Bridgend,164,0.0013373017490928365,True,False
2018,local_authority_district,741,Cardiff,366,0.0029844660985852327,True,False
2018,local_authority_district,742,Merthyr Tydfil,91,0.0007420393851673665,True,False
2018,local_authority_district,743,Neath Port Talbot,164,0.0013373017490928365,True,False
2018,local_authority_district,744,"Rhondda, Cynon, Taff",268,0.002185346760712684,True,False
2018,local_authority_district,745,Swansea,266,0.0021690382027969176,True,False
2018,local_authority_district,746,The Vale of Glamorgan,146,0.0011905247278509398,True,False
2018,local_authority_district,75,Hyndburn,164,0.0013373017490928365,True,False
2018,local_authority_district,750,Ceredigion,185,0.0015085416072083825,True,False
2018,local_authority_district,751,Carmarthenshire,378,0.0030823174460798304,True,False
2018,local_authority_district,752,Pembrokeshire,241,0.001965181228849839,True,False
2018,local_authority_district,753,Powys,336,0.002739837729848738,True,False
2018,local_authority_district,76,Lancaster,349,0.0028458433563012192,True,False
2018,local_authority_district,77,Pendle,202,0.0016471643494923962,True,False
2018,local_authority_district,79,Preston,409,0.003335100093774208,True,False
2018,local_authority_district,8,Southwark,1152,0.009393729359481387,True,False
2018,local_authority_district,80,Ribble Valley,110,0.0008969706853671464,True,False
2018,local_authority_district,82,Rossendale,130,0.0010600562645248094,True,False
2018,local_authority_district,83,South Ribble,274,0.002234272434459983,True,False
2018,local_authority_district,84,West Lancashire,189,0.0015411587230399152,True,False
2018,local_authority_district,85,Wyre,219,0.0017857870917764097,True,False
2018,local_authority_district,9,Lambeth,1287,0.010494557018795612,True,False
2018,local_authority_district,90,Knowsley,235,0.00191625555510254,True,False
2018,local_authority_district,91,Liverpool,917,0.0074774738043788475,True,False
2018,local_authority_district,910,Aberdeen City,134,0.001092673380356342,True,False
2018,local_authority_district,911,Aberdeenshire,239,0.0019488726709340726,True,False
2018,local_authority_district,912,Angus,126,0.0010274391486932769,True,False
2018,local_authority_district,913,Argyll and Bute,156,0.0012720675174297713,True,False
2018,local_authority_district,914,Scottish Borders,173,0.0014106902597137848,True,False
2018,local_authority_district,915,Clackmannanshire,35,0.00028539976352591023,True,False
2018,local_authority_district,916,West Dunbartonshire,83,0.0006768051535043013,True,False
2018,local_authority_district,917,Dumfries and Galloway,258,0.0021038039711338526,True,False
2018,local_authority_district,918,Dundee City,95,0.0007746565009988991,True,False
2018,local_authority_district,919,East Ayrshire,163,0.0013291474701349532,True,False
2018,local_authority_district,92,St. Helens,238,0.0019407183919761895,True,False
2018,local_authority_district,920,East Dunbartonshire,58,0.00047294817955722266,True,False
2018,local_authority_district,921,East Lothian,127,0.00103559342765116,True,False
2018,local_authority_district,922,East Renfrewshire,70,0.0005707995270518205,True,False
2018,local_authority_district,923,"Edinburgh, City of",768,0.0062624862396542585,True,False
2018,local_authority_district,924,Falkirk,166,0.0013536103070086027,True,False
2018,local_authority_district,925,Fife,328,0.002674603498185673,True,False
2018,local_authority_district,926,Glasgow City,907,0.007395931014800016,True,False
2018,local_authority_district,927,Highland,387,0.003155705956700779,True,False
2018,local_authority_district,928,Inverclyde,78,0.0006360337587148857,True,False
2018,local_authority_district,929,Midlothian,119,0.0009703591959880947,True,False
2018,local_authority_district,93,Sefton,448,0.003653116973131651,True,False
2018,local_authority_district,930,Moray,49,0.00039955966893627433,True,False
2018,local_authority_district,931,North Ayrshire,146,0.0011905247278509398,True,False
2018,local_authority_district,932,North Lanarkshire,377,0.0030741631671219473,True,False
2018,local_authority_district,933,Orkney Islands,14,0.00011415990541036409,True,False
2018,local_authority_district,934,Perth and Kinross,184,0.0015003873282504994,True,False
2018,local_authority_district,935,Renfrewshire,211,0.0017205528601133445,True,False
2018,local_authority_district,936,Shetland Islands,14,0.00011415990541036409,True,False
2018,local_authority_district,937,South Ayrshire,125,0.0010192848697353936,True,False
2018,local_authority_district,938,South Lanarkshire,381,0.00310678028295348,True,False
2018,local_authority_district,939,Stirling,127,0.00103559342765116,True,False
2018,local_authority_district,940,West Lothian,284,0.0023158152240388146,True,False
2018,local_authority_district,941,Western Isles,23,0.00018754841603131243,True,False
2018,local_authority_district,95,Wirral,449,0.003661271252089534,True,False
2018,pedestrian_crossing,-1,Data missing or out of range,91,0.0007420393851673665,True,True
2018,pedestrian_crossing,0,No physical crossing facility within 50m,95274,0.7768907734333591,True,False
2018,pedestrian_crossing,11,Human crossing control by school crossing patrol,422,0.003441105720226689,True,False
2018,pedestrian_crossing,12,Human crossing control by other authorised person,1116,0.009100175316997595,True,False
2018,pedestrian_crossing,13,Zebra crossing,4316,0.035193867982223674,True,False
2018,pedestrian_crossing,14,Pedestrian light crossing (pelican or puffin or toucan or similar),6742,0.05497614873404819,True,False
2018,pedestrian_crossing,15,Pedestrian phase at traffic signal,9306,0.07588371998206059,True,False
2018,pedestrian_crossing,16,Footbridge or subway,268,0.002185346760712684,True,False
2018,pedestrian_crossing,17,Central refuge - no other controls,3065,0.024992865005911854,True,False
2018,pedestrian_crossing,99,unknown (self reported),2035,0.01659395767929221,True,True
2018,pedestrian_crossing_human_control_historic,-1,Data missing or out of range,103,0.0008398907326619643,True,True
2018,pedestrian_crossing_human_control_historic,0,None within 50 metres,117924,0.9615851918294125,True,False
2018,pedestrian_crossing_human_control_historic,1,Control by school crossing patrol,422,0.003441105720226689,True,False
2018,pedestrian_crossing_human_control_historic,2,Control by other authorised person,1116,0.009100175316997595,True,False
2018,pedestrian_crossing_human_control_historic,9,unknown (self reported),3070,0.02503363640070127,True,True
2018,pedestrian_crossing_physical_facilities_historic,-1,Data missing or out of range,99,0.0008072736168304317,True,True
2018,pedestrian_crossing_physical_facilities_historic,0,No physical crossing facilities within 50 metres,94877,0.7736535246870796,True,False
2018,pedestrian_crossing_physical_facilities_historic,1,Zebra,4583,0.03737106046397847,True,False
2018,pedestrian_crossing_physical_facilities_historic,4,"Pelican, puffin, toucan or similar non-junction pedestrian light crossing",7169,0.058458025849064295,True,False
2018,pedestrian_crossing_physical_facilities_historic,5,Pedestrian phase at traffic signal junction,9753,0.07952868267623435,True,False
2018,pedestrian_crossing_physical_facilities_historic,7,Footbridge or subway,272,0.0022179638765442164,True,False
2018,pedestrian_crossing_physical_facilities_historic,8,Central refuge,3131,0.02553104741713214,True,False
2018,pedestrian_crossing_physical_facilities_historic,9,unknown (self reported),2751,0.022432421413136543,True,True
2018,police_force,1,Metropolitan Police,25390,0.20703714274065316,True,False
2018,police_force,10,Northumbria,2340,0.01908101276144657,True,False
2018,police_force,11,Durham,951,0.007754719288946875,True,False
2018,police_force,12,North Yorkshire,1620,0.013209931911770702,True,False
2018,police_force,13,West Yorkshire,4132,0.03369348065397317,True,False
2018,police_force,14,South Yorkshire,2469,0.020132914747013494,True,False
2018,police_force,16,Humberside,2305,0.01879561299792066,True,False
2018,police_force,17,Cleveland,608,0.0049578016063929545,True,False
2018,police_force,20,West Midlands,5490,0.04476699147877849,True,False
2018,police_force,21,Staffordshire,1417,0.011554613283320423,True,False
2018,police_force,22,West Mercia,1788,0.014579850776695071,True,False
2018,police_force,23,Warwickshire,1212,0.009882986096954377,True,False
2018,police_force,3,Cumbria,1244,0.010143923023606638,True,False
2018,police_force,30,Derbyshire,1661,0.01354425734904391,True,False
2018,police_force,31,Nottinghamshire,2433,0.019839360704529702,True,False
2018,police_force,32,Lincolnshire,1882,0.015346352998736087,True,False
2018,police_force,33,Leicestershire,1586,0.012932686427202675,True,False
2018,police_force,34,Northamptonshire,1041,0.008488604395156358,True,False
2018,police_force,35,Cambridgeshire,1803,0.014702164961063318,True,False
2018,police_force,36,Norfolk,1782,0.014530925102947772,True,False
2018,police_force,37,Suffolk,1463,0.011929710115383046,True,False
2018,police_force,4,Lancashire,3379,0.02755330859868716,True,False
2018,police_force,40,Bedfordshire,1498,0.012215109878908958,True,False
2018,police_force,41,Hertfordshire,2053,0.016740734700534107,True,False
2018,police_force,42,Essex,3163,0.0257919843437844,True,False
2018,police_force,43,Thames Valley,3832,0.03124719696660823,True,False
2018,police_force,44,Hampshire,3957,0.03226648183634362,True,False
2018,police_force,45,Surrey,3113,0.025384270395890245,True,False
2018,police_force,46,Kent,4403,0.03590329025155951,True,False
2018,police_force,47,Sussex,3859,0.031467362498471076,True,False
2018,police_force,48,City of London,272,0.0022179638765442164,True,False
2018,police_force,5,Merseyside,2287,0.01864883597667876,True,False
2018,police_force,50,Devon and Cornwall,3448,0.0281159538467811,True,False
2018,police_force,52,Avon and Somerset,2956,0.02410404859950259,True,False
2018,police_force,53,Gloucestershire,778,0.00634402902923309,True,False
2018,police_force,54,Wiltshire,1286,0.01048640273983773,True,False
2018,police_force,55,Dorset,1324,0.010796265340237289,True,False
2018,police_force,6,Greater Manchester,3762,0.030676397439556406,True,False
2018,police_force,60,North Wales,985,0.008031964773514902,True,False
2018,police_force,61,Gwent,624,0.005088270069719085,True,False
2018,police_force,62,South Wales,1465,0.011946018673298813,True,False
2018,police_force,63,Dyfed-Powys,1140,0.00929587801198679,True,False
2018,police_force,7,Cheshire,2029,0.01654503200554491,True,False
2018,police_force,91,Northern,438,0.0035715741835528193,True,False
2018,police_force,92,Grampian,422,0.003441105720226689,True,False
2018,police_force,93,Tayside,405,0.0033024829779426754,True,False
2018,police_force,94,Fife,328,0.002674603498185673,True,False
2018,police_force,95,Lothian and Borders,1471,0.011994944347046113,True,False
2018,police_force,96,Central,328,0.002674603498185673,True,False
2018,police_force,97,Strathclyde,2755,0.022465038528968077,True,False
2018,police_force,98,Dumfries and Galloway,258,0.0021038039711338526,True,False
2018,road_surface_conditions,-1,Data missing or out of range,188,0.0015330044440820321,True,True
2018,road_surface_conditions,1,Dry,90546,0.7383373425204877,True,False
2018,road_surface_conditions,2,Wet or damp,28215,0.23007298079667304,True,False
2018,road_surface_conditions,3,Snow,1099,0.008961552574713582,True,False
2018,road_surface_conditions,4,Frost or ice,1417,0.011554613283320423,True,False
2018,road_surface_conditions,5,Flood over 3cm. deep,135,0.0011008276593142251,True,False
2018,road_surface_conditions,9,unknown (self reported),1035,0.00843967872140906,True,True
2018,road_type,1,Roundabout,7573,0.06175235454804909,True,False
2018,road_type,2,One way street,3366,0.02744730297223468,True,False
2018,road_type,3,Dual carriageway,19473,0.15878827414685856,True,False
2018,road_type,6,Single carriageway,88323,0.7202103803971134,True,False
2018,road_type,7,Slip road,1508,0.01229665266848779,True,False
2018,road_type,9,Unknown,2392,0.01950503526725649,True,True
2018,second_road_class,-1,Data missing or out of range,163,0.0013291474701349532,True,True
2018,second_road_class,0,Not at junction or within 20 metres,52047,0.4244057569209443,True,False
2018,second_road_class,1,Motorway,677,0.005520446854486892,True,False
2018,second_road_class,2,A(M),73,0.0005952623639254699,True,False
2018,second_road_class,3,A,12213,0.0995882089126269,True,False
2018,second_road_class,4,B,4662,0.03801524850165124,True,False
2018,second_road_class,5,C,4168,0.03398703469645697,True,False
2018,second_road_class,6,Unclassified,48631,0.3965507400008154,True,False
2018,second_road_class,9,Unknown (self rep only),1,8.154278957883149e-06,True,True
2018,special_conditions_at_site,-1,Data missing or out of range,109,0.0008888164064092633,True,True
2018,special_conditions_at_site,0,None,118495,0.9662412851143638,True,False
2018,special_conditions_at_site,1,Auto traffic signal - out,284,0.0023158152240388146,True,False
2018,special_conditions_at_site,2,Auto signal part defective,42,0.00034247971623109226,True,False
2018,special_conditions_at_site,3,Road sign or marking defective or obscured,183,0.0014922330492926164,True,False
2018,special_conditions_at_site,4,Roadworks,1372,0.01118767073021568,True,False
2018,special_conditions_at_site,5,Road surface defective,282,0.002299506666123048,True,False
2018,special_conditions_at_site,6,Oil or diesel,177,0.0014433073755453175,True,False
2018,special_conditions_at_site,7,Mud,276,0.002250580992375749,True,False
2018,special_conditions_at_site,9,unknown (self reported),1415,0.011538304725404656,True,True
2018,trunk_road_flag,-1,Data missing or out of range,10619,0.08659028825376117,True,True
2018,trunk_road_flag,1,Trunk (Roads managed by Highways England),8460,0.06898519998369144,True,False
2018,trunk_road_flag,2,Non-trunk,103556,0.8444245117625474,True,False
2018,urban_or_rural_area,-1,Data missing or out of range,1,8.154278957883149e-06,True,True
2018,urban_or_rural_area,1,Urban,82583,0.6734048191788641,True,False
2018,urban_or_rural_area,2,Rural,39996,0.3261385411994944,True,False
2018,urban_or_rural_area,3,Unallocated,55,0.0004484853426835732,True,False
2018,weather_conditions,-1,Data missing or out of range,19,0.00015493130019977983,True,True
2018,weather_conditions,1,Fine no high winds,99221,0.809075712480124,True,False
2018,weather_conditions,2,Raining no high winds,12789,0.10428507359236759,True,False
2018,weather_conditions,3,Snowing no high winds,1075,0.008765849879724385,True,False
2018,weather_conditions,4,Fine + high winds,1134,0.009246952338239491,True,False
2018,weather_conditions,5,Raining + high winds,1277,0.010413014229216781,True,False
2018,weather_conditions,6,Snowing + high winds,402,0.003278020141069026,True,False
2018,weather_conditions,7,Fog or mist,449,0.003661271252089534,True,False
2018,weather_conditions,8,Other,2603,0.021225588127369837,True,False
2018,weather_conditions,9,Unknown,3666,0.029893586659599625,True,True
2019,carriageway_hazards,-1,Data missing or out of range,197,0.0016760822216172065,True,True
2019,carriageway_hazards,0,None,111885,0.9519211135311735,True,False
2019,carriageway_hazards,11,Defective traffic signals,314,0.0026715219166893547,True,False
2019,carriageway_hazards,12,Permanent road signing or markings defective or obscured or inadequate,200,0.0017016063163626464,True,False
2019,carriageway_hazards,13,Roadworks,1328,0.011298665940647972,True,False
2019,carriageway_hazards,14,Oil or diesel,183,0.0015569697794718214,True,False
2019,carriageway_hazards,15,Mud,295,0.0025098693166349033,True,False
2019,carriageway_hazards,16,Dislodged vehicle load in carriageway,261,0.0022205962428532536,True,False
2019,carriageway_hazards,17,Other object in carriageway,896,0.007623196297304655,True,False
2019,carriageway_hazards,18,Involvement with previous collision,199,0.0016930982847808331,True,False
2019,carriageway_hazards,19,Pedestrian in carriageway - not injured,212,0.001803702695344405,True,False
2019,carriageway_hazards,20,Any animal in carriageway (except ridden horse),339,0.0028842227062346854,True,False
2019,carriageway_hazards,21,Poor or defective road surface,240,0.0020419275796351756,True,False
2019,carriageway_hazards,99,unknown (self reported),987,0.00839742717124966,True,True
2019,carriageway_hazards_historic,-1,Data missing or out of range,230,0.001956847263817043,True,True
2019,carriageway_hazards_historic,0,None,113885,0.9689371766947998,True,False
2019,carriageway_hazards_historic,1,Vehicle load on road,276,0.002348216716580452,True,False
2019,carriageway_hazards_historic,2,Other object on road,1030,0.008763272529267629,True,False
2019,carriageway_hazards_historic,3,Previous accident,218,0.0018547508848352845,True,False
2019,carriageway_hazards_historic,6,Pedestrian in carriageway - not injured,222,0.0018887830111625375,True,False
2019,carriageway_hazards_historic,7,Any animal in carriageway (except ridden horse),349,0.002969303022052818,True,False
2019,carriageway_hazards_historic,9,unknown (self reported),1326,0.011281649877484345,True,True
2019,collision_injury_based,0,Based on severity reporting,68028,0.5787843724475905,True,False
2019,collision_injury_based,1,Based on Injury code reporting,49508,0.4212156275524095,True,False
2019,collision_severity,1,Fatal,1658,0.014106316362646339,True,False
2019,collision_severity,2,Serious,22980,0.19551456575006806,True,False
2019,collision_severity,3,Slight,92898,0.7903791178872855,True,False
2019,day_of_week,1,Sunday,12935,0.11005138851075415,True,False
2019,day_of_week,2,Monday,16643,0.14159916961611763,True,False
2019,day_of_week,3,Tuesday,17598,0.14972433977674926,True,False
2019,day_of_week,4,Wednesday,17775,0.1512302613667302,True,False
2019,day_of_week,5,Thursday,17973,0.1529148516199292,True,False
2019,day_of_week,6,Friday,19056,0.16212904982303294,True,False
2019,day_of_week,7,Saturday,15556,0.13235093928668662,True,False
2019,did_police_officer_attend_scene_of_accident,1,Yes,81309,0.6917795398856521,True,False
2019,did_police_officer_attend_scene_of_accident,2,No,26285,0.2236336101279608,True,False
2019,did_police_officer_attend_scene_of_accident,3,No - accident was reported using a self completion  form (self rep only),9942,0.08458684998638714,True,False
2019,enhanced_severity_collision,-1,Data missing or out of range,68028,0.5787843724475905,True,True
2019,enhanced_severity_collision,1,Fatal,754,0.0064150558126871765,True,False
2019,enhanced_severity_collision,3,Slight,37594,0.3198509392866866,True,False
2019,enhanced_severity_collision,5,Very Serious,1534,0.013051320446501497,True,False
2019,enhanced_severity_collision,6,Moderately Serious,2412,0.020521372175333515,True,False
2019,enhanced_severity_collision,7,Less Serious,7214,0.061376939831200655,True,False
2019,first_road_class,1,Motorway,3810,0.03241560032670841,True,False
2019,first_road_class,2,A(M),320,0.002722570106180234,True,False
2019,first_road_class,3,A,52342,0.4453273890552682,True,False
2019,first_road_class,4,B,14538,0.12368976313640076,True,False
2019,first_road_class,5,C,6067,0.05161822760686088,True,False
2019,first_road_class,6,Unclassified,40459,0.3442264497685815,True,False
2019,junction_control,-1,Data missing or out of range,49366,0.420007487067792,True,True
2019,junction_control,0,Not at junction or within 20 metres,4,3.403212632725293e-05,True,False
2019,junction_control,1,Authorised person,379,0.003224543969507215,True,False
2019,junction_control,2,Auto traffic signal,13122,0.11164239041655323,True,False
2019,junction_control,3,Stop sign,773,0.006576708412741628,True,False
2019,junction_control,4,Give way or uncontrolled,50882,0.43290566294582083,True,False
2019,junction_control,9,unknown (self reported),3010,0.025609175061257827,True,True
2019,junction_detail,-1,Data missing or out of range,1397,0.011885720119793084,True,True
2019,junction_detail,0,Not at junction or within 20 metres,61391,0.5223165668390961,True,False
2019,junction_detail,13,T or staggered junction,33660,0.28638034304383336,True,False
2019,junction_detail,16,Crossroads,11221,0.09546862237952627,True,False
2019,junction_detail,17,Junction with more than four arms (not roundabout),1479,0.012583378709501769,True,False
2019,junction_detail,18,Using private drive or entrance,2722,0.023158861965695617,True,False
2019,junction_detail,19,Other junction,5666,0.04820650694255377,True,False
2019,junction_detail_historic,-1,Data missing or out of range,1,8.508031581813232e-06,True,True
2019,junction_detail_historic,0,Not at junction or within 20 metres,48993,0.41683399128777565,True,False
2019,junction_detail_historic,1,Roundabout,9183,0.0781292540157909,True,False
2019,junction_detail_historic,2,Mini-roundabout,1664,0.014157364552137218,True,False
2019,junction_detail_historic,3,T or staggered junction,33660,0.28638034304383336,True,False
2019,junction_detail_historic,5,Slip road,1551,0.013195956983392322,True,False
2019,junction_detail_historic,6,Crossroads,11221,0.09546862237952627,True,False
2019,junction_detail_historic,7,More than 4 arms (not roundabout),1479,0.012583378709501769,True,False
2019,junction_detail_historic,8,Private drive or entrance,2722,0.023158861965695617,True,False
2019,junction_detail_historic,9,Other junction,5666,0.04820650694255377,True,False
2019,junction_detail_historic,99,unknown (self reported),1396,0.011877212088211271,True,True
2019,light_conditions,-1,Data missing or out of range,1,8.508031581813232e-06,True,True
2019,light_conditions,1,Daylight,83511,0.7105142254288048,True,False
2019,light_conditions,4,Darkness - lights lit,24407,0.20765552681731556,True,False
2019,light_conditions,5,Darkness - lights unlit,891,0.0075806561393955895,True,False
2019,light_conditions,6,Darkness - no lighting,6092,0.051830928396406205,True,False
2019,light_conditions,7,Darkness - lighting unknown,2634,0.022410155186496052,True,True
2019,local_authority_district,1,Westminster,1521,0.012940716035937926,True,False
2019,local_authority_district,10,Wandsworth,945,0.008040089844813504,True,False
2019,local_authority_district,100,Bolton,381,0.0032415600326708414,True,False
2019,local_authority_district,101,Bury,250,0.002127007895453308,True,False
2019,local_authority_district,102,Manchester,893,0.007597672202559216,True,False
2019,local_authority_district,104,Oldham,315,0.002680029948271168,True,False
2019,local_authority_district,106,Rochdale,277,0.0023567247481622654,True,False
2019,local_authority_district,107,Salford,393,0.0033436564116526,True,False
2019,local_authority_district,109,Stockport,299,0.0025439014429621564,True,False
2019,local_authority_district,11,Hammersmith and Fulham,702,0.005972638170432889,True,False
2019,local_authority_district,110,Tameside,234,0.0019908793901442963,True,False
2019,local_authority_district,112,Trafford,276,0.002348216716580452,True,False
2019,local_authority_district,114,Wigan,305,0.0025949496324530357,True,False
2019,local_authority_district,12,Kensington and Chelsea,705,0.0059981622651783285,True,False
2019,local_authority_district,124,Halton,190,0.001616526000544514,True,False
2019,local_authority_district,128,Warrington,354,0.003011843179961884,True,False
2019,local_authority_district,129,Cheshire East,622,0.00529199564388783,True,False
2019,local_authority_district,13,Waltham Forest,659,0.005606792812414919,True,False
2019,local_authority_district,130,Cheshire West and Chester,563,0.00479002178056085,True,False
2019,local_authority_district,139,Northumberland,512,0.004356112169888375,True,False
2019,local_authority_district,14,Redbridge,699,0.005947114075687449,True,False
2019,local_authority_district,146,Gateshead,375,0.003190511843179962,True,False
2019,local_authority_district,147,Newcastle upon Tyne,538,0.004577320991015519,True,False
2019,local_authority_district,148,North Tyneside,264,0.0022461203375986932,True,False
2019,local_authority_district,149,South Tyneside,185,0.001573985842635448,True,False
2019,local_authority_district,15,Havering,585,0.004977198475360741,True,False
2019,local_authority_district,150,Sunderland,422,0.003590389327525184,True,False
2019,local_authority_district,16,Barking and Dagenham,606,0.005155867138578818,True,False
2019,local_authority_district,161,Darlington,167,0.0014208412741628096,True,False
2019,local_authority_district,169,County Durham,684,0.00581949360196025,True,False
2019,local_authority_district,17,Newham,879,0.007478559760413831,True,False
2019,local_authority_district,18,Bexley,475,0.004041315001361285,True,False
2019,local_authority_district,180,Craven,83,0.0007061666212904983,True,False
2019,local_authority_district,181,Hambleton,162,0.0013783011162537436,True,False
2019,local_authority_district,182,Harrogate,278,0.0023652327797440784,True,False
2019,local_authority_district,184,Richmondshire,99,0.0008422951265995099,True,False
2019,local_authority_district,185,Ryedale,120,0.0010209637898175878,True,False
2019,local_authority_district,186,Scarborough,152,0.0012932208004356111,True,False
2019,local_authority_district,187,Selby,130,0.00110604410563572,True,False
2019,local_authority_district,189,York,352,0.0029948271167982575,True,False
2019,local_authority_district,19,Bromley,709,0.006032194391505582,True,False
2019,local_authority_district,2,Camden,922,0.0078444051184318,True,False
2019,local_authority_district,20,Croydon,955,0.008125170160631636,True,False
2019,local_authority_district,200,Bradford,833,0.007087190307650422,True,False
2019,local_authority_district,202,Calderdale,271,0.0023056765586713856,True,False
2019,local_authority_district,203,Kirklees,577,0.004909134222706234,True,False
2019,local_authority_district,204,Leeds,1451,0.012345153825211,True,False
2019,local_authority_district,206,Wakefield,487,0.004143411380343044,True,False
2019,local_authority_district,21,Sutton,442,0.0037605499591614484,True,False
2019,local_authority_district,210,Barnsley,387,0.0032926082221617207,True,False
2019,local_authority_district,211,Doncaster,646,0.005496188401851347,True,False
2019,local_authority_district,213,Rotherham,436,0.003709501769670569,True,False
2019,local_authority_district,215,Sheffield,909,0.0077338007078682275,True,False
2019,local_authority_district,22,Merton,477,0.0040583310645249115,True,False
2019,local_authority_district,228,"Kingston upon Hull, City of",789,0.00671283691805064,True,False
2019,local_authority_district,23,Kingston upon Thames,337,0.0028672066430710593,True,False
2019,local_authority_district,231,East Riding of Yorkshire,686,0.005836509665123877,True,False
2019,local_authority_district,232,North Lincolnshire,410,0.003488292948543425,True,False
2019,local_authority_district,233,North East Lincolnshire,426,0.0036244214538524366,True,False
2019,local_authority_district,24,Richmond upon Thames,419,0.0035648652327797442,True,False
2019,local_authority_district,240,Hartlepool,105,0.0008933433160903893,True,False
2019,local_authority_district,241,Redcar and Cleveland,128,0.0010890280424720937,True,False
2019,local_authority_district,243,Middlesbrough,190,0.001616526000544514,True,False
2019,local_authority_district,245,Stockton-on-Tees,239,0.0020334195480533625,True,False
2019,local_authority_district,25,Hounslow,754,0.0064150558126871765,True,False
2019,local_authority_district,250,Cannock Chase,111,0.0009443915055812687,True,False
2019,local_authority_district,251,East Staffordshire,167,0.0014208412741628096,True,False
2019,local_authority_district,252,Lichfield,106,0.0009018513476722025,True,False
2019,local_authority_district,253,Newcastle-under-Lyme,130,0.00110604410563572,True,False
2019,local_authority_district,254,South Staffordshire,135,0.0011485842635447863,True,False
2019,local_authority_district,255,Stafford,157,0.0013357609583446773,True,False
2019,local_authority_district,256,Staffordshire Moorlands,93,0.0007912469371086305,True,False
2019,local_authority_district,257,Stoke-on-Trent,359,0.0030543833378709503,True,False
2019,local_authority_district,258,Tamworth,54,0.0004594337054179145,True,False
2019,local_authority_district,26,Hillingdon,683,0.0058109855703784375,True,False
2019,local_authority_district,27,Ealing,983,0.008363395044922407,True,False
2019,local_authority_district,270,Bromsgrove,145,0.0012336645793629185,True,False
2019,local_authority_district,273,Malvern Hills,116,0.0009869316634903349,True,False
2019,local_authority_district,274,Redditch,123,0.0010464878845630275,True,False
2019,local_authority_district,276,Worcester,131,0.0011145521372175333,True,False
2019,local_authority_district,277,Wychavon,217,0.0018462428532534712,True,False
2019,local_authority_district,278,Wyre Forest,147,0.001250680642526545,True,False
2019,local_authority_district,28,Brent,861,0.007325415191941192,True,False
2019,local_authority_district,284,Telford and Wrekin,172,0.0014633814320718758,True,False
2019,local_authority_district,285,"Herefordshire, County of",361,0.0030713994010345765,True,False
2019,local_authority_district,286,Shropshire,467,0.003973250748706779,True,False
2019,local_authority_district,29,Harrow,428,0.003641437517016063,True,False
2019,local_authority_district,290,North Warwickshire,193,0.0016420500952899538,True,False
2019,local_authority_district,291,Nuneaton and Bedworth,183,0.0015569697794718214,True,False
2019,local_authority_district,292,Rugby,224,0.0019057990743261638,True,False
2019,local_authority_district,293,Stratford-upon-Avon,239,0.0020334195480533625,True,False
2019,local_authority_district,294,Warwick,269,0.0022886604955077595,True,False
2019,local_authority_district,3,Islington,738,0.006278927307378165,True,False
2019,local_authority_district,30,Barnet,948,0.008065613939558944,True,False
2019,local_authority_district,300,Birmingham,2623,0.022316566839096108,True,False
2019,local_authority_district,302,Coventry,572,0.004866594064797169,True,False
2019,local_authority_district,303,Dudley,411,0.0034968009801252383,True,False
2019,local_authority_district,305,Sandwell,570,0.0048495780016335425,True,False
2019,local_authority_district,306,Solihull,266,0.00226313640076232,True,False
2019,local_authority_district,307,Walsall,485,0.004126395317179417,True,False
2019,local_authority_district,309,Wolverhampton,489,0.00416042744350667,True,False
2019,local_authority_district,31,Haringey,849,0.0072233188129594336,True,False
2019,local_authority_district,32,Enfield,948,0.008065613939558944,True,False
2019,local_authority_district,320,Amber Valley,201,0.0017101143479444595,True,False
2019,local_authority_district,321,Bolsover,121,0.001029471821399401,True,False
2019,local_authority_district,322,Chesterfield,138,0.001174108358290226,True,False
2019,local_authority_district,323,Derby,467,0.003973250748706779,True,False
2019,local_authority_district,324,Erewash,154,0.0013102368635992377,True,False
2019,local_authority_district,325,High Peak,133,0.00113156820038116,True,False
2019,local_authority_district,327,North East Derbyshire,147,0.001250680642526545,True,False
2019,local_authority_district,328,South Derbyshire,187,0.0015910019057990743,True,False
2019,local_authority_district,329,Derbyshire Dales,157,0.0013357609583446773,True,False
2019,local_authority_district,33,Hertsmere,231,0.0019653552953988566,True,False
2019,local_authority_district,340,Ashfield,253,0.0021525319901987477,True,False
2019,local_authority_district,341,Bassetlaw,237,0.002016403484889736,True,False
2019,local_authority_district,342,Broxtowe,162,0.0013783011162537436,True,False
2019,local_authority_district,343,Gedling,162,0.0013783011162537436,True,False
2019,local_authority_district,344,Mansfield,192,0.0016335420637081405,True,False
2019,local_authority_district,345,Newark and Sherwood,274,0.0023312006534168253,True,False
2019,local_authority_district,346,Nottingham,852,0.007248842907704873,True,False
2019,local_authority_district,347,Rushcliffe,222,0.0018887830111625375,True,False
2019,local_authority_district,350,Boston,194,0.0016505581268717669,True,False
2019,local_authority_district,351,East Lindsey,443,0.0037690579907432614,True,False
2019,local_authority_district,352,Lincoln,235,0.0019993874217261094,True,False
2019,local_authority_district,353,North Kesteven,254,0.002161040021780561,True,False
2019,local_authority_district,354,South Holland,242,0.002058943642798802,True,False
2019,local_authority_district,355,South Kesteven,287,0.0024418050639803974,True,False
2019,local_authority_district,356,West Lindsey,238,0.002024911516471549,True,False
2019,local_authority_district,360,Blaby,128,0.0010890280424720937,True,False
2019,local_authority_district,361,Hinckley and Bosworth,114,0.0009699156003267084,True,False
2019,local_authority_district,362,Charnwood,168,0.0014293493057446229,True,False
2019,local_authority_district,363,Harborough,86,0.0007316907160359379,True,False
2019,local_authority_district,364,Leicester,555,0.004721957527906343,True,False
2019,local_authority_district,365,Melton,52,0.00044241764225428807,True,False
2019,local_authority_district,366,North West Leicestershire,132,0.0011230601687993466,True,False
2019,local_authority_district,367,Oadby and Wigston,40,0.00034032126327252925,True,False
2019,local_authority_district,368,Rutland,41,0.0003488292948543425,True,False
2019,local_authority_district,38,Epsom and Ewell,154,0.0013102368635992377,True,False
2019,local_authority_district,380,Corby,82,0.000697658589708685,True,False
2019,local_authority_district,381,Daventry,114,0.0009699156003267084,True,False
2019,local_authority_district,382,East Northamptonshire,110,0.0009358834739994554,True,False
2019,local_authority_district,383,Kettering,131,0.0011145521372175333,True,False
2019,local_authority_district,384,Northampton,356,0.0030288592431255107,True,False
2019,local_authority_district,385,South Northamptonshire,179,0.0015229376531445684,True,False
2019,local_authority_district,386,Wellingborough,141,0.0011996324530356656,True,False
2019,local_authority_district,390,Cambridge,330,0.0028076504219983664,True,False
2019,local_authority_district,391,East Cambridgeshire,144,0.0012251565477811054,True,False
2019,local_authority_district,392,Fenland,164,0.00139531717941737,True,False
2019,local_authority_district,393,Huntingdonshire,300,0.0025524094745439695,True,False
2019,local_authority_district,394,Peterborough,438,0.0037265178328341956,True,False
2019,local_authority_district,395,South Cambridgeshire,320,0.002722570106180234,True,False
2019,local_authority_district,4,Hackney,862,0.007333923223523006,True,False
2019,local_authority_district,40,Spelthorne,253,0.0021525319901987477,True,False
2019,local_authority_district,400,Breckland,245,0.002084467737544242,True,False
2019,local_authority_district,401,Broadland,234,0.0019908793901442963,True,False
2019,local_authority_district,402,Great Yarmouth,171,0.0014548734004900625,True,False
2019,local_authority_district,404,Norwich,319,0.002714062074598421,True,False
2019,local_authority_district,405,North Norfolk,136,0.0011570922951265996,True,False
2019,local_authority_district,406,South Norfolk,259,0.002203580179689627,True,False
2019,local_authority_district,407,King's Lynn and West Norfolk,284,0.0024162809692349577,True,False
2019,local_authority_district,410,Babergh,205,0.0017441464742717124,True,False
2019,local_authority_district,411,Forest Heath,117,0.0009954396950721481,True,False
2019,local_authority_district,412,Ipswich,256,0.0021780560849441874,True,False
2019,local_authority_district,413,Mid Suffolk,190,0.001616526000544514,True,False
2019,local_authority_district,414,St. Edmundsbury,167,0.0014208412741628096,True,False
2019,local_authority_district,415,Suffolk Coastal,232,0.0019738633269806697,True,False
2019,local_authority_district,416,Waveney,195,0.0016590661584535802,True,False
2019,local_authority_district,420,Bedford,371,0.003156479716852709,True,False
2019,local_authority_district,421,Luton,436,0.003709501769670569,True,False
2019,local_authority_district,424,Central Bedfordshire,583,0.004960182412197114,True,False
2019,local_authority_district,430,Broxbourne,143,0.0012166485161992922,True,False
2019,local_authority_district,431,Dacorum,201,0.0017101143479444595,True,False
2019,local_authority_district,432,East Hertfordshire,241,0.0020504356112169887,True,False
2019,local_authority_district,433,North Hertfordshire,193,0.0016420500952899538,True,False
2019,local_authority_district,434,St. Albans,294,0.00250136128505309,True,False
2019,local_authority_district,435,Stevenage,133,0.00113156820038116,True,False
2019,local_authority_district,436,Three Rivers,132,0.0011230601687993466,True,False
2019,local_authority_district,437,Watford,159,0.001352777021508304,True,False
2019,local_authority_district,438,Welwyn Hatfield,233,0.001982371358562483,True,False
2019,local_authority_district,450,Basildon,240,0.0020419275796351756,True,False
2019,local_authority_district,451,Braintree,257,0.0021865641165260004,True,False
2019,local_authority_district,452,Brentwood,149,0.0012676967056901715,True,False
2019,local_authority_district,453,Castle Point,89,0.0007572148107813777,True,False
2019,local_authority_district,454,Chelmsford,289,0.002458821127144024,True,False
2019,local_authority_district,455,Colchester,346,0.002943778927307378,True,False
2019,local_authority_district,456,Epping Forest,345,0.002935270895725565,True,False
2019,local_authority_district,457,Harlow,96,0.0008167710318540703,True,False
2019,local_authority_district,458,Maldon,92,0.0007827389055268173,True,False
2019,local_authority_district,459,Rochford,97,0.0008252790634358834,True,False
2019,local_authority_district,460,Southend-on-Sea,256,0.0021780560849441874,True,False
2019,local_authority_district,461,Tendring,229,0.00194833923223523,True,False
2019,local_authority_district,462,Thurrock,272,0.002314184590253199,True,False
2019,local_authority_district,463,Uttlesford,156,0.001327252926762864,True,False
2019,local_authority_district,470,Bracknell Forest,126,0.001072011979308467,True,False
2019,local_authority_district,471,West Berkshire,210,0.0017866866321807786,True,False
2019,local_authority_district,472,Reading,227,0.0019313231690716035,True,False
2019,local_authority_district,473,Slough,275,0.0023397086849986388,True,False
2019,local_authority_district,474,Windsor and Maidenhead,214,0.0018207187585080316,True,False
2019,local_authority_district,475,Wokingham,168,0.0014293493057446229,True,False
2019,local_authority_district,476,Aylesbury Vale,273,0.002322692621835012,True,False
2019,local_authority_district,477,South Bucks,175,0.0014889055268173155,True,False
2019,local_authority_district,478,Chiltern,106,0.0009018513476722025,True,False
2019,local_authority_district,479,Milton Keynes,463,0.003939218622379526,True,False
2019,local_authority_district,480,Wycombe,234,0.0019908793901442963,True,False
2019,local_authority_district,481,Cherwell,275,0.0023397086849986388,True,False
2019,local_authority_district,482,Oxford,306,0.002603457664034849,True,False
2019,local_authority_district,483,Vale of White Horse,189,0.0016080179689627009,True,False
2019,local_authority_district,484,South Oxfordshire,194,0.0016505581268717669,True,False
2019,local_authority_district,485,West Oxfordshire,129,0.001097536074053907,True,False
2019,local_authority_district,490,Basingstoke and Deane,288,0.002450313095562211,True,False
2019,local_authority_district,491,Eastleigh,227,0.0019313231690716035,True,False
2019,local_authority_district,492,Fareham,184,0.0015654778110536346,True,False
2019,local_authority_district,493,Gosport,124,0.0010549959161448407,True,False
2019,local_authority_district,494,Hart,147,0.001250680642526545,True,False
2019,local_authority_district,495,Havant,225,0.0019143071059079771,True,False
2019,local_authority_district,496,New Forest,310,0.002637489790362102,True,False
2019,local_authority_district,497,East Hampshire,220,0.001871766947998911,True,False
2019,local_authority_district,498,Portsmouth,484,0.004117887285597604,True,False
2019,local_authority_district,499,Rushmoor,137,0.0011656003267084126,True,False
2019,local_authority_district,5,Tower Hamlets,1131,0.009622583719030764,True,False
2019,local_authority_district,500,Southampton,506,0.004305063980397495,True,False
2019,local_authority_district,501,Test Valley,216,0.001837734821671658,True,False
2019,local_authority_district,502,Winchester,307,0.0026119656956166623,True,False
2019,local_authority_district,505,Isle of Wight,282,0.002399264906071331,True,False
2019,local_authority_district,510,Elmbridge,308,0.0026204737271984754,True,False
2019,local_authority_district,511,Guildford,440,0.003743533895997822,True,False
2019,local_authority_district,512,Mole Valley,247,0.0021014838007078684,True,False
2019,local_authority_district,513,Reigate and Banstead,363,0.003088415464198203,True,False
2019,local_authority_district,514,Runnymede,273,0.002322692621835012,True,False
2019,local_authority_district,515,Surrey Heath,198,0.0016845902531990198,True,False
2019,local_authority_district,516,Tandridge,315,0.002680029948271168,True,False
2019,local_authority_district,517,Waverley,216,0.001837734821671658,True,False
2019,local_authority_district,518,Woking,197,0.0016760822216172065,True,False
2019,local_authority_district,530,Ashford,310,0.002637489790362102,True,False
2019,local_authority_district,531,Canterbury,336,0.0028586986114892458,True,False
2019,local_authority_district,532,Dartford,322,0.0027395861693438606,True,False
2019,local_authority_district,533,Dover,206,0.0017526545058535257,True,False
2019,local_authority_district,535,Gravesham,255,0.0021695480533623743,True,False
2019,local_authority_district,536,Maidstone,428,0.003641437517016063,True,False
2019,local_authority_district,538,Sevenoaks,274,0.0023312006534168253,True,False
2019,local_authority_district,539,Shepway,226,0.0019228151374897904,True,False
2019,local_authority_district,540,Swale,372,0.003164987748434522,True,False
2019,local_authority_district,541,Thanet,308,0.0026204737271984754,True,False
2019,local_authority_district,542,Tonbridge and Malling,330,0.0028076504219983664,True,False
2019,local_authority_district,543,Tunbridge Wells,252,0.002144023958616934,True,False
2019,local_authority_district,544,Medway,577,0.004909134222706234,True,False
2019,local_authority_district,551,Eastbourne,188,0.0015995099373808876,True,False
2019,local_authority_district,552,Hastings,236,0.002007895453307923,True,False
2019,local_authority_district,554,Lewes,243,0.0020674516743806153,True,False
2019,local_authority_district,555,Rother,272,0.002314184590253199,True,False
2019,local_authority_district,556,Wealden,388,0.0033011162537435338,True,False
2019,local_authority_district,557,Adur,149,0.0012676967056901715,True,False
2019,local_authority_district,558,Arun,314,0.0026715219166893547,True,False
2019,local_authority_district,559,Chichester,326,0.0027736182956711137,True,False
2019,local_authority_district,560,Crawley,301,0.0025609175061257826,True,False
2019,local_authority_district,562,Horsham,316,0.0026885379798529813,True,False
2019,local_authority_district,563,Mid Sussex,318,0.002705554043016608,True,False
2019,local_authority_district,564,Worthing,259,0.002203580179689627,True,False
2019,local_authority_district,565,Brighton and Hove,681,0.0057939695072148105,True,False
2019,local_authority_district,57,London Airport (Heathrow),28,0.00023822488429077048,True,False
2019,local_authority_district,570,City of London,282,0.002399264906071331,True,False
2019,local_authority_district,580,East Devon,287,0.0024418050639803974,True,False
2019,local_authority_district,581,Exeter,215,0.0018292267900898449,True,False
2019,local_authority_district,582,North Devon,220,0.001871766947998911,True,False
2019,local_authority_district,583,Plymouth,483,0.004109379254015791,True,False
2019,local_authority_district,584,South Hams,156,0.001327252926762864,True,False
2019,local_authority_district,585,Teignbridge,284,0.0024162809692349577,True,False
2019,local_authority_district,586,Mid Devon,140,0.0011911244214538525,True,False
2019,local_authority_district,587,Torbay,226,0.0019228151374897904,True,False
2019,local_authority_district,588,Torridge,120,0.0010209637898175878,True,False
2019,local_authority_district,589,West Devon,141,0.0011996324530356656,True,False
2019,local_authority_district,596,Cornwall,1131,0.009622583719030764,True,False
2019,local_authority_district,599,Isles of Scilly,1,8.508031581813232e-06,True,False
2019,local_authority_district,6,Greenwich,724,0.00615981486523278,True,False
2019,local_authority_district,60,Allerdale,186,0.001582493874217261,True,False
2019,local_authority_district,601,"Bristol, City of",967,0.008227266539613394,True,False
2019,local_authority_district,605,North Somerset,296,0.0025183773482167168,True,False
2019,local_authority_district,606,Mendip,208,0.0017696705690171523,True,False
2019,local_authority_district,607,Sedgemoor,248,0.0021099918322896815,True,False
2019,local_authority_district,608,Taunton Deane,219,0.0018632589164170978,True,False
2019,local_authority_district,609,West Somerset,59,0.0005019738633269807,True,False
2019,local_authority_district,61,Barrow-in-Furness,122,0.0010379798529812142,True,False
2019,local_authority_district,610,South Somerset,260,0.00221208821127144,True,False
2019,local_authority_district,611,Bath and North East Somerset,253,0.0021525319901987477,True,False
2019,local_authority_district,612,South Gloucestershire,425,0.0036159134222706235,True,False
2019,local_authority_district,62,Carlisle,218,0.0018547508848352845,True,False
2019,local_authority_district,620,Cheltenham,116,0.0009869316634903349,True,False
2019,local_authority_district,621,Cotswold,161,0.0013697930846719303,True,False
2019,local_authority_district,622,Forest of Dean,102,0.0008678192213449497,True,False
2019,local_authority_district,623,Gloucester,174,0.0014803974952355024,True,False
2019,local_authority_district,624,Stroud,145,0.0012336645793629185,True,False
2019,local_authority_district,625,Tewkesbury,147,0.001250680642526545,True,False
2019,local_authority_district,63,Copeland,137,0.0011656003267084126,True,False
2019,local_authority_district,633,Swindon,391,0.0033266403484889734,True,False
2019,local_authority_district,635,Wiltshire,942,0.008014565750068064,True,False
2019,local_authority_district,64,Eden,105,0.0008933433160903893,True,False
2019,local_authority_district,640,Bournemouth,316,0.0026885379798529813,True,False
2019,local_authority_district,641,Christchurch,55,0.0004679417369997277,True,False
2019,local_authority_district,642,North Dorset,71,0.0006040702423087394,True,False
2019,local_authority_district,643,Poole,270,0.0022971685270895725,True,False
2019,local_authority_district,644,Purbeck,123,0.0010464878845630275,True,False
2019,local_authority_district,645,West Dorset,208,0.0017696705690171523,True,False
2019,local_authority_district,646,Weymouth and Portland,89,0.0007572148107813777,True,False
2019,local_authority_district,647,East Dorset,144,0.0012251565477811054,True,False
2019,local_authority_district,65,South Lakeland,257,0.0021865641165260004,True,False
2019,local_authority_district,7,Lewisham,795,0.006763885107541519,True,False
2019,local_authority_district,70,Blackburn with Darwen,321,0.0027310781377620475,True,False
2019,local_authority_district,71,Blackpool,321,0.0027310781377620475,True,False
2019,local_authority_district,72,Burnley,194,0.0016505581268717669,True,False
2019,local_authority_district,720,Isle of Anglesey,82,0.000697658589708685,True,False
2019,local_authority_district,721,Conwy,172,0.0014633814320718758,True,False
2019,local_authority_district,722,Gwynedd,185,0.001573985842635448,True,False
2019,local_authority_district,723,Denbighshire,145,0.0012336645793629185,True,False
2019,local_authority_district,724,Flintshire,176,0.0014974135583991288,True,False
2019,local_authority_district,725,Wrexham,153,0.0013017288320174244,True,False
2019,local_authority_district,73,Chorley,212,0.001803702695344405,True,False
2019,local_authority_district,730,Blaenau Gwent,67,0.0005700381159814865,True,False
2019,local_authority_district,731,Caerphilly,184,0.0015654778110536346,True,False
2019,local_authority_district,732,Monmouthshire,125,0.001063503947726654,True,False
2019,local_authority_district,733,Newport,256,0.0021780560849441874,True,False
2019,local_authority_district,734,Torfaen,83,0.0007061666212904983,True,False
2019,local_authority_district,74,Fylde,143,0.0012166485161992922,True,False
2019,local_authority_district,740,Bridgend,170,0.0014463653689082495,True,False
2019,local_authority_district,741,Cardiff,436,0.003709501769670569,True,False
2019,local_authority_district,742,Merthyr Tydfil,72,0.0006125782738905527,True,False
2019,local_authority_district,743,Neath Port Talbot,146,0.0012421726109447318,True,False
2019,local_authority_district,744,"Rhondda, Cynon, Taff",301,0.0025609175061257826,True,False
2019,local_authority_district,745,Swansea,288,0.002450313095562211,True,False
2019,local_authority_district,746,The Vale of Glamorgan,133,0.00113156820038116,True,False
2019,local_authority_district,75,Hyndburn,152,0.0012932208004356111,True,False
2019,local_authority_district,750,Ceredigion,160,0.001361285053090117,True,False
2019,local_authority_district,751,Carmarthenshire,385,0.003275592158998094,True,False
2019,local_authority_district,752,Pembrokeshire,248,0.0021099918322896815,True,False
2019,local_authority_district,753,Powys,350,0.002977811053634631,True,False
2019,local_authority_district,76,Lancaster,262,0.0022291042744350667,True,False
2019,local_authority_district,77,Pendle,149,0.0012676967056901715,True,False
2019,local_authority_district,79,Preston,362,0.00307990743261639,True,False
2019,local_authority_district,8,Southwark,1096,0.009324802613667301,True,False
2019,local_authority_district,80,Ribble Valley,124,0.0010549959161448407,True,False
2019,local_authority_district,82,Rossendale,107,0.0009103593792540158,True,False
2019,local_authority_district,83,South Ribble,183,0.0015569697794718214,True,False
2019,local_authority_district,84,West Lancashire,193,0.0016420500952899538,True,False
2019,local_authority_district,85,Wyre,225,0.0019143071059079771,True,False
2019,local_authority_district,9,Lambeth,1191,0.010133065613939559,True,False
2019,local_authority_district,90,Knowsley,189,0.0016080179689627009,True,False
2019,local_authority_district,91,Liverpool,907,0.007716784644704601,True,False
2019,local_authority_district,910,Aberdeen City,113,0.0009614075687448952,True,False
2019,local_authority_district,911,Aberdeenshire,197,0.0016760822216172065,True,False
2019,local_authority_district,912,Angus,93,0.0007912469371086305,True,False
2019,local_authority_district,913,Argyll and Bute,143,0.0012166485161992922,True,False
2019,local_authority_district,914,Scottish Borders,145,0.0012336645793629185,True,False
2019,local_authority_district,915,Clackmannanshire,35,0.0002977811053634631,True,False
2019,local_authority_district,916,West Dunbartonshire,74,0.0006295943370541792,True,False
2019,local_authority_district,917,Dumfries and Galloway,195,0.0016590661584535802,True,False
2019,local_authority_district,918,Dundee City,126,0.001072011979308467,True,False
2019,local_authority_district,919,East Ayrshire,104,0.0008848352845085761,True,False
2019,local_authority_district,92,St. Helens,229,0.00194833923223523,True,False
2019,local_authority_district,920,East Dunbartonshire,69,0.000587054179145113,True,False
2019,local_authority_district,921,East Lothian,101,0.0008593111897631364,True,False
2019,local_authority_district,922,East Renfrewshire,66,0.0005615300843996733,True,False
2019,local_authority_district,923,"Edinburgh, City of",728,0.006193846991560032,True,False
2019,local_authority_district,924,Falkirk,127,0.0010805200108902804,True,False
2019,local_authority_district,925,Fife,304,0.0025864416008712222,True,False
2019,local_authority_district,926,Glasgow City,845,0.00718928668663218,True,False
2019,local_authority_district,927,Highland,335,0.0028501905799074327,True,False
2019,local_authority_district,928,Inverclyde,97,0.0008252790634358834,True,False
2019,local_authority_district,929,Midlothian,114,0.0009699156003267084,True,False
2019,local_authority_district,93,Sefton,414,0.003522325074870678,True,False
2019,local_authority_district,930,Moray,53,0.00045092567383610125,True,False
2019,local_authority_district,931,North Ayrshire,127,0.0010805200108902804,True,False
2019,local_authority_district,932,North Lanarkshire,347,0.0029522869588891913,True,False
2019,local_authority_district,933,Orkney Islands,24,0.00020419275796351757,True,False
2019,local_authority_district,934,Perth and Kinross,125,0.001063503947726654,True,False
2019,local_authority_district,935,Renfrewshire,162,0.0013783011162537436,True,False
2019,local_authority_district,936,Shetland Islands,21,0.00017866866321807786,True,False
2019,local_authority_district,937,South Ayrshire,122,0.0010379798529812142,True,False
2019,local_authority_district,938,South Lanarkshire,333,0.002833174516743806,True,False
2019,local_authority_district,939,Stirling,122,0.0010379798529812142,True,False
2019,local_authority_district,940,West Lothian,212,0.001803702695344405,True,False
2019,local_authority_district,941,Western Isles,25,0.0002127007895453308,True,False
2019,local_authority_district,95,Wirral,410,0.003488292948543425,True,False
2019,pedestrian_crossing,-1,Data missing or out of range,143,0.0012166485161992922,True,True
2019,pedestrian_crossing,0,No physical crossing facility within 50m,90637,0.7711424584808059,True,False
2019,pedestrian_crossing,11,Human crossing control by school crossing patrol,477,0.0040583310645249115,True,False
2019,pedestrian_crossing,12,Human crossing control by other authorised person,1241,0.01055846719303022,True,False
2019,pedestrian_crossing,13,Zebra crossing,4491,0.03820956983392322,True,False
2019,pedestrian_crossing,14,Pedestrian light crossing (pelican or puffin or toucan or similar),6088,0.051796896270078954,True,False
2019,pedestrian_crossing,15,Pedestrian phase at traffic signal,9095,0.07738054723659134,True,False
2019,pedestrian_crossing,16,Footbridge or subway,252,0.002144023958616934,True,False
2019,pedestrian_crossing,17,Central refuge - no other controls,2907,0.024732847808331064,True,False
2019,pedestrian_crossing,99,unknown (self reported),2205,0.018760209637898175,True,True
2019,pedestrian_crossing_human_control_historic,-1,Data missing or out of range,161,0.0013697930846719303,True,True
2019,pedestrian_crossing_human_control_historic,0,None within 50 metres,112187,0.954490539068881,True,False
2019,pedestrian_crossing_human_control_historic,1,Control by school crossing patrol,477,0.0040583310645249115,True,False
2019,pedestrian_crossing_human_control_historic,2,Control by other authorised person,1241,0.01055846719303022,True,False
2019,pedestrian_crossing_human_control_historic,9,unknown (self reported),3470,0.029522869588891915,True,True
2019,pedestrian_crossing_physical_facilities_historic,-1,Data missing or out of range,148,0.0012591886741083584,True,True
2019,pedestrian_crossing_physical_facilities_historic,0,No physical crossing facilities within 50 metres,90131,0.7668373945004083,True,False
2019,pedestrian_crossing_physical_facilities_historic,1,Zebra,4766,0.040549278518921865,True,False
2019,pedestrian_crossing_physical_facilities_historic,4,"Pelican, puffin, toucan or similar non-junction pedestrian light crossing",6593,0.056093452218894634,True,False
2019,pedestrian_crossing_physical_facilities_historic,5,Pedestrian phase at traffic signal junction,9571,0.08143037026953444,True,False
2019,pedestrian_crossing_physical_facilities_historic,7,Footbridge or subway,259,0.002203580179689627,True,False
2019,pedestrian_crossing_physical_facilities_historic,8,Central refuge,2974,0.02530288592431255,True,False
2019,pedestrian_crossing_physical_facilities_historic,9,unknown (self reported),3094,0.02632384971413014,True,True
2019,police_force,1,Metropolitan Police,25055,0.21316873128233052,True,False
2019,police_force,10,Northumbria,2296,0.01953444051184318,True,False
2019,police_force,11,Durham,851,0.0072403348761230606,True,False
2019,police_force,12,North Yorkshire,1376,0.011707051456575007,True,False
2019,police_force,13,West Yorkshire,3620,0.030799074326163897,True,False
2019,police_force,14,South Yorkshire,2377,0.020223591069970053,True,False
2019,police_force,16,Humberside,2311,0.019662060985570377,True,False
2019,police_force,17,Cleveland,662,0.005632316907160359,True,False
2019,police_force,20,West Midlands,5416,0.046079499047100465,True,False
2019,police_force,21,Staffordshire,1312,0.01116253743533896,True,False
2019,police_force,22,West Mercia,1879,0.015986591342227064,True,False
2019,police_force,23,Warwickshire,1108,0.009426898992649061,True,False
2019,police_force,3,Cumbria,1025,0.008720732371358562,True,False
2019,police_force,30,Derbyshire,1705,0.01450619384699156,True,False
2019,police_force,31,Nottinghamshire,2354,0.020027906343588347,True,False
2019,police_force,32,Lincolnshire,1893,0.016105703784372448,True,False
2019,police_force,33,Leicestershire,1316,0.011196569561666214,True,False
2019,police_force,34,Northamptonshire,1113,0.009469439150558126,True,False
2019,police_force,35,Cambridgeshire,1696,0.01442962156275524,True,False
2019,police_force,36,Norfolk,1648,0.014021236046828206,True,False
2019,police_force,37,Suffolk,1362,0.011587939014429621,True,False
2019,police_force,4,Lancashire,2949,0.02509018513476722,True,False
2019,police_force,40,Bedfordshire,1390,0.011826163898720392,True,False
2019,police_force,41,Hertfordshire,1960,0.016675741900353935,True,False
2019,police_force,42,Essex,2913,0.024783895997821943,True,False
2019,police_force,43,Thames Valley,3564,0.030322624557582358,True,False
2019,police_force,44,Hampshire,3657,0.031113871494690987,True,False
2019,police_force,45,Surrey,2964,0.025217805608494417,True,False
2019,police_force,46,Kent,4196,0.03569970051728832,True,False
2019,police_force,47,Sussex,3991,0.03395555404301661,True,False
2019,police_force,48,City of London,283,0.0024077729376531447,True,False
2019,police_force,5,Merseyside,2149,0.018283759869316636,True,False
2019,police_force,50,Devon and Cornwall,3404,0.028961339504492242,True,False
2019,police_force,52,Avon and Somerset,2935,0.024971072692621835,True,False
2019,police_force,53,Gloucestershire,845,0.00718928668663218,True,False
2019,police_force,54,Wiltshire,1333,0.011341206098557037,True,False
2019,police_force,55,Dorset,1276,0.010856248298393684,True,False
2019,police_force,6,Greater Manchester,3622,0.030816090389327526,True,False
2019,police_force,60,North Wales,913,0.007767832834195481,True,False
2019,police_force,61,Gwent,715,0.006083242580996461,True,False
2019,police_force,62,South Wales,1546,0.013153416825483256,True,False
2019,police_force,63,Dyfed-Powys,1143,0.009724680098012525,True,False
2019,police_force,7,Cheshire,1729,0.014710386604955078,True,False
2019,police_force,91,Northern,405,0.003445752790634359,True,False
2019,police_force,92,Grampian,363,0.003088415464198203,True,False
2019,police_force,93,Tayside,344,0.0029267628641437516,True,False
2019,police_force,94,Fife,304,0.0025864416008712222,True,False
2019,police_force,95,Lothian and Borders,1300,0.011060441056357201,True,False
2019,police_force,96,Central,284,0.0024162809692349577,True,False
2019,police_force,97,Strathclyde,2489,0.021176490607133135,True,False
2019,police_force,98,Dumfries and Galloway,195,0.0016590661584535802,True,False
2019,road_surface_conditions,-1,Data missing or out of range,299,0.0025439014429621564,True,True
2019,road_surface_conditions,1,Dry,82321,0.7003896678464471,True,False
2019,road_surface_conditions,2,Wet or damp,32259,0.27446059079771307,True,False
2019,road_surface_conditions,3,Snow,245,0.002084467737544242,True,False
2019,road_surface_conditions,4,Frost or ice,1185,0.01008201742444868,True,False
2019,road_surface_conditions,5,Flood over 3cm. deep,177,0.001505921589980942,True,False
2019,road_surface_conditions,9,unknown (self reported),1050,0.008933433160903894,True,True
2019,road_type,1,Roundabout,6880,0.058535257282875036,True,False
2019,road_type,2,One way street,2664,0.02266539613395045,True,False
2019,road_type,3,Dual carriageway,18590,0.15816430710590798,True,False
2019,road_type,6,Single carriageway,85320,0.725905254560305,True,False
2019,road_type,7,Slip road,1939,0.016497073237135857,True,False
2019,road_type,9,Unknown,2143,0.018232711679825757,True,True
2019,second_road_class,-1,Data missing or out of range,115,0.0009784236319085216,True,True
2019,second_road_class,0,Not at junction or within 20 metres,48991,0.41681697522461203,True,False
2019,second_road_class,1,Motorway,522,0.004441192485706507,True,False
2019,second_road_class,2,A(M),65,0.00055302205281786,True,False
2019,second_road_class,3,A,12520,0.10652055540430166,True,False
2019,second_road_class,4,B,4778,0.040651374897903624,True,False
2019,second_road_class,5,C,3763,0.03201572284236319,True,False
2019,second_road_class,6,Unclassified,46782,0.3980227334603866,True,False
2019,special_conditions_at_site,-1,Data missing or out of range,240,0.0020419275796351756,True,True
2019,special_conditions_at_site,0,None,113157,0.9627433297032398,True,False
2019,special_conditions_at_site,1,Auto traffic signal - out,276,0.002348216716580452,True,False
2019,special_conditions_at_site,2,Auto signal part defective,38,0.0003233052001089028,True,False
2019,special_conditions_at_site,3,Road sign or marking defective or obscured,200,0.0017016063163626464,True,False
2019,special_conditions_at_site,4,Roadworks,1328,0.011298665940647972,True,False
2019,special_conditions_at_site,5,Road surface defective,240,0.0020419275796351756,True,False
2019,special_conditions_at_site,6,Oil or diesel,183,0.0015569697794718214,True,False
2019,special_conditions_at_site,7,Mud,295,0.0025098693166349033,True,False
2019,special_conditions_at_site,9,unknown (self reported),1579,0.013434181867683094,True,True
2019,trunk_road_flag,-1,Data missing or out of range,10001,0.08508882384971413,True,True
2019,trunk_road_flag,1,Trunk (Roads managed by Highways England),7905,0.0672559896542336,True,False
2019,trunk_road_flag,2,Non-trunk,99630,0.8476551864960523,True,False
2019,urban_or_rural_area,1,Urban,79533,0.6766692757963517,True,False
2019,urban_or_rural_area,2,Rural,37975,0.32309249931935746,True,False
2019,urban_or_rural_area,3,Unallocated,28,0.00023822488429077048,True,False
2019,weather_conditions,1,Fine no high winds,92316,0.7854274435066703,True,False
2019,weather_conditions,2,Raining no high winds,15294,0.13012183501225155,True,False
2019,weather_conditions,3,Snowing no high winds,353,0.0030033351483800706,True,False
2019,weather_conditions,4,Fine + high winds,1230,0.010464878845630275,True,False
2019,weather_conditions,5,Raining + high winds,1430,0.012166485161992922,True,False
2019,weather_conditions,6,Snowing + high winds,40,0.00034032126327252925,True,False
2019,weather_conditions,7,Fog or mist,394,0.003352164443234413,True,False
2019,weather_conditions,8,Other,3043,0.025889940103457663,True,False
2019,weather_conditions,9,Unknown,3436,0.029233596515110264,True,True
2020,carriageway_hazards,-1,Data missing or out of range,196,0.0021491463722189937,True,True
2020,carriageway_hazards,0,None,86179,0.9449555367931666,True,False
2020,carriageway_hazards,11,Defective traffic signals,260,0.002850908452943563,True,False
2020,carriageway_hazards,12,Permanent road signing or markings defective or obscured or inadequate,158,0.0017324751367887806,True,False
2020,carriageway_hazards,13,Roadworks,1106,0.012127325957521464,True,False
2020,carriageway_hazards,14,Oil or diesel,151,0.0016557199092095307,True,False
2020,carriageway_hazards,15,Mud,317,0.0034759153060888825,True,False
2020,carriageway_hazards,16,Dislodged vehicle load in carriageway,206,0.0022587966973322076,True,False
2020,carriageway_hazards,17,Other object in carriageway,926,0.010153620105483614,True,False
2020,carriageway_hazards,18,Involvement with previous collision,146,0.0016008947466529238,True,False
2020,carriageway_hazards,19,Pedestrian in carriageway - not injured,147,0.0016118597791642453,True,False
2020,carriageway_hazards,20,Any animal in carriageway (except ridden horse),306,0.0033552999484643474,True,False
2020,carriageway_hazards,21,Poor or defective road surface,228,0.0025000274125812783,True,False
2020,carriageway_hazards,99,unknown (self reported),873,0.00957247338238358,True,True
2020,carriageway_hazards_historic,-1,Data missing or out of range,208,0.0022807267623548505,True,True
2020,carriageway_hazards_historic,0,None,87881,0.9636180221274356,True,False
2020,carriageway_hazards_historic,1,Vehicle load on road,220,0.002412307152490707,True,False
2020,carriageway_hazards_historic,2,Other object on road,1079,0.011831270079715786,True,False
2020,carriageway_hazards_historic,3,Previous accident,151,0.0016557199092095307,True,False
2020,carriageway_hazards_historic,6,Pedestrian in carriageway - not injured,155,0.0016995800392548164,True,False
2020,carriageway_hazards_historic,7,Any animal in carriageway (except ridden horse),314,0.0034430202085549183,True,False
2020,carriageway_hazards_historic,9,unknown (self reported),1191,0.013059353720983782,True,True
2020,collision_injury_based,0,Based on severity reporting,50244,0.5509270934988322,True,False
2020,collision_injury_based,1,Based on Injury code reporting,40955,0.44907290650116777,True,False
2020,collision_severity,1,Fatal,1391,0.015252360223248062,True,False
2020,collision_severity,2,Serious,18355,0.20126317174530423,True,False
2020,collision_severity,3,Slight,71453,0.7834844680314477,True,False
2020,day_of_week,1,Sunday,10315,0.1131043103542802,True,False
2020,day_of_week,2,Monday,12772,0.14004539523459686,True,False
2020,day_of_week,3,Tuesday,13267,0.14547308632770095,True,False
2020,day_of_week,4,Wednesday,13564,0.14872970098356342,True,False
2020,day_of_week,5,Thursday,14056,0.15412449697913355,True,False
2020,day_of_week,6,Friday,14889,0.16325836906106428,True,False
2020,day_of_week,7,Saturday,12336,0.13526464105966074,True,False
2020,did_police_officer_attend_scene_of_accident,-1,Data missing or out of range,1,1.0965032511321396e-05,True,True
2020,did_police_officer_attend_scene_of_accident,1,Yes,62442,0.6846785600719306,True,False
2020,did_police_officer_attend_scene_of_accident,2,No,19638,0.21533130845732956,True,False
2020,did_police_officer_attend_scene_of_accident,3,No - accident was reported using a self completion  form (self rep only),9118,0.09997916643822849,True,False
2020,enhanced_severity_collision,-1,Data missing or out of range,50244,0.5509270934988322,True,True
2020,enhanced_severity_collision,1,Fatal,725,0.007949648570708012,True,False
2020,enhanced_severity_collision,3,Slight,30303,0.3322733801905723,True,False
2020,enhanced_severity_collision,5,Very Serious,1436,0.015745786686257524,True,False
2020,enhanced_severity_collision,6,Moderately Serious,2205,0.024177896687463677,True,False
2020,enhanced_severity_collision,7,Less Serious,6286,0.0689261943661663,True,False
2020,first_road_class,1,Motorway,2374,0.026030987181876995,True,False
2020,first_road_class,2,A(M),207,0.002269761729843529,True,False
2020,first_road_class,3,A,40604,0.44522418008969394,True,False
2020,first_road_class,4,B,11490,0.12598822355508285,True,False
2020,first_road_class,5,C,4815,0.05279663154201252,True,False
2020,first_road_class,6,Unclassified,31709,0.34769021590149013,True,False
2020,junction_control,-1,Data missing or out of range,38298,0.41993881511858683,True,True
2020,junction_control,1,Authorised person,377,0.004133817256768166,True,False
2020,junction_control,2,Auto traffic signal,10407,0.11411309334532177,True,False
2020,junction_control,3,Stop sign,583,0.0063926139541003735,True,False
2020,junction_control,4,Give way or uncontrolled,39998,0.4385793703878332,True,False
2020,junction_control,9,unknown (self reported),1536,0.016842289937389666,True,True
2020,junction_detail,-1,Data missing or out of range,1510,0.01655719909209531,True,True
2020,junction_detail,0,Not at junction or within 20 metres,47763,0.5237228478382439,True,False
2020,junction_detail,13,T or staggered junction,25626,0.2809899231351221,True,False
2020,junction_detail,16,Crossroads,8429,0.09242425903792804,True,False
2020,junction_detail,17,Junction with more than four arms (not roundabout),1279,0.014024276581980065,True,False
2020,junction_detail,18,Using private drive or entrance,1887,0.020691016348863476,True,False
2020,junction_detail,19,Other junction,4705,0.05159047796576717,True,False
2020,junction_detail_historic,-1,Data missing or out of range,2,2.1930065022642793e-05,True,True
2020,junction_detail_historic,0,Not at junction or within 20 metres,37978,0.416430004714964,True,False
2020,junction_detail_historic,1,Roundabout,7326,0.08032982817794054,True,False
2020,junction_detail_historic,2,Mini-roundabout,1300,0.014254542264717816,True,False
2020,junction_detail_historic,3,T or staggered junction,25626,0.2809899231351221,True,False
2020,junction_detail_historic,5,Slip road,1159,0.012708472680621499,True,False
2020,junction_detail_historic,6,Crossroads,8429,0.09242425903792804,True,False
2020,junction_detail_historic,7,More than 4 arms (not roundabout),1279,0.014024276581980065,True,False
2020,junction_detail_historic,8,Private drive or entrance,1887,0.020691016348863476,True,False
2020,junction_detail_historic,9,Other junction,4705,0.05159047796576717,True,False
2020,junction_detail_historic,99,unknown (self reported),1508,0.016535269027072665,True,True
2020,light_conditions,-1,Data missing or out of range,1,1.0965032511321396e-05,True,True
2020,light_conditions,1,Daylight,64458,0.7067840656147546,True,False
2020,light_conditions,4,Darkness - lights lit,19026,0.20862070856040088,True,False
2020,light_conditions,5,Darkness - lights unlit,685,0.007511047270255157,True,False
2020,light_conditions,6,Darkness - no lighting,4835,0.05301593219223895,True,False
2020,light_conditions,7,Darkness - lighting unknown,2194,0.024057281329839142,True,True
2020,local_authority_district,-1,Code deprecated,991,0.010866347218719503,True,False
2020,local_authority_district,1,Westminster,1029,0.011283018454149717,True,False
2020,local_authority_district,10,Wandsworth,932,0.010219410300551542,True,False
2020,local_authority_district,100,Bolton,289,0.0031688943957718834,True,False
2020,local_authority_district,101,Bury,168,0.0018421254619019945,True,False
2020,local_authority_district,102,Manchester,552,0.0060526979462494105,True,False
2020,local_authority_district,104,Oldham,198,0.002171076437241636,True,False
2020,local_authority_district,106,Rochdale,177,0.0019408107545038872,True,False
2020,local_authority_district,107,Salford,258,0.00282897838792092,True,False
2020,local_authority_district,109,Stockport,187,0.002050461079617101,True,False
2020,local_authority_district,11,Hammersmith and Fulham,562,0.006162348271362625,True,False
2020,local_authority_district,110,Tameside,167,0.001831160429390673,True,False
2020,local_authority_district,112,Trafford,161,0.0017653702343227448,True,False
2020,local_authority_district,114,Wigan,230,0.0025219574776039213,True,False
2020,local_authority_district,12,Kensington and Chelsea,544,0.00596497768615884,True,False
2020,local_authority_district,124,Halton,151,0.0016557199092095307,True,False
2020,local_authority_district,128,Warrington,269,0.0029495937455454556,True,False
2020,local_authority_district,129,Cheshire East,512,0.005614096645796555,True,False
2020,local_authority_district,13,Waltham Forest,581,0.006370683889077731,True,False
2020,local_authority_district,130,Cheshire West and Chester,424,0.004649173784800272,True,False
2020,local_authority_district,139,Northumberland,406,0.004451803199596487,True,False
2020,local_authority_district,14,Redbridge,603,0.006611914604326802,True,False
2020,local_authority_district,146,Gateshead,224,0.002456167282535993,True,False
2020,local_authority_district,147,Newcastle upon Tyne,359,0.003936446671564381,True,False
2020,local_authority_district,148,North Tyneside,216,0.0023684470224454215,True,False
2020,local_authority_district,149,South Tyneside,164,0.001798265331856709,True,False
2020,local_authority_district,15,Havering,460,0.0050439149552078425,True,False
2020,local_authority_district,150,Sunderland,321,0.003519775436134168,True,False
2020,local_authority_district,16,Barking and Dagenham,452,0.004956194695117271,True,False
2020,local_authority_district,161,Darlington,103,0.0011293983486661038,True,False
2020,local_authority_district,169,County Durham,497,0.005449621158126734,True,False
2020,local_authority_district,17,Newham,708,0.007763243018015549,True,False
2020,local_authority_district,18,Bexley,405,0.004440838167085165,True,False
2020,local_authority_district,180,Craven,102,0.0011184333161547823,True,False
2020,local_authority_district,181,Hambleton,126,0.001381594096426496,True,False
2020,local_authority_district,182,Harrogate,220,0.002412307152490707,True,False
2020,local_authority_district,184,Richmondshire,87,0.0009539578284849615,True,False
2020,local_authority_district,185,Ryedale,97,0.0010636081535981754,True,False
2020,local_authority_district,186,Scarborough,160,0.0017544052018114234,True,False
2020,local_authority_district,187,Selby,121,0.0013267689338698888,True,False
2020,local_authority_district,189,York,267,0.0029276636805228126,True,False
2020,local_authority_district,19,Bromley,546,0.005986907751181482,True,False
2020,local_authority_district,2,Camden,613,0.006721564929440016,True,False
2020,local_authority_district,20,Croydon,892,0.009780809000098685,True,False
2020,local_authority_district,200,Bradford,710,0.007785173083038191,True,False
2020,local_authority_district,202,Calderdale,203,0.0022259015997982434,True,False
2020,local_authority_district,203,Kirklees,458,0.005021984890185199,True,False
2020,local_authority_district,204,Leeds,997,0.010932137413787431,True,False
2020,local_authority_district,206,Wakefield,393,0.004309257776949309,True,False
2020,local_authority_district,21,Sutton,321,0.003519775436134168,True,False
2020,local_authority_district,210,Barnsley,339,0.0037171460213379533,True,False
2020,local_authority_district,211,Doncaster,543,0.005954012653647518,True,False
2020,local_authority_district,213,Rotherham,364,0.003991271834120988,True,False
2020,local_authority_district,215,Sheffield,774,0.008486935163762761,True,False
2020,local_authority_district,22,Merton,450,0.004934264630094628,True,False
2020,local_authority_district,228,"Kingston upon Hull, City of",603,0.006611914604326802,True,False
2020,local_authority_district,23,Kingston upon Thames,282,0.0030921391681926337,True,False
2020,local_authority_district,231,East Riding of Yorkshire,495,0.005427691093104091,True,False
2020,local_authority_district,232,North Lincolnshire,306,0.0033552999484643474,True,False
2020,local_authority_district,233,North East Lincolnshire,305,0.0033443349159530257,True,False
2020,local_authority_district,24,Richmond upon Thames,374,0.004100922159234202,True,False
2020,local_authority_district,240,Hartlepool,100,0.0010965032511321396,True,False
2020,local_authority_district,241,Redcar and Cleveland,116,0.001271943771313282,True,False
2020,local_authority_district,243,Middlesbrough,177,0.0019408107545038872,True,False
2020,local_authority_district,245,Stockton-on-Tees,177,0.0019408107545038872,True,False
2020,local_authority_district,25,Hounslow,601,0.006589984539304159,True,False
2020,local_authority_district,250,Cannock Chase,82,0.0008991326659283545,True,False
2020,local_authority_district,251,East Staffordshire,95,0.0010416780885755326,True,False
2020,local_authority_district,252,Lichfield,76,0.0008333424708604261,True,False
2020,local_authority_district,253,Newcastle-under-Lyme,96,0.0010526431210868541,True,False
2020,local_authority_district,254,South Staffordshire,90,0.0009868529260189257,True,False
2020,local_authority_district,255,Stafford,95,0.0010416780885755326,True,False
2020,local_authority_district,256,Staffordshire Moorlands,76,0.0008333424708604261,True,False
2020,local_authority_district,257,Stoke-on-Trent,237,0.002598712705183171,True,False
2020,local_authority_district,258,Tamworth,29,0.0003179859428283205,True,False
2020,local_authority_district,26,Hillingdon,548,0.006008837816204125,True,False
2020,local_authority_district,27,Ealing,828,0.009079046919374115,True,False
2020,local_authority_district,270,Bromsgrove,131,0.001436419258983103,True,False
2020,local_authority_district,273,Malvern Hills,99,0.001085538218620818,True,False
2020,local_authority_district,274,Redditch,86,0.0009429927959736401,True,False
2020,local_authority_district,276,Worcester,86,0.0009429927959736401,True,False
2020,local_authority_district,277,Wychavon,163,0.0017873002993453876,True,False
2020,local_authority_district,278,Wyre Forest,125,0.0013706290639151745,True,False
2020,local_authority_district,28,Brent,808,0.008859746269147688,True,False
2020,local_authority_district,284,Telford and Wrekin,139,0.0015241395190736741,True,False
2020,local_authority_district,285,"Herefordshire, County of",263,0.002883803550477527,True,False
2020,local_authority_district,286,Shropshire,353,0.0038706564764964526,True,False
2020,local_authority_district,29,Harrow,362,0.003969341769098345,True,False
2020,local_authority_district,290,North Warwickshire,178,0.0019517757870152084,True,False
2020,local_authority_district,291,Nuneaton and Bedworth,149,0.001633789844186888,True,False
2020,local_authority_district,292,Rugby,161,0.0017653702343227448,True,False
2020,local_authority_district,293,Stratford-upon-Avon,175,0.0019188806894812442,True,False
2020,local_authority_district,294,Warwick,188,0.0020614261121284223,True,False
2020,local_authority_district,3,Islington,565,0.006195243368896589,True,False
2020,local_authority_district,30,Barnet,798,0.008750095944034473,True,False
2020,local_authority_district,300,Birmingham,1801,0.019748023552889835,True,False
2020,local_authority_district,302,Coventry,391,0.004287327711926666,True,False
2020,local_authority_district,303,Dudley,292,0.0032017894933058476,True,False
2020,local_authority_district,305,Sandwell,503,0.005515411353194662,True,False
2020,local_authority_district,306,Solihull,204,0.0022368666323095646,True,False
2020,local_authority_district,307,Walsall,359,0.003936446671564381,True,False
2020,local_authority_district,309,Wolverhampton,376,0.004122852224256845,True,False
2020,local_authority_district,31,Haringey,737,0.008081228960843869,True,False
2020,local_authority_district,32,Enfield,863,0.009462823057270364,True,False
2020,local_authority_district,320,Amber Valley,149,0.001633789844186888,True,False
2020,local_authority_district,321,Bolsover,133,0.0014583493240057457,True,False
2020,local_authority_district,322,Chesterfield,104,0.0011403633811774253,True,False
2020,local_authority_district,323,Derby,413,0.004528558427175737,True,False
2020,local_authority_district,324,Erewash,142,0.0015570346166076383,True,False
2020,local_authority_district,325,High Peak,119,0.001304838868847246,True,False
2020,local_authority_district,327,North East Derbyshire,123,0.0013486989988925318,True,False
2020,local_authority_district,328,South Derbyshire,134,0.0014693143565170672,True,False
2020,local_authority_district,329,Derbyshire Dales,145,0.0015899297141416025,True,False
2020,local_authority_district,33,Hertsmere,192,0.0021052862421737082,True,False
2020,local_authority_district,340,Ashfield,166,0.0018201953968793518,True,False
2020,local_authority_district,341,Bassetlaw,193,0.0021162512746850295,True,False
2020,local_authority_district,342,Broxtowe,145,0.0015899297141416025,True,False
2020,local_authority_district,343,Gedling,138,0.0015131744865623526,True,False
2020,local_authority_district,344,Mansfield,152,0.0016666849417208522,True,False
2020,local_authority_district,345,Newark and Sherwood,181,0.0019846708845491726,True,False
2020,local_authority_district,346,Nottingham,553,0.006063662978760732,True,False
2020,local_authority_district,347,Rushcliffe,148,0.0016228248116755665,True,False
2020,local_authority_district,350,Boston,130,0.0014254542264717815,True,False
2020,local_authority_district,351,East Lindsey,289,0.0031688943957718834,True,False
2020,local_authority_district,352,Lincoln,174,0.001907915656969923,True,False
2020,local_authority_district,353,North Kesteven,214,0.002346516957422779,True,False
2020,local_authority_district,354,South Holland,210,0.002302656827377493,True,False
2020,local_authority_district,355,South Kesteven,198,0.002171076437241636,True,False
2020,local_authority_district,356,West Lindsey,181,0.0019846708845491726,True,False
2020,local_authority_district,360,Blaby,110,0.0012061535762453535,True,False
2020,local_authority_district,361,Hinckley and Bosworth,105,0.0011513284136887465,True,False
2020,local_authority_district,362,Charnwood,161,0.0017653702343227448,True,False
2020,local_authority_district,363,Harborough,106,0.001162293446200068,True,False
2020,local_authority_district,364,Leicester,443,0.004857509402515378,True,False
2020,local_authority_district,365,Melton,54,0.0005921117556113554,True,False
2020,local_authority_district,366,North West Leicestershire,91,0.000997817958530247,True,False
2020,local_authority_district,367,Oadby and Wigston,24,0.00026316078027171353,True,False
2020,local_authority_district,368,Rutland,38,0.00041667123543021305,True,False
2020,local_authority_district,38,Epsom and Ewell,114,0.0012500137062906392,True,False
2020,local_authority_district,380,Corby,69,0.0007565872432811763,True,False
2020,local_authority_district,381,Daventry,103,0.0011293983486661038,True,False
2020,local_authority_district,382,East Northamptonshire,100,0.0010965032511321396,True,False
2020,local_authority_district,383,Kettering,105,0.0011513284136887465,True,False
2020,local_authority_district,384,Northampton,274,0.0030044189081020623,True,False
2020,local_authority_district,385,South Northamptonshire,112,0.0012280836412679964,True,False
2020,local_authority_district,386,Wellingborough,118,0.0012938738363359246,True,False
2020,local_authority_district,390,Cambridge,202,0.002214936567286922,True,False
2020,local_authority_district,391,East Cambridgeshire,128,0.0014035241614491387,True,False
2020,local_authority_district,392,Fenland,150,0.0016447548766982095,True,False
2020,local_authority_district,393,Huntingdonshire,209,0.002291691794866172,True,False
2020,local_authority_district,394,Peterborough,328,0.003596530663713418,True,False
2020,local_authority_district,395,South Cambridgeshire,225,0.002467132315047314,True,False
2020,local_authority_district,4,Hackney,790,0.008662375683943903,True,False
2020,local_authority_district,40,Spelthorne,208,0.0022807267623548505,True,False
2020,local_authority_district,400,Breckland,204,0.0022368666323095646,True,False
2020,local_authority_district,401,Broadland,179,0.0019627408195265297,True,False
2020,local_authority_district,402,Great Yarmouth,161,0.0017653702343227448,True,False
2020,local_authority_district,404,Norwich,222,0.00243423721751335,True,False
2020,local_authority_district,405,North Norfolk,144,0.001578964681630281,True,False
2020,local_authority_district,406,South Norfolk,185,0.002028531014594458,True,False
2020,local_authority_district,407,King's Lynn and West Norfolk,229,0.0025109924450925996,True,False
2020,local_authority_district,410,Babergh,147,0.0016118597791642453,True,False
2020,local_authority_district,412,Ipswich,198,0.002171076437241636,True,False
2020,local_authority_district,413,Mid Suffolk,121,0.0013267689338698888,True,False
2020,local_authority_district,420,Bedford,282,0.0030921391681926337,True,False
2020,local_authority_district,421,Luton,360,0.003947411704075703,True,False
2020,local_authority_district,424,Central Bedfordshire,442,0.004846544370004057,True,False
2020,local_authority_district,430,Broxbourne,113,0.0012390486737793177,True,False
2020,local_authority_district,431,Dacorum,142,0.0015570346166076383,True,False
2020,local_authority_district,432,East Hertfordshire,155,0.0016995800392548164,True,False
2020,local_authority_district,433,North Hertfordshire,144,0.001578964681630281,True,False
2020,local_authority_district,434,St. Albans,217,0.0023794120549567427,True,False
2020,local_authority_district,435,Stevenage,87,0.0009539578284849615,True,False
2020,local_authority_district,436,Three Rivers,93,0.00101974802355289,True,False
2020,local_authority_district,437,Watford,118,0.0012938738363359246,True,False
2020,local_authority_district,438,Welwyn Hatfield,134,0.0014693143565170672,True,False
2020,local_authority_district,450,Basildon,186,0.00203949604710578,True,False
2020,local_authority_district,451,Braintree,202,0.002214936567286922,True,False
2020,local_authority_district,452,Brentwood,155,0.0016995800392548164,True,False
2020,local_authority_district,453,Castle Point,86,0.0009429927959736401,True,False
2020,local_authority_district,454,Chelmsford,252,0.002763188192852992,True,False
2020,local_authority_district,455,Colchester,297,0.0032566146558624547,True,False
2020,local_authority_district,456,Epping Forest,280,0.0030702091031699907,True,False
2020,local_authority_district,457,Harlow,90,0.0009868529260189257,True,False
2020,local_authority_district,458,Maldon,70,0.0007675522757924977,True,False
2020,local_authority_district,459,Rochford,89,0.0009758878935076042,True,False
2020,local_authority_district,460,Southend-on-Sea,213,0.0023355519249114573,True,False
2020,local_authority_district,461,Tendring,209,0.002291691794866172,True,False
2020,local_authority_district,462,Thurrock,265,0.00290573361550017,True,False
2020,local_authority_district,463,Uttlesford,140,0.0015351045515849954,True,False
2020,local_authority_district,470,Bracknell Forest,117,0.0012829088038246034,True,False
2020,local_authority_district,471,West Berkshire,170,0.0018640555269246373,True,False
2020,local_authority_district,472,Reading,212,0.002324586892400136,True,False
2020,local_authority_district,473,Slough,204,0.0022368666323095646,True,False
2020,local_authority_district,474,Windsor and Maidenhead,137,0.0015022094540510312,True,False
2020,local_authority_district,475,Wokingham,153,0.0016776499742321737,True,False
2020,local_authority_district,476,Aylesbury Vale,210,0.002302656827377493,True,False
2020,local_authority_district,477,South Bucks,121,0.0013267689338698888,True,False
2020,local_authority_district,478,Chiltern,75,0.0008223774383491047,True,False
2020,local_authority_district,479,Milton Keynes,312,0.0034210901435322754,True,False
2020,local_authority_district,480,Wycombe,187,0.002050461079617101,True,False
2020,local_authority_district,481,Cherwell,201,0.0022039715347756004,True,False
2020,local_authority_district,482,Oxford,209,0.002291691794866172,True,False
2020,local_authority_district,483,Vale of White Horse,162,0.001776335266834066,True,False
2020,local_authority_district,484,South Oxfordshire,167,0.001831160429390673,True,False
2020,local_authority_district,485,West Oxfordshire,122,0.0013377339663812103,True,False
2020,local_authority_district,490,Basingstoke and Deane,229,0.0025109924450925996,True,False
2020,local_authority_district,491,Eastleigh,168,0.0018421254619019945,True,False
2020,local_authority_district,492,Fareham,184,0.002017565982083137,True,False
2020,local_authority_district,493,Gosport,106,0.001162293446200068,True,False
2020,local_authority_district,494,Hart,128,0.0014035241614491387,True,False
2020,local_authority_district,495,Havant,180,0.0019737058520378514,True,False
2020,local_authority_district,496,New Forest,284,0.0031140692332152766,True,False
2020,local_authority_district,497,East Hampshire,161,0.0017653702343227448,True,False
2020,local_authority_district,498,Portsmouth,427,0.004682068882334236,True,False
2020,local_authority_district,499,Rushmoor,100,0.0010965032511321396,True,False
2020,local_authority_district,5,Tower Hamlets,897,0.009835634162655293,True,False
2020,local_authority_district,500,Southampton,372,0.00407899209421156,True,False
2020,local_authority_district,501,Test Valley,210,0.002302656827377493,True,False
2020,local_authority_district,502,Winchester,242,0.0026535378677397777,True,False
2020,local_authority_district,505,Isle of Wight,224,0.002456167282535993,True,False
2020,local_authority_district,510,Elmbridge,264,0.0028947685829888484,True,False
2020,local_authority_district,511,Guildford,323,0.003541705501156811,True,False
2020,local_authority_district,512,Mole Valley,220,0.002412307152490707,True,False
2020,local_authority_district,513,Reigate and Banstead,248,0.002719328062807706,True,False
2020,local_authority_district,514,Runnymede,181,0.0019846708845491726,True,False
2020,local_authority_district,515,Surrey Heath,183,0.0020066009495718156,True,False
2020,local_authority_district,516,Tandridge,208,0.0022807267623548505,True,False
2020,local_authority_district,517,Waverley,180,0.0019737058520378514,True,False
2020,local_authority_district,518,Woking,203,0.0022259015997982434,True,False
2020,local_authority_district,530,Ashford,241,0.0026425728352284564,True,False
2020,local_authority_district,531,Canterbury,286,0.003135999298237919,True,False
2020,local_authority_district,532,Dartford,267,0.0029276636805228126,True,False
2020,local_authority_district,533,Dover,173,0.0018969506244586015,True,False
2020,local_authority_district,535,Gravesham,200,0.002193006502264279,True,False
2020,local_authority_district,536,Maidstone,311,0.003410125111020954,True,False
2020,local_authority_district,538,Sevenoaks,253,0.0027741532253643133,True,False
2020,local_authority_district,539,Shepway,189,0.002072391144639744,True,False
2020,local_authority_district,540,Swale,320,0.0035088104036228467,True,False
2020,local_authority_district,541,Thanet,282,0.0030921391681926337,True,False
2020,local_authority_district,542,Tonbridge and Malling,242,0.0026535378677397777,True,False
2020,local_authority_district,543,Tunbridge Wells,200,0.002193006502264279,True,False
2020,local_authority_district,544,Medway,441,0.004835579337492736,True,False
2020,local_authority_district,551,Eastbourne,143,0.0015679996491189596,True,False
2020,local_authority_district,552,Hastings,169,0.001853090494413316,True,False
2020,local_authority_district,554,Lewes,154,0.001688615006743495,True,False
2020,local_authority_district,555,Rother,206,0.0022587966973322076,True,False
2020,local_authority_district,556,Wealden,315,0.0034539852410662396,True,False
2020,local_authority_district,557,Adur,120,0.0013158039013585676,True,False
2020,local_authority_district,558,Arun,265,0.00290573361550017,True,False
2020,local_authority_district,559,Chichester,286,0.003135999298237919,True,False
2020,local_authority_district,560,Crawley,203,0.0022259015997982434,True,False
2020,local_authority_district,562,Horsham,269,0.0029495937455454556,True,False
2020,local_authority_district,563,Mid Sussex,253,0.0027741532253643133,True,False
2020,local_authority_district,564,Worthing,171,0.0018750205594359587,True,False
2020,local_authority_district,565,Brighton and Hove,553,0.006063662978760732,True,False
2020,local_authority_district,57,London Airport (Heathrow),17,0.00018640555269246374,True,False
2020,local_authority_district,570,City of London,104,0.0011403633811774253,True,False
2020,local_authority_district,580,East Devon,208,0.0022807267623548505,True,False
2020,local_authority_district,581,Exeter,141,0.0015460695840963168,True,False
2020,local_authority_district,582,North Devon,174,0.001907915656969923,True,False
2020,local_authority_district,583,Plymouth,381,0.004177677386813452,True,False
2020,local_authority_district,584,South Hams,123,0.0013486989988925318,True,False
2020,local_authority_district,585,Teignbridge,202,0.002214936567286922,True,False
2020,local_authority_district,586,Mid Devon,109,0.0011951885437340322,True,False
2020,local_authority_district,587,Torbay,183,0.0020066009495718156,True,False
2020,local_authority_district,588,Torridge,107,0.0011732584787113895,True,False
2020,local_authority_district,589,West Devon,126,0.001381594096426496,True,False
2020,local_authority_district,596,Cornwall,862,0.009451858024759044,True,False
2020,local_authority_district,6,Greenwich,609,0.0066777047993947306,True,False
2020,local_authority_district,60,Allerdale,153,0.0016776499742321737,True,False
2020,local_authority_district,601,"Bristol, City of",646,0.007083411002313622,True,False
2020,local_authority_district,605,North Somerset,255,0.002796083290386956,True,False
2020,local_authority_district,606,Mendip,157,0.0017215101042774592,True,False
2020,local_authority_district,607,Sedgemoor,145,0.0015899297141416025,True,False
2020,local_authority_district,608,Taunton Deane,98,0.0010745731861094968,True,False
2020,local_authority_district,609,West Somerset,21,0.00023026568273774932,True,False
2020,local_authority_district,61,Barrow-in-Furness,87,0.0009539578284849615,True,False
2020,local_authority_district,610,South Somerset,162,0.001776335266834066,True,False
2020,local_authority_district,611,Bath and North East Somerset,168,0.0018421254619019945,True,False
2020,local_authority_district,612,South Gloucestershire,330,0.0036184607287360606,True,False
2020,local_authority_district,62,Carlisle,152,0.0016666849417208522,True,False
2020,local_authority_district,620,Cheltenham,105,0.0011513284136887465,True,False
2020,local_authority_district,621,Cotswold,143,0.0015679996491189596,True,False
2020,local_authority_district,622,Forest of Dean,89,0.0009758878935076042,True,False
2020,local_authority_district,623,Gloucester,128,0.0014035241614491387,True,False
2020,local_authority_district,624,Stroud,134,0.0014693143565170672,True,False
2020,local_authority_district,625,Tewkesbury,96,0.0010526431210868541,True,False
2020,local_authority_district,63,Copeland,95,0.0010416780885755326,True,False
2020,local_authority_district,633,Swindon,257,0.0028180133554095987,True,False
2020,local_authority_district,635,Wiltshire,669,0.007335606750074014,True,False
2020,local_authority_district,64,Eden,97,0.0010636081535981754,True,False
2020,local_authority_district,640,Bournemouth,310,0.003399160078509633,True,False
2020,local_authority_district,641,Christchurch,67,0.0007346571782585336,True,False
2020,local_authority_district,642,North Dorset,102,0.0011184333161547823,True,False
2020,local_authority_district,643,Poole,217,0.0023794120549567427,True,False
2020,local_authority_district,644,Purbeck,94,0.0010307130560642112,True,False
2020,local_authority_district,645,West Dorset,157,0.0017215101042774592,True,False
2020,local_authority_district,646,Weymouth and Portland,65,0.0007127271132358907,True,False
2020,local_authority_district,647,East Dorset,146,0.0016008947466529238,True,False
2020,local_authority_district,65,South Lakeland,171,0.0018750205594359587,True,False
2020,local_authority_district,7,Lewisham,758,0.008311494643581618,True,False
2020,local_authority_district,70,Blackburn with Darwen,269,0.0029495937455454556,True,False
2020,local_authority_district,71,Blackpool,244,0.0026754679327624206,True,False
2020,local_authority_district,72,Burnley,113,0.0012390486737793177,True,False
2020,local_authority_district,720,Isle of Anglesey,50,0.0005482516255660698,True,False
2020,local_authority_district,721,Conwy,113,0.0012390486737793177,True,False
2020,local_authority_district,722,Gwynedd,112,0.0012280836412679964,True,False
2020,local_authority_district,723,Denbighshire,106,0.001162293446200068,True,False
2020,local_authority_district,724,Flintshire,144,0.001578964681630281,True,False
2020,local_authority_district,725,Wrexham,133,0.0014583493240057457,True,False
2020,local_authority_district,73,Chorley,176,0.0019298457219925657,True,False
2020,local_authority_district,730,Blaenau Gwent,55,0.0006030767881226767,True,False
2020,local_authority_district,731,Caerphilly,134,0.0014693143565170672,True,False
2020,local_authority_district,732,Monmouthshire,77,0.0008443075033717475,True,False
2020,local_authority_district,733,Newport,156,0.0017105450717661377,True,False
2020,local_authority_district,734,Torfaen,64,0.0007017620807245694,True,False
2020,local_authority_district,74,Fylde,129,0.00141448919396046,True,False
2020,local_authority_district,740,Bridgend,84,0.0009210627309509973,True,False
2020,local_authority_district,741,Cardiff,184,0.002017565982083137,True,False
2020,local_authority_district,742,Merthyr Tydfil,34,0.0003728111053849275,True,False
2020,local_authority_district,743,Neath Port Talbot,62,0.0006798320157019265,True,False
2020,local_authority_district,744,"Rhondda, Cynon, Taff",116,0.001271943771313282,True,False
2020,local_authority_district,745,Swansea,140,0.0015351045515849954,True,False
2020,local_authority_district,746,The Vale of Glamorgan,76,0.0008333424708604261,True,False
2020,local_authority_district,75,Hyndburn,166,0.0018201953968793518,True,False
2020,local_authority_district,750,Ceredigion,109,0.0011951885437340322,True,False
2020,local_authority_district,751,Carmarthenshire,272,0.00298248884307942,True,False
2020,local_authority_district,752,Pembrokeshire,166,0.0018201953968793518,True,False
2020,local_authority_district,753,Powys,215,0.0023574819899341002,True,False
2020,local_authority_district,76,Lancaster,213,0.0023355519249114573,True,False
2020,local_authority_district,77,Pendle,126,0.001381594096426496,True,False
2020,local_authority_district,79,Preston,270,0.002960558778056777,True,False
2020,local_authority_district,8,Southwark,888,0.0097369488700534,True,False
2020,local_authority_district,80,Ribble Valley,86,0.0009429927959736401,True,False
2020,local_authority_district,82,Rossendale,98,0.0010745731861094968,True,False
2020,local_authority_district,83,South Ribble,154,0.001688615006743495,True,False
2020,local_authority_district,84,West Lancashire,151,0.0016557199092095307,True,False
2020,local_authority_district,85,Wyre,159,0.001743440169300102,True,False
2020,local_authority_district,9,Lambeth,1063,0.011655829559534644,True,False
2020,local_authority_district,90,Knowsley,153,0.0016776499742321737,True,False
2020,local_authority_district,91,Liverpool,707,0.007752277985504227,True,False
2020,local_authority_district,910,Aberdeen City,69,0.0007565872432811763,True,False
2020,local_authority_district,911,Aberdeenshire,119,0.001304838868847246,True,False
2020,local_authority_district,912,Angus,128,0.0014035241614491387,True,False
2020,local_authority_district,913,Argyll and Bute,81,0.000888167633417033,True,False
2020,local_authority_district,914,Scottish Borders,83,0.0009100976984396759,True,False
2020,local_authority_district,915,Clackmannanshire,21,0.00023026568273774932,True,False
2020,local_authority_district,916,West Dunbartonshire,43,0.00047149639798682005,True,False
2020,local_authority_district,917,Dumfries and Galloway,112,0.0012280836412679964,True,False
2020,local_authority_district,918,Dundee City,146,0.0016008947466529238,True,False
2020,local_authority_district,919,East Ayrshire,86,0.0009429927959736401,True,False
2020,local_authority_district,92,St. Helens,190,0.0020833561771510653,True,False
2020,local_authority_district,920,East Dunbartonshire,46,0.0005043914955207842,True,False
2020,local_authority_district,921,East Lothian,82,0.0008991326659283545,True,False
2020,local_authority_district,922,East Renfrewshire,47,0.0005153565280321056,True,False
2020,local_authority_district,923,"Edinburgh, City of",436,0.004780754174936129,True,False
2020,local_authority_district,924,Falkirk,82,0.0008991326659283545,True,False
2020,local_authority_district,925,Fife,242,0.0026535378677397777,True,False
2020,local_authority_district,926,Glasgow City,572,0.006271998596475838,True,False
2020,local_authority_district,927,Highland,215,0.0023574819899341002,True,False
2020,local_authority_district,928,Inverclyde,41,0.00044956633296417726,True,False
2020,local_authority_district,929,Midlothian,73,0.0008004473733264619,True,False
2020,local_authority_district,93,Sefton,283,0.003103104200703955,True,False
2020,local_authority_district,930,Moray,30,0.0003289509753396419,True,False
2020,local_authority_district,931,North Ayrshire,93,0.00101974802355289,True,False
2020,local_authority_district,932,North Lanarkshire,187,0.002050461079617101,True,False
2020,local_authority_district,933,Orkney Islands,9,9.868529260189257e-05,True,False
2020,local_authority_district,934,Perth and Kinross,128,0.0014035241614491387,True,False
2020,local_authority_district,935,Renfrewshire,120,0.0013158039013585676,True,False
2020,local_authority_district,936,Shetland Islands,11,0.00012061535762453536,True,False
2020,local_authority_district,937,South Ayrshire,76,0.0008333424708604261,True,False
2020,local_authority_district,938,South Lanarkshire,229,0.0025109924450925996,True,False
2020,local_authority_district,939,Stirling,79,0.0008662375683943903,True,False
2020,local_authority_district,940,West Lothian,137,0.0015022094540510312,True,False
2020,local_authority_district,941,Western Isles,13,0.00014254542264717816,True,False
2020,local_authority_district,95,Wirral,380,0.0041667123543021305,True,False
2020,pedestrian_crossing,-1,Data missing or out of range,132,0.0014473842914944242,True,True
2020,pedestrian_crossing,0,No physical crossing facility within 50m,69735,0.7646465421769976,True,False
2020,pedestrian_crossing,11,Human crossing control by school crossing patrol,386,0.004232502549370059,True,False
2020,pedestrian_crossing,12,Human crossing control by other authorised person,980,0.010745731861094968,True,False
2020,pedestrian_crossing,13,Zebra crossing,3582,0.03927674645555324,True,False
2020,pedestrian_crossing,14,Pedestrian light crossing (pelican or puffin or toucan or similar),4552,0.04991282799153499,True,False
2020,pedestrian_crossing,15,Pedestrian phase at traffic signal,7080,0.07763243018015549,True,False
2020,pedestrian_crossing,16,Footbridge or subway,195,0.0021381813397076724,True,False
2020,pedestrian_crossing,17,Central refuge - no other controls,2396,0.026272217897126065,True,False
2020,pedestrian_crossing,99,unknown (self reported),2161,0.023695435256965536,True,True
2020,pedestrian_crossing_human_control_historic,-1,Data missing or out of range,143,0.0015679996491189596,True,True
2020,pedestrian_crossing_human_control_historic,0,None within 50 metres,86358,0.9469182776126931,True,False
2020,pedestrian_crossing_human_control_historic,1,Control by school crossing patrol,386,0.004232502549370059,True,False
2020,pedestrian_crossing_human_control_historic,2,Control by other authorised person,980,0.010745731861094968,True,False
2020,pedestrian_crossing_human_control_historic,9,unknown (self reported),3332,0.03653548832772289,True,True
2020,pedestrian_crossing_physical_facilities_historic,-1,Data missing or out of range,135,0.0014802793890283884,True,True
2020,pedestrian_crossing_physical_facilities_historic,0,No physical crossing facilities within 50 metres,69269,0.7595368370267218,True,False
2020,pedestrian_crossing_physical_facilities_historic,1,Zebra,3836,0.042061864713428876,True,False
2020,pedestrian_crossing_physical_facilities_historic,4,"Pelican, puffin, toucan or similar non-junction pedestrian light crossing",4903,0.0537615544030088,True,False
2020,pedestrian_crossing_physical_facilities_historic,5,Pedestrian phase at traffic signal junction,7465,0.08185396769701422,True,False
2020,pedestrian_crossing_physical_facilities_historic,7,Footbridge or subway,199,0.002182041469752958,True,False
2020,pedestrian_crossing_physical_facilities_historic,8,Central refuge,2460,0.026973979977850636,True,False
2020,pedestrian_crossing_physical_facilities_historic,9,unknown (self reported),2932,0.032149475323194336,True,True
2020,police_force,1,Metropolitan Police,20906,0.2292349696816851,True,False
2020,police_force,10,Northumbria,1690,0.018530904944133158,True,False
2020,police_force,11,Durham,601,0.006589984539304159,True,False
2020,police_force,12,North Yorkshire,1180,0.012938738363359247,True,False
2020,police_force,13,West Yorkshire,2764,0.03030734986129234,True,False
2020,police_force,14,South Yorkshire,2021,0.02216033070538054,True,False
2020,police_force,16,Humberside,1709,0.018739240561848267,True,False
2020,police_force,17,Cleveland,570,0.006250068531453196,True,False
2020,police_force,20,West Midlands,3933,0.04312547286702705,True,False
2020,police_force,21,Staffordshire,879,0.009638263577451508,True,False
2020,police_force,22,West Mercia,1446,0.015855437011370738,True,False
2020,police_force,23,Warwickshire,855,0.009375102797179794,True,False
2020,police_force,3,Cumbria,755,0.008278599546047654,True,False
2020,police_force,30,Derbyshire,1462,0.01603087753155188,True,False
2020,police_force,31,Nottinghamshire,1677,0.018388359521485983,True,False
2020,police_force,32,Lincolnshire,1396,0.015307185385804669,True,False
2020,police_force,33,Leicestershire,1133,0.012423381835327141,True,False
2020,police_force,34,Northamptonshire,886,0.009715018805030756,True,False
2020,police_force,35,Cambridgeshire,1246,0.01366243050910646,True,False
2020,police_force,36,Norfolk,1324,0.014517703044989528,True,False
2020,police_force,37,Suffolk,995,0.01091020734876479,True,False
2020,police_force,4,Lancashire,2354,0.025811686531650568,True,False
2020,police_force,40,Bedfordshire,1084,0.011886095242272394,True,False
2020,police_force,41,Hertfordshire,1398,0.015329115450827312,True,False
2020,police_force,42,Essex,2536,0.02780732244871106,True,False
2020,police_force,43,Thames Valley,2767,0.030340244958826302,True,False
2020,police_force,44,Hampshire,3016,0.03307053805414533,True,False
2020,police_force,45,Surrey,2334,0.025592385881424137,True,False
2020,police_force,46,Kent,3405,0.03733593570104935,True,False
2020,police_force,47,Sussex,3107,0.03406835601267558,True,False
2020,police_force,48,City of London,107,0.0011732584787113895,True,False
2020,police_force,5,Merseyside,1717,0.018826960821938837,True,False
2020,police_force,50,Devon and Cornwall,2616,0.02868452504961677,True,False
2020,police_force,52,Avon and Somerset,2044,0.022412526453140933,True,False
2020,police_force,53,Gloucestershire,695,0.00762069759536837,True,False
2020,police_force,54,Wiltshire,961,0.010537396243379862,True,False
2020,police_force,55,Dorset,1158,0.012697507648110177,True,False
2020,police_force,6,Greater Manchester,2399,0.02630511299466003,True,False
2020,police_force,60,North Wales,658,0.007214991392449479,True,False
2020,police_force,61,Gwent,487,0.00533997083301352,True,False
2020,police_force,62,South Wales,958,0.010504501145845897,True,False
2020,police_force,63,Dyfed-Powys,771,0.008454040066228796,True,False
2020,police_force,7,Cheshire,1363,0.014945339312931063,True,False
2020,police_force,99,Police Scotland,3836,0.042061864713428876,True,False
2020,road_surface_conditions,-1,Data missing or out of range,316,0.0034649502735775613,True,True
2020,road_surface_conditions,1,Dry,62698,0.6874856083948289,True,False
2020,road_surface_conditions,2,Wet or damp,26240,0.28772245309707345,True,False
2020,road_surface_conditions,3,Snow,150,0.0016447548766982095,True,False
2020,road_surface_conditions,4,Frost or ice,764,0.008377284838649546,True,False
2020,road_surface_conditions,5,Flood over 3cm. deep,184,0.002017565982083137,True,False
2020,road_surface_conditions,9,unknown (self reported),847,0.009287382537089222,True,True
2020,road_type,1,Roundabout,5580,0.06118488141317339,True,False
2020,road_type,2,One way street,1966,0.021557253917257865,True,False
2020,road_type,3,Dual carriageway,13206,0.14480421934451035,True,False
2020,road_type,6,Single carriageway,66929,0.7338786609502297,True,False
2020,road_type,7,Slip road,1512,0.016579129157117952,True,False
2020,road_type,9,Unknown,2006,0.02199585521771072,True,True
2020,second_road_class,-1,Data missing or out of range,82,0.0008991326659283545,True,True
2020,second_road_class,0,Not at junction or within 20 metres,37956,0.41618877399971493,True,False
2020,second_road_class,1,Motorway,314,0.0034430202085549183,True,False
2020,second_road_class,2,A(M),36,0.00039474117040757026,True,False
2020,second_road_class,3,A,9566,0.10489150100330047,True,False
2020,second_road_class,4,B,3656,0.04008815886139103,True,False
2020,second_road_class,5,C,3154,0.03458371254070768,True,False
2020,second_road_class,6,Unclassified,36435,0.39951095954999505,True,False
2020,special_conditions_at_site,-1,Data missing or out of range,218,0.0023903770874680644,True,True
2020,special_conditions_at_site,0,None,87309,0.9573460235309598,True,False
2020,special_conditions_at_site,1,Auto traffic signal - out,213,0.0023355519249114573,True,False
2020,special_conditions_at_site,2,Auto signal part defective,47,0.0005153565280321056,True,False
2020,special_conditions_at_site,3,Road sign or marking defective or obscured,158,0.0017324751367887806,True,False
2020,special_conditions_at_site,4,Roadworks,1106,0.012127325957521464,True,False
2020,special_conditions_at_site,5,Road surface defective,228,0.0025000274125812783,True,False
2020,special_conditions_at_site,6,Oil or diesel,151,0.0016557199092095307,True,False
2020,special_conditions_at_site,7,Mud,317,0.0034759153060888825,True,False
2020,special_conditions_at_site,9,unknown (self reported),1452,0.015921227206438668,True,True
2020,trunk_road_flag,-1,Data missing or out of range,6710,0.07357536815096656,True,True
2020,trunk_road_flag,1,Trunk (Roads managed by Highways England),5267,0.057752826237129795,True,False
2020,trunk_road_flag,2,Non-trunk,79222,0.8686718056119036,True,False
2020,urban_or_rural_area,1,Urban,61737,0.6769482121514491,True,False
2020,urban_or_rural_area,2,Rural,29448,0.3228982773933925,True,False
2020,urban_or_rural_area,3,Unallocated,14,0.00015351045515849955,True,False
2020,weather_conditions,-1,Data missing or out of range,1,1.0965032511321396e-05,True,True
2020,weather_conditions,1,Fine no high winds,70729,0.7755457844932511,True,False
2020,weather_conditions,2,Raining no high winds,11583,0.12700797157863572,True,False
2020,weather_conditions,3,Snowing no high winds,185,0.002028531014594458,True,False
2020,weather_conditions,4,Fine + high winds,1401,0.015362010548361275,True,False
2020,weather_conditions,5,Raining + high winds,1665,0.018256779131350126,True,False
2020,weather_conditions,6,Snowing + high winds,73,0.0008004473733264619,True,False
2020,weather_conditions,7,Fog or mist,510,0.005592166580773912,True,False
2020,weather_conditions,8,Other,2629,0.02882707047226395,True,False
2020,weather_conditions,9,Unknown,2423,0.026568273774931744,True,True
2021,carriageway_hazards,-1,Data missing or out of range,325,0.003215052380622632,True,True
2021,carriageway_hazards,0,None,95154,0.941307982233126,True,False
2021,carriageway_hazards,11,Defective traffic signals,370,0.0036602134794780734,True,False
2021,carriageway_hazards,12,Permanent road signing or markings defective or obscured or inadequate,157,0.0015531176115623176,True,False
2021,carriageway_hazards,13,Roadworks,1410,0.013948381097470496,True,False
2021,carriageway_hazards,14,Oil or diesel,130,0.0012860209522490527,True,False
2021,carriageway_hazards,15,Mud,203,0.002008171179281213,True,False
2021,carriageway_hazards,16,Dislodged vehicle load in carriageway,236,0.0023346226517752034,True,False
2021,carriageway_hazards,17,Other object in carriageway,1015,0.010040855896406065,True,False
2021,carriageway_hazards,18,Involvement with previous collision,172,0.0017015046445141315,True,False
2021,carriageway_hazards,19,Pedestrian in carriageway - not injured,189,0.0018696766151928537,True,False
2021,carriageway_hazards,20,Any animal in carriageway (except ridden horse),342,0.003383224351301354,True,False
2021,carriageway_hazards,21,Poor or defective road surface,248,0.0024533322781366547,True,False
2021,carriageway_hazards,99,unknown (self reported),1136,0.01123784462888403,True,True
2021,carriageway_hazards_historic,-1,Data missing or out of range,342,0.003383224351301354,True,True
2021,carriageway_hazards_historic,0,None,97076,0.960321307388685,True,False
2021,carriageway_hazards_historic,1,Vehicle load on road,262,0.002591826842225014,True,False
2021,carriageway_hazards_historic,2,Other object on road,1185,0.01172257560319329,True,False
2021,carriageway_hazards_historic,3,Previous accident,185,0.0018301067397390367,True,False
2021,carriageway_hazards_historic,6,Pedestrian in carriageway - not injured,202,0.001998278710417759,True,False
2021,carriageway_hazards_historic,7,Any animal in carriageway (except ridden horse),348,0.0034425791644820797,True,False
2021,carriageway_hazards_historic,9,unknown (self reported),1487,0.014710101199956473,True,True
2021,collision_injury_based,0,Based on severity reporting,50929,0.5038135467468616,True,False
2021,collision_injury_based,1,Based on Injury code reporting,50158,0.49618645325313837,True,False
2021,collision_severity,1,Fatal,1474,0.014581499104731568,True,False
2021,collision_severity,2,Serious,21284,0.2105513072897603,True,False
2021,collision_severity,3,Slight,78329,0.7748671936055082,True,False
2021,day_of_week,1,Sunday,11496,0.11372382205427009,True,False
2021,day_of_week,2,Monday,13974,0.13823735989790972,True,False
2021,day_of_week,3,Tuesday,14603,0.14445972281302244,True,False
2021,day_of_week,4,Wednesday,14901,0.14740767853433182,True,False
2021,day_of_week,5,Thursday,15125,0.14962359155974556,True,False
2021,day_of_week,6,Friday,17027,0.16843906733803554,True,False
2021,day_of_week,7,Saturday,13961,0.1381087578026848,True,False
2021,did_police_officer_attend_scene_of_accident,1,Yes,69908,0.6915627133063599,True,False
2021,did_police_officer_attend_scene_of_accident,2,No,16815,0.16634186393898326,True,False
2021,did_police_officer_attend_scene_of_accident,3,No - accident was reported using a self completion  form (self rep only),14364,0.1420954227546569,True,False
2021,enhanced_severity_collision,-1,Data missing or out of range,50929,0.5038135467468616,True,True
2021,enhanced_severity_collision,1,Fatal,874,0.008646017786659016,True,False
2021,enhanced_severity_collision,3,Slight,36867,0.3647056495889679,True,False
2021,enhanced_severity_collision,5,Very Serious,1960,0.019389238972370333,True,False
2021,enhanced_severity_collision,6,Moderately Serious,2841,0.028104504041073532,True,False
2021,enhanced_severity_collision,7,Less Serious,7616,0.07534104286406759,True,False
2021,first_road_class,1,Motorway,3105,0.030716115821025455,True,False
2021,first_road_class,2,A(M),283,0.0027995686883575534,True,False
2021,first_road_class,3,A,45054,0.4456952921740679,True,False
2021,first_road_class,4,B,12611,0.12475392483702158,True,False
2021,first_road_class,5,C,4438,0.04390277681600997,True,False
2021,first_road_class,6,Unclassified,35596,0.35213232166351754,True,False
2021,junction_control,-1,Data missing or out of range,42057,0.4160475629902955,True,True
2021,junction_control,1,Authorised person,398,0.003937202607654793,True,False
2021,junction_control,2,Auto traffic signal,11302,0.11180468309475997,True,False
2021,junction_control,3,Stop sign,651,0.006439997230108718,True,False
2021,junction_control,4,Give way or uncontrolled,44789,0.4430737879252525,True,False
2021,junction_control,9,unknown (self reported),1890,0.018696766151928536,True,True
2021,junction_detail,-1,Data missing or out of range,2061,0.020388378327579212,True,True
2021,junction_detail,0,Not at junction or within 20 metres,52176,0.5161494554195891,True,False
2021,junction_detail,13,T or staggered junction,27699,0.27401149504881933,True,False
2021,junction_detail,16,Crossroads,9371,0.0927023257194298,True,False
2021,junction_detail,17,Junction with more than four arms (not roundabout),1520,0.015036552672450463,True,False
2021,junction_detail,18,Using private drive or entrance,2209,0.021852463719370444,True,False
2021,junction_detail,19,Other junction,6051,0.05985932909276168,True,False
2021,junction_detail_historic,-1,Data missing or out of range,2,1.9784937726908505e-05,True,True
2021,junction_detail_historic,0,Not at junction or within 20 metres,41572,0.4112497155915202,True,False
2021,junction_detail_historic,1,Roundabout,7800,0.07716125713494316,True,False
2021,junction_detail_historic,2,Mini-roundabout,1470,0.014541929229277752,True,False
2021,junction_detail_historic,3,T or staggered junction,27699,0.27401149504881933,True,False
2021,junction_detail_historic,5,Slip road,1334,0.013196553463847972,True,False
2021,junction_detail_historic,6,Crossroads,9371,0.0927023257194298,True,False
2021,junction_detail_historic,7,More than 4 arms (not roundabout),1520,0.015036552672450463,True,False
2021,junction_detail_historic,8,Private drive or entrance,2209,0.021852463719370444,True,False
2021,junction_detail_historic,9,Other junction,6051,0.05985932909276168,True,False
2021,junction_detail_historic,99,unknown (self reported),2059,0.020368593389852304,True,True
2021,light_conditions,-1,Data missing or out of range,11,0.00010881715749799678,True,True
2021,light_conditions,1,Daylight,73627,0.7283528050095462,True,False
2021,light_conditions,4,Darkness - lights lit,19876,0.19662271113001673,True,False
2021,light_conditions,5,Darkness - lights unlit,711,0.007033545361915973,True,False
2021,light_conditions,6,Darkness - no lighting,4878,0.04825546311592984,True,False
2021,light_conditions,7,Darkness - lighting unknown,1984,0.019626658225093237,True,True
2021,local_authority_district,-1,Code deprecated,100893,0.9980808610404899,True,False
2021,local_authority_district,240,Hartlepool,25,0.0002473117215863563,True,False
2021,local_authority_district,241,Redcar and Cleveland,32,0.0003165590036305361,True,False
2021,local_authority_district,243,Middlesbrough,27,0.0002670966593132648,True,False
2021,local_authority_district,245,Stockton-on-Tees,31,0.00030666653476708183,True,False
2021,local_authority_district,470,Bracknell Forest,7,6.924728204417977e-05,True,False
2021,local_authority_district,471,West Berkshire,10,9.892468863454253e-05,True,False
2021,local_authority_district,472,Reading,14,0.00013849456408835954,True,False
2021,local_authority_district,473,Slough,6,5.9354813180725516e-05,True,False
2021,local_authority_district,474,Windsor and Maidenhead,7,6.924728204417977e-05,True,False
2021,local_authority_district,475,Wokingham,4,3.956987545381701e-05,True,False
2021,local_authority_district,476,Aylesbury Vale,14,0.00013849456408835954,True,False
2021,local_authority_district,477,South Bucks,5,4.9462344317271264e-05,True,False
2021,local_authority_district,478,Chiltern,3,2.9677406590362758e-05,True,False
2021,local_authority_district,480,Wycombe,9,8.903221977108827e-05,True,False
2021,pedestrian_crossing,-1,Data missing or out of range,225,0.002225805494277207,True,True
2021,pedestrian_crossing,0,No physical crossing facility within 50m,76990,0.7616211777973428,True,False
2021,pedestrian_crossing,11,Human crossing control by school crossing patrol,438,0.004332901362192962,True,False
2021,pedestrian_crossing,12,Human crossing control by other authorised person,1217,0.012039134606823826,True,False
2021,pedestrian_crossing,13,Zebra crossing,4220,0.04174621860377695,True,False
2021,pedestrian_crossing,14,Pedestrian light crossing (pelican or puffin or toucan or similar),5303,0.0524597623828979,True,False
2021,pedestrian_crossing,15,Pedestrian phase at traffic signal,7606,0.07524211817543304,True,False
2021,pedestrian_crossing,16,Footbridge or subway,258,0.002552256966771197,True,False
2021,pedestrian_crossing,17,Central refuge - no other controls,2435,0.024088161682511103,True,False
2021,pedestrian_crossing,99,unknown (self reported),2395,0.023692462927972936,True,True
2021,pedestrian_crossing_human_control_historic,-1,Data missing or out of range,247,0.0024434398092732005,True,True
2021,pedestrian_crossing_human_control_historic,0,None within 50 metres,95410,0.9438404542621702,True,False
2021,pedestrian_crossing_human_control_historic,1,Control by school crossing patrol,438,0.004332901362192962,True,False
2021,pedestrian_crossing_human_control_historic,2,Control by other authorised person,1217,0.012039134606823826,True,False
2021,pedestrian_crossing_human_control_historic,9,unknown (self reported),3775,0.0373440699595398,True,True
2021,pedestrian_crossing_physical_facilities_historic,-1,Data missing or out of range,232,0.0022950527763213866,True,True
2021,pedestrian_crossing_physical_facilities_historic,0,No physical crossing facilities within 50 metres,76642,0.7581785986328609,True,False
2021,pedestrian_crossing_physical_facilities_historic,1,Zebra,4493,0.044446862603499955,True,False
2021,pedestrian_crossing_physical_facilities_historic,4,"Pelican, puffin, toucan or similar non-junction pedestrian light crossing",5700,0.05638707252168924,True,False
2021,pedestrian_crossing_physical_facilities_historic,5,Pedestrian phase at traffic signal junction,8040,0.07953544966217219,True,False
2021,pedestrian_crossing_physical_facilities_historic,7,Footbridge or subway,264,0.0026116117799519227,True,False
2021,pedestrian_crossing_physical_facilities_historic,8,Central refuge,2519,0.024919129067041263,True,False
2021,pedestrian_crossing_physical_facilities_historic,9,unknown (self reported),3197,0.031626222956463244,True,True
2021,police_force,1,Metropolitan Police,22992,0.22744764410854018,True,False
2021,police_force,10,Northumbria,1770,0.017509669888314025,True,False
2021,police_force,11,Durham,631,0.006242147852839633,True,False
2021,police_force,12,North Yorkshire,1311,0.012969026679988525,True,False
2021,police_force,13,West Yorkshire,3886,0.03844213400338323,True,False
2021,police_force,14,South Yorkshire,2065,0.020427948203033033,True,False
2021,police_force,16,Humberside,1821,0.018014185800350194,True,False
2021,police_force,17,Cleveland,623,0.0061630081019319995,True,False
2021,police_force,20,West Midlands,4681,0.04630664674982936,True,False
2021,police_force,21,Staffordshire,819,0.008101931999169032,True,False
2021,police_force,22,West Mercia,1596,0.015788380306072988,True,False
2021,police_force,23,Warwickshire,856,0.00846795334711684,True,False
2021,police_force,3,Cumbria,743,0.007350104365546509,True,False
2021,police_force,30,Derbyshire,1787,0.017677841858992748,True,False
2021,police_force,31,Nottinghamshire,1858,0.018380207148298,True,False
2021,police_force,32,Lincolnshire,1531,0.01514536982994846,True,False
2021,police_force,33,Leicestershire,1129,0.01116859734683985,True,False
2021,police_force,34,Northamptonshire,1027,0.010159565522767517,True,False
2021,police_force,35,Cambridgeshire,1336,0.01321633840157488,True,False
2021,police_force,36,Norfolk,1375,0.013602144687249598,True,False
2021,police_force,37,Suffolk,1065,0.010535479339578779,True,False
2021,police_force,4,Lancashire,2715,0.026858052964278296,True,False
2021,police_force,40,Bedfordshire,1080,0.010683866372530592,True,False
2021,police_force,41,Hertfordshire,1598,0.015808165243799896,True,False
2021,police_force,42,Essex,2778,0.027481278502675913,True,False
2021,police_force,43,Thames Valley,2973,0.029410309931049494,True,False
2021,police_force,44,Hampshire,3232,0.03197245936668414,True,False
2021,police_force,45,Surrey,2480,0.024533322781366544,True,False
2021,police_force,46,Kent,3760,0.03719568292658799,True,False
2021,police_force,47,Sussex,3167,0.031329448890559615,True,False
2021,police_force,48,City of London,147,0.001454192922927775,True,False
2021,police_force,5,Merseyside,1998,0.019765152789181596,True,False
2021,police_force,50,Devon and Cornwall,2825,0.02794622453925826,True,False
2021,police_force,52,Avon and Somerset,2322,0.022970312700940774,True,False
2021,police_force,53,Gloucestershire,749,0.007409459178727235,True,False
2021,police_force,54,Wiltshire,1254,0.012405155954771633,True,False
2021,police_force,55,Dorset,1299,0.012850317053627073,True,False
2021,police_force,6,Greater Manchester,3008,0.029756546341270392,True,False
2021,police_force,60,North Wales,780,0.0077161257134943165,True,False
2021,police_force,61,Gwent,609,0.00602451353784364,True,False
2021,police_force,62,South Wales,953,0.009427522826871903,True,False
2021,police_force,63,Dyfed-Powys,959,0.009486877640052628,True,False
2021,police_force,7,Cheshire,1597,0.01579827277493644,True,False
2021,police_force,99,Police Scotland,3902,0.038600413505198494,True,False
2021,road_surface_conditions,-1,Data missing or out of range,431,0.004263654080148783,True,True
2021,road_surface_conditions,1,Dry,75221,0.7441214003778923,True,False
2021,road_surface_conditions,2,Wet or damp,22592,0.22349065656315847,True,False
2021,road_surface_conditions,3,Snow,476,0.0047088151790042245,True,False
2021,road_surface_conditions,4,Frost or ice,1208,0.011950102387052736,True,False
2021,road_surface_conditions,5,Flood over 3cm. deep,135,0.001335483296566324,True,False
2021,road_surface_conditions,9,unknown (self reported),1024,0.010129888116177155,True,True
2021,road_type,1,Roundabout,5947,0.05883051233096244,True,False
2021,road_type,2,One way street,2300,0.02275267838594478,True,False
2021,road_type,3,Dual carriageway,15299,0.1513448811419866,True,False
2021,road_type,6,Single carriageway,73054,0.722684420350787,True,False
2021,road_type,7,Slip road,1880,0.018597841463293994,True,False
2021,road_type,9,Unknown,2607,0.025789666327025236,True,True
2021,second_road_class,-1,Data missing or out of range,55,0.0005440857874899838,True,True
2021,second_road_class,0,Not at junction or within 20 metres,41538,0.41091337165016273,True,False
2021,second_road_class,1,Motorway,337,0.003333762006984083,True,False
2021,second_road_class,2,A(M),23,0.0002275267838594478,True,False
2021,second_road_class,3,A,10783,0.1066704917546272,True,False
2021,second_road_class,4,B,3923,0.03880815535133103,True,False
2021,second_road_class,5,C,2782,0.02752084837812973,True,False
2021,second_road_class,6,Unclassified,41646,0.4119817582874158,True,False
2021,special_conditions_at_site,-1,Data missing or out of range,351,0.0034722565710724428,True,True
2021,special_conditions_at_site,0,None,96444,0.9540692670669819,True,False
2021,special_conditions_at_site,1,Auto traffic signal - out,319,0.0031556975674419067,True,False
2021,special_conditions_at_site,2,Auto signal part defective,51,0.0005045159120361668,True,False
2021,special_conditions_at_site,3,Road sign or marking defective or obscured,157,0.0015531176115623176,True,False
2021,special_conditions_at_site,4,Roadworks,1410,0.013948381097470496,True,False
2021,special_conditions_at_site,5,Road surface defective,248,0.0024533322781366547,True,False
2021,special_conditions_at_site,6,Oil or diesel,130,0.0012860209522490527,True,False
2021,special_conditions_at_site,7,Mud,203,0.002008171179281213,True,False
2021,special_conditions_at_site,9,unknown (self reported),1774,0.017549239763767842,True,True
2021,trunk_road_flag,-1,Data missing or out of range,7203,0.07125545322346098,True,True
2021,trunk_road_flag,1,Trunk (Roads managed by Highways England),6539,0.06468685389812735,True,False
2021,trunk_road_flag,2,Non-trunk,87345,0.8640576928784117,True,False
2021,urban_or_rural_area,1,Urban,68787,0.6804732557104276,True,False
2021,urban_or_rural_area,2,Rural,32283,0.31935857231889364,True,False
2021,urban_or_rural_area,3,Unallocated,17,0.0001681719706787223,True,False
2021,weather_conditions,-1,Data missing or out of range,12,0.00011870962636145103,True,True
2021,weather_conditions,1,Fine no high winds,81658,0.8077992224519474,True,False
2021,weather_conditions,2,Raining no high winds,10425,0.10312898790151058,True,False
2021,weather_conditions,3,Snowing no high winds,606,0.005994836131253277,True,False
2021,weather_conditions,4,Fine + high winds,875,0.00865591025552247,True,False
2021,weather_conditions,5,Raining + high winds,1034,0.010228812804811697,True,False
2021,weather_conditions,6,Snowing + high winds,91,0.0009002146665743369,True,False
2021,weather_conditions,7,Fog or mist,427,0.004224084204694965,True,False
2021,weather_conditions,8,Other,3213,0.03178450245827851,True,False
2021,weather_conditions,9,Unknown,2746,0.02716471949904538,True,True
2022,carriageway_hazards,-1,Data missing or out of range,713,0.006726161276932946,True,True
2022,carriageway_hazards,0,None,99640,0.9399645296403909,True,False
2022,carriageway_hazards,11,Defective traffic signals,351,0.003311195803931927,True,False
2022,carriageway_hazards,12,Permanent road signing or markings defective or obscured or inadequate,173,0.0016320138862684426,True,False
2022,carriageway_hazards,13,Roadworks,1225,0.011556167691785215,True,False
2022,carriageway_hazards,14,Oil or diesel,122,0.0011508999660390174,True,False
2022,carriageway_hazards,15,Mud,213,0.0020093581374287764,True,False
2022,carriageway_hazards,16,Dislodged vehicle load in carriageway,240,0.0022640655069620015,True,False
2022,carriageway_hazards,17,Other object in carriageway,1017,0.00959397758575148,True,False
2022,carriageway_hazards,18,Involvement with previous collision,170,0.0016037130674314178,True,False
2022,carriageway_hazards,19,Pedestrian in carriageway - not injured,235,0.0022168974755669597,True,False
2022,carriageway_hazards,20,Any animal in carriageway (except ridden horse),333,0.003141390890909777,True,False
2022,carriageway_hazards,21,Poor or defective road surface,224,0.002113127806497868,True,False
2022,carriageway_hazards,99,unknown (self reported),1348,0.01271650126410324,True,True
2022,carriageway_hazards_historic,-1,Data missing or out of range,746,0.007037470284140221,True,True
2022,carriageway_hazards_historic,0,None,101449,0.957029923399117,True,False
2022,carriageway_hazards_historic,1,Vehicle load on road,249,0.0023489679634730765,True,False
2022,carriageway_hazards_historic,2,Other object on road,1159,0.010933549677370666,True,False
2022,carriageway_hazards_historic,3,Previous accident,180,0.001698049130221501,True,False
2022,carriageway_hazards_historic,6,Pedestrian in carriageway - not injured,244,0.0023017999320780348,True,False
2022,carriageway_hazards_historic,7,Any animal in carriageway (except ridden horse),339,0.003197992528583827,True,False
2022,carriageway_hazards_historic,9,unknown (self reported),1638,0.01545224708501566,True,True
2022,collision_injury_based,0,Based on severity reporting,50275,0.47427455567714427,True,False
2022,collision_injury_based,1,Based on Injury code reporting,55729,0.5257254443228557,True,False
2022,collision_severity,1,Fatal,1602,0.01511263725897136,True,False
2022,collision_severity,2,Serious,23333,0.2201143353081016,True,False
2022,collision_severity,3,Slight,81069,0.7647730274329271,True,False
2022,day_of_week,1,Sunday,12001,0.11321270895437908,True,False
2022,day_of_week,2,Monday,14055,0.13258933625146221,True,False
2022,day_of_week,3,Tuesday,15018,0.14167389909814723,True,False
2022,day_of_week,4,Wednesday,15737,0.14845666201275423,True,False
2022,day_of_week,5,Thursday,16273,0.15351307497830272,True,False
2022,day_of_week,6,Friday,17911,0.16896532206331835,True,False
2022,day_of_week,7,Saturday,15009,0.14158899664163616,True,False
2022,did_police_officer_attend_scene_of_accident,1,Yes,72879,0.6875117920078487,True,False
2022,did_police_officer_attend_scene_of_accident,2,No,15181,0.1432115769216256,True,False
2022,did_police_officer_attend_scene_of_accident,3,No - accident was reported using a self completion  form (self rep only),17944,0.16927663107052565,True,False
2022,enhanced_severity_collision,-1,Data missing or out of range,50275,0.47427455567714427,True,True
2022,enhanced_severity_collision,1,Fatal,1018,0.00960341119203049,True,False
2022,enhanced_severity_collision,3,Slight,40470,0.3817780461114675,True,False
2022,enhanced_severity_collision,5,Very Serious,2427,0.02289536243915324,True,False
2022,enhanced_severity_collision,6,Moderately Serious,3265,0.030800724500962228,True,False
2022,enhanced_severity_collision,7,Less Serious,8549,0.08064790007924229,True,False
2022,first_road_class,1,Motorway,3143,0.02964982453492321,True,False
2022,first_road_class,2,A(M),292,0.002754613033470435,True,False
2022,first_road_class,3,A,46935,0.4427663107052564,True,False
2022,first_road_class,4,B,13072,0.12331610127919701,True,False
2022,first_road_class,5,C,4630,0.04367759707180861,True,False
2022,first_road_class,6,Unclassified,37932,0.35783555337534434,True,False
2022,junction_control,-1,Data missing or out of range,44977,0.42429530961095807,True,True
2022,junction_control,1,Authorised person,394,0.0037168408739292856,True,False
2022,junction_control,2,Auto traffic signal,11873,0.11200520735066602,True,False
2022,junction_control,3,Stop sign,760,0.007169540772046338,True,False
2022,junction_control,4,Give way or uncontrolled,46338,0.4371344477566884,True,False
2022,junction_control,9,unknown (self reported),1662,0.01567865363571186,True,True
2022,junction_detail,-1,Data missing or out of range,1817,0.01714086260895815,True,True
2022,junction_detail,0,Not at junction or within 20 metres,55139,0.5201596166182408,True,False
2022,junction_detail,13,T or staggered junction,29657,0.2797724614165503,True,False
2022,junction_detail,16,Crossroads,9743,0.09191162597637825,True,False
2022,junction_detail,17,Junction with more than four arms (not roundabout),1630,0.015376778234783593,True,False
2022,junction_detail,18,Using private drive or entrance,2275,0.021461454284743973,True,False
2022,junction_detail,19,Other junction,5743,0.054177200860344894,True,False
2022,junction_detail_historic,0,Not at junction or within 20 metres,44280,0.4177200860344893,True,False
2022,junction_detail_historic,1,Roundabout,8121,0.07661031659182672,True,False
2022,junction_detail_historic,2,Mini-roundabout,1562,0.014735293007811026,True,False
2022,junction_detail_historic,3,T or staggered junction,29657,0.2797724614165503,True,False
2022,junction_detail_historic,5,Slip road,1176,0.011093920984113806,True,False
2022,junction_detail_historic,6,Crossroads,9743,0.09191162597637825,True,False
2022,junction_detail_historic,7,More than 4 arms (not roundabout),1630,0.015376778234783593,True,False
2022,junction_detail_historic,8,Private drive or entrance,2275,0.021461454284743973,True,False
2022,junction_detail_historic,9,Other junction,5743,0.054177200860344894,True,False
2022,junction_detail_historic,99,unknown (self reported),1817,0.01714086260895815,True,True
2022,light_conditions,-1,Data missing or out of range,1,9.43360627900834e-06,True,True
2022,light_conditions,1,Daylight,75961,0.7165861665597525,True,False
2022,light_conditions,4,Darkness - lights lit,22009,0.20762424059469453,True,False
2022,light_conditions,5,Darkness - lights unlit,768,0.007245009622278404,True,False
2022,light_conditions,6,Darkness - no lighting,5555,0.052403682879891327,True,False
2022,light_conditions,7,Darkness - lighting unknown,1710,0.01613146673710426,True,True
2022,local_authority_district,-1,Code deprecated,106004,1.0,True,False
2022,pedestrian_crossing,-1,Data missing or out of range,684,0.006452586694841704,True,True
2022,pedestrian_crossing,0,No physical crossing facility within 50m,80150,0.7561035432625184,True,False
2022,pedestrian_crossing,11,Human crossing control by school crossing patrol,488,0.0046035998641560695,True,False
2022,pedestrian_crossing,12,Human crossing control by other authorised person,1388,0.013093845515263575,True,False
2022,pedestrian_crossing,13,Zebra crossing,4304,0.040602241424851894,True,False
2022,pedestrian_crossing,14,Pedestrian light crossing (pelican or puffin or toucan or similar),5913,0.05578091392777631,True,False
2022,pedestrian_crossing,15,Pedestrian phase at traffic signal,7802,0.07360099618882307,True,False
2022,pedestrian_crossing,16,Footbridge or subway,267,0.0025187728764952265,True,False
2022,pedestrian_crossing,17,Central refuge - no other controls,2574,0.024282102562167465,True,False
2022,pedestrian_crossing,99,unknown (self reported),2434,0.0229613976831063,True,True
2022,pedestrian_crossing_human_control_historic,-1,Data missing or out of range,703,0.006631825214142862,True,True
2022,pedestrian_crossing_human_control_historic,0,None within 50 metres,99629,0.9398607599713218,True,False
2022,pedestrian_crossing_human_control_historic,1,Control by school crossing patrol,488,0.0046035998641560695,True,False
2022,pedestrian_crossing_human_control_historic,2,Control by other authorised person,1388,0.013093845515263575,True,False
2022,pedestrian_crossing_human_control_historic,9,unknown (self reported),3796,0.035809969435115656,True,True
2022,pedestrian_crossing_physical_facilities_historic,-1,Data missing or out of range,689,0.006499754726236746,True,True
2022,pedestrian_crossing_physical_facilities_historic,0,No physical crossing facilities within 50 metres,79952,0.7542356892192748,True,False
2022,pedestrian_crossing_physical_facilities_historic,1,Zebra,4645,0.04381910116599374,True,False
2022,pedestrian_crossing_physical_facilities_historic,4,"Pelican, puffin, toucan or similar non-junction pedestrian light crossing",6399,0.06036564657937436,True,False
2022,pedestrian_crossing_physical_facilities_historic,5,Pedestrian phase at traffic signal junction,8339,0.07866684276065054,True,False
2022,pedestrian_crossing_physical_facilities_historic,7,Footbridge or subway,278,0.0026225425455643184,True,False
2022,pedestrian_crossing_physical_facilities_historic,8,Central refuge,2655,0.025046224670767142,True,False
2022,pedestrian_crossing_physical_facilities_historic,9,unknown (self reported),3047,0.02874419833213841,True,True
2022,police_force,1,Metropolitan Police,23327,0.22005773367042752,True,False
2022,police_force,10,Northumbria,1874,0.01767857816686163,True,False
2022,police_force,11,Durham,621,0.005858269499264179,True,False
2022,police_force,12,North Yorkshire,1174,0.011075053771555791,True,False
2022,police_force,13,West Yorkshire,4397,0.04147956680879967,True,False
2022,police_force,14,South Yorkshire,2038,0.019225689596618994,True,False
2022,police_force,16,Humberside,1913,0.018046488811742954,True,False
2022,police_force,17,Cleveland,674,0.00635825063205162,True,False
2022,police_force,20,West Midlands,4943,0.04663031583713822,True,False
2022,police_force,21,Staffordshire,507,0.004782838383457228,True,False
2022,police_force,22,West Mercia,1658,0.015640919210595825,True,False
2022,police_force,23,Warwickshire,865,0.008160069431342213,True,False
2022,police_force,3,Cumbria,854,0.008056299762273123,True,False
2022,police_force,30,Derbyshire,1974,0.018621938794762462,True,False
2022,police_force,31,Nottinghamshire,1889,0.017820082261046755,True,False
2022,police_force,32,Lincolnshire,1604,0.015131504471529377,True,False
2022,police_force,33,Leicestershire,1076,0.010150560356212973,True,False
2022,police_force,34,Northamptonshire,1229,0.011593902116901249,True,False
2022,police_force,35,Cambridgeshire,1485,0.014008905324327385,True,False
2022,police_force,36,Norfolk,1537,0.014499452850835818,True,False
2022,police_force,37,Suffolk,1163,0.0109712841024867,True,False
2022,police_force,4,Lancashire,2765,0.026083921361458057,True,False
2022,police_force,40,Bedfordshire,1285,0.012122184068525716,True,False
2022,police_force,41,Hertfordshire,1780,0.016791819176634845,True,False
2022,police_force,42,Essex,2901,0.027366891815403194,True,False
2022,police_force,43,Thames Valley,3256,0.03071582204445115,True,False
2022,police_force,44,Hampshire,3485,0.03287611788234406,True,False
2022,police_force,45,Surrey,2783,0.026253726274480207,True,False
2022,police_force,46,Kent,3983,0.037574053809290214,True,False
2022,police_force,47,Sussex,3678,0.03469680389419267,True,False
2022,police_force,48,City of London,175,0.0016508810988264595,True,False
2022,police_force,5,Merseyside,2267,0.021385985434511905,True,False
2022,police_force,50,Devon and Cornwall,2752,0.02596128447983095,True,False
2022,police_force,52,Avon and Somerset,2404,0.022678389494736047,True,False
2022,police_force,53,Gloucestershire,930,0.008773253839477756,True,False
2022,police_force,54,Wiltshire,1380,0.013018376665031509,True,False
2022,police_force,55,Dorset,1449,0.013669295498283083,True,False
2022,police_force,6,Greater Manchester,2804,0.026451832006339382,True,False
2022,police_force,60,North Wales,802,0.007565752235764688,True,False
2022,police_force,61,Gwent,587,0.0055375268857778956,True,False
2022,police_force,62,South Wales,944,0.008905324327383873,True,False
2022,police_force,63,Dyfed-Powys,982,0.00926380136598619,True,False
2022,police_force,7,Cheshire,1685,0.015895626580129052,True,False
2022,police_force,99,Police Scotland,4125,0.0389136259009094,True,False
2022,road_surface_conditions,-1,Data missing or out of range,694,0.006546922757631787,True,True
2022,road_surface_conditions,1,Dry,78784,0.743217237085393,True,False
2022,road_surface_conditions,2,Wet or damp,23369,0.22045394513414587,True,False
2022,road_surface_conditions,3,Snow,235,0.0022168974755669597,True,False
2022,road_surface_conditions,4,Frost or ice,1723,0.016254103618731367,True,False
2022,road_surface_conditions,5,Flood over 3cm. deep,131,0.0012358024225500924,True,False
2022,road_surface_conditions,9,unknown (self reported),1068,0.010075091505980906,True,True
2022,road_type,1,Roundabout,6285,0.059290215463567414,True,False
2022,road_type,2,One way street,2392,0.022565186219387946,True,False
2022,road_type,3,Dual carriageway,16127,0.15213576846156748,True,False
2022,road_type,6,Single carriageway,76558,0.7222180295083205,True,False
2022,road_type,7,Slip road,1887,0.017801215048488736,True,False
2022,road_type,9,Unknown,2755,0.025989585298667975,True,True
2022,second_road_class,-1,Data missing or out of range,89,0.0008395909588317422,True,True
2022,second_road_class,0,Not at junction or within 20 metres,44250,0.417437077846119,True,False
2022,second_road_class,1,Motorway,325,0.0030659220406777103,True,False
2022,second_road_class,2,A(M),28,0.0002641409758122335,True,False
2022,second_road_class,3,A,10793,0.101816912569337,True,False
2022,second_road_class,4,B,4052,0.038224972642541793,True,False
2022,second_road_class,5,C,2921,0.02755556394098336,True,False
2022,second_road_class,6,Unclassified,43546,0.4107958190256971,True,False
2022,special_conditions_at_site,-1,Data missing or out of range,746,0.007037470284140221,True,True
2022,special_conditions_at_site,0,None,101033,0.9531055431870495,True,False
2022,special_conditions_at_site,1,Auto traffic signal - out,297,0.002801781064865477,True,False
2022,special_conditions_at_site,2,Auto signal part defective,54,0.0005094147390664503,True,False
2022,special_conditions_at_site,3,Road sign or marking defective or obscured,173,0.0016320138862684426,True,False
2022,special_conditions_at_site,4,Roadworks,1225,0.011556167691785215,True,False
2022,special_conditions_at_site,5,Road surface defective,224,0.002113127806497868,True,False
2022,special_conditions_at_site,6,Oil or diesel,122,0.0011508999660390174,True,False
2022,special_conditions_at_site,7,Mud,213,0.0020093581374287764,True,False
2022,special_conditions_at_site,9,unknown (self reported),1917,0.018084223236858987,True,True
2022,trunk_road_flag,-1,Data missing or out of range,7440,0.07018603071582205,True,True
2022,trunk_road_flag,1,Trunk (Roads managed by Highways England),6771,0.06387494811516546,True,False
2022,trunk_road_flag,2,Non-trunk,91793,0.8659390211690124,True,False
2022,urban_or_rural_area,1,Urban,71763,0.6769838874004754,True,False
2022,urban_or_rural_area,2,Rural,34219,0.32280857326138634,True,False
2022,urban_or_rural_area,3,Unallocated,22,0.00020753933813818346,True,False
2022,weather_conditions,1,Fine no high winds,86939,0.820148296290706,True,False
2022,weather_conditions,2,Raining no high winds,10011,0.09443983245915248,True,False
2022,weather_conditions,3,Snowing no high winds,312,0.002943285159050602,True,False
2022,weather_conditions,4,Fine + high winds,970,0.009150598090638088,True,False
2022,weather_conditions,5,Raining + high winds,909,0.00857514810761858,True,False
2022,weather_conditions,6,Snowing + high winds,61,0.0005754499830195087,True,False
2022,weather_conditions,7,Fog or mist,552,0.005207350666012603,True,False
2022,weather_conditions,8,Other,3295,0.03108373268933248,True,False
2022,weather_conditions,9,Unknown,2955,0.027876306554469644,True,True
2023,carriageway_hazards,-1,Data missing or out of range,3086,0.029599647029484547,True,True
2023,carriageway_hazards,0,None,93634,0.8980989468434077,True,False
2023,carriageway_hazards,11,Defective traffic signals,342,0.003280323812081567,True,False
2023,carriageway_hazards,12,Permanent road signing or markings defective or obscured or inadequate,156,0.0014962880546336972,True,False
2023,carriageway_hazards,13,Roadworks,1225,0.011749697864912045,True,False
2023,carriageway_hazards,14,Oil or diesel,116,0.0011126244508814671,True,False
2023,carriageway_hazards,15,Mud,258,0.0024746302442018838,True,False
2023,carriageway_hazards,16,Dislodged vehicle load in carriageway,239,0.0022923900324195745,True,False
2023,carriageway_hazards,17,Other object in carriageway,934,0.008958545147614572,True,False
2023,carriageway_hazards,18,Involvement with previous collision,196,0.0018799516583859273,True,False
2023,carriageway_hazards,19,Pedestrian in carriageway - not injured,224,0.002148516181012488,True,False
2023,carriageway_hazards,20,Any animal in carriageway (except ridden horse),275,0.0026376872757965814,True,False
2023,carriageway_hazards,21,Poor or defective road surface,242,0.0023211648027009917,True,False
2023,carriageway_hazards,99,unknown (self reported),3331,0.03194958660246696,True,True
2023,carriageway_hazards_historic,-1,Data missing or out of range,3127,0.029992902223330585,True,True
2023,carriageway_hazards_historic,0,None,95431,0.9153350342419766,True,False
2023,carriageway_hazards_historic,1,Vehicle load on road,270,0.002589729325327553,True,False
2023,carriageway_hazards_historic,2,Other object on road,1071,0.01027259299046596,True,False
2023,carriageway_hazards_historic,3,Previous accident,209,0.002004642329605402,True,False
2023,carriageway_hazards_historic,6,Pedestrian in carriageway - not injured,240,0.00230198162251338,True,False
2023,carriageway_hazards_historic,7,Any animal in carriageway (except ridden horse),280,0.0026856452262656104,True,False
2023,carriageway_hazards_historic,9,unknown (self reported),3630,0.03481747204051488,True,True
2023,collision_injury_based,0,Based on severity reporting,48241,0.46270789771528326,True,False
2023,collision_injury_based,1,Based on Injury code reporting,56017,0.5372921022847168,True,False
2023,collision_severity,1,Fatal,1522,0.014598400122772354,True,False
2023,collision_severity,2,Serious,23438,0.2248076886186192,True,False
2023,collision_severity,3,Slight,79298,0.7605939112586084,True,False
2023,day_of_week,1,Sunday,11699,0.11221201250743348,True,False
2023,day_of_week,2,Monday,14288,0.13704463926029659,True,False
2023,day_of_week,3,Tuesday,15431,0.14800782673751656,True,False
2023,day_of_week,4,Wednesday,15749,0.15105795238734676,True,False
2023,day_of_week,5,Thursday,15791,0.1514607991712866,True,False
2023,day_of_week,6,Friday,17118,0.16418883922576685,True,False
2023,day_of_week,7,Saturday,14182,0.13602793071035316,True,False
2023,did_police_officer_attend_scene_of_accident,1,Yes,71480,0.6856068599052351,True,False
2023,did_police_officer_attend_scene_of_accident,2,No,11545,0.11073490763298739,True,False
2023,did_police_officer_attend_scene_of_accident,3,No - accident was reported using a self completion  form (self rep only),21233,0.2036582324617775,True,False
2023,enhanced_severity_collision,-1,Data missing or out of range,48241,0.46270789771528326,True,True
2023,enhanced_severity_collision,1,Fatal,952,0.009131193769303075,True,False
2023,enhanced_severity_collision,3,Slight,40312,0.3866561798614974,True,False
2023,enhanced_severity_collision,5,Very Serious,2671,0.02561913714055516,True,False
2023,enhanced_severity_collision,6,Moderately Serious,3277,0.03143164073740145,True,False
2023,enhanced_severity_collision,7,Less Serious,8805,0.08445395077595964,True,False
2023,first_road_class,1,Motorway,3121,0.02993535268276775,True,False
2023,first_road_class,2,A(M),237,0.0022732068522319632,True,False
2023,first_road_class,3,A,45872,0.4399854207830574,True,False
2023,first_road_class,4,B,13117,0.12581288726045003,True,False
2023,first_road_class,5,C,4596,0.04408294807113123,True,False
2023,first_road_class,6,Unclassified,37315,0.3579101843503616,True,False
2023,junction_control,-1,Data missing or out of range,43795,0.42006368815822287,True,True
2023,junction_control,1,Authorised person,619,0.00593719426806576,True,False
2023,junction_control,2,Auto traffic signal,11649,0.1117324330027432,True,False
2023,junction_control,3,Stop sign,763,0.007318383241573788,True,False
2023,junction_control,4,Give way or uncontrolled,45208,0.4336166049607704,True,False
2023,junction_control,9,unknown (self reported),2224,0.02133169636862399,True,True
2023,junction_detail,-1,Data missing or out of range,2398,0.023000633044946192,True,True
2023,junction_detail,0,Not at junction or within 20 metres,53234,0.5105987070536554,True,False
2023,junction_detail,13,T or staggered junction,29039,0.2785301847340252,True,False
2023,junction_detail,16,Crossroads,9507,0.09118724702181127,True,False
2023,junction_detail,17,Junction with more than four arms (not roundabout),1634,0.0156726582132786,True,False
2023,junction_detail,18,Using private drive or entrance,2263,0.021705768382282414,True,False
2023,junction_detail,19,Other junction,6183,0.05930480155000096,True,False
2023,junction_detail_historic,-1,Data missing or out of range,1,9.59159009380575e-06,True,True
2023,junction_detail_historic,0,Not at junction or within 20 metres,42978,0.4122273590515836,True,False
2023,junction_detail_historic,1,Roundabout,7545,0.0723685472577644,True,False
2023,junction_detail_historic,2,Mini-roundabout,1583,0.015183487118494505,True,False
2023,junction_detail_historic,3,T or staggered junction,29039,0.2785301847340252,True,False
2023,junction_detail_historic,5,Slip road,1128,0.010819313625812886,True,False
2023,junction_detail_historic,6,Crossroads,9507,0.09118724702181127,True,False
2023,junction_detail_historic,7,More than 4 arms (not roundabout),1634,0.0156726582132786,True,False
2023,junction_detail_historic,8,Private drive or entrance,2263,0.021705768382282414,True,False
2023,junction_detail_historic,9,Other junction,6183,0.05930480155000096,True,False
2023,junction_detail_historic,99,unknown (self reported),2397,0.022991041454852385,True,True
2023,light_conditions,1,Daylight,74241,0.7120892401542328,True,False
2023,light_conditions,4,Darkness - lights lit,22003,0.21104375683400795,True,False
2023,light_conditions,5,Darkness - lights unlit,751,0.007203284160448119,True,False
2023,light_conditions,6,Darkness - no lighting,5628,0.05398146904793877,True,False
2023,light_conditions,7,Darkness - lighting unknown,1635,0.015682249803372402,True,True
2023,local_authority_district,-1,Code deprecated,104258,1.0,True,False
2023,pedestrian_crossing,-1,Data missing or out of range,2768,0.026549521379654318,True,True
2023,pedestrian_crossing,0,No physical crossing facility within 50m,74925,0.7186498877783959,True,False
2023,pedestrian_crossing,11,Human crossing control by school crossing patrol,435,0.004172341690805502,True,False
2023,pedestrian_crossing,12,Human crossing control by other authorised person,1295,0.012421109171478447,True,False
2023,pedestrian_crossing,13,Zebra crossing,4204,0.040323044754359376,True,False
2023,pedestrian_crossing,14,Pedestrian light crossing (pelican or puffin or toucan or similar),5703,0.0547008383049742,True,False
2023,pedestrian_crossing,15,Pedestrian phase at traffic signal,7583,0.07273302768132901,True,False
2023,pedestrian_crossing,16,Footbridge or subway,250,0.002397897523451438,True,False
2023,pedestrian_crossing,17,Central refuge - no other controls,2585,0.024794260392487867,True,False
2023,pedestrian_crossing,99,unknown (self reported),4510,0.04325807132306394,True,True
2023,pedestrian_crossing_human_control_historic,-1,Data missing or out of range,2789,0.02675094477162424,True,True
2023,pedestrian_crossing_human_control_historic,0,None within 50 metres,93862,0.9002858293847954,True,False
2023,pedestrian_crossing_human_control_historic,1,Control by school crossing patrol,435,0.004172341690805502,True,False
2023,pedestrian_crossing_human_control_historic,2,Control by other authorised person,1295,0.012421109171478447,True,False
2023,pedestrian_crossing_human_control_historic,9,unknown (self reported),5877,0.0563697749812964,True,True
2023,pedestrian_crossing_physical_facilities_historic,-1,Data missing or out of range,2783,0.026693395231061404,True,True
2023,pedestrian_crossing_physical_facilities_historic,0,No physical crossing facilities within 50 metres,74685,0.7163479061558825,True,False
2023,pedestrian_crossing_physical_facilities_historic,1,Zebra,4492,0.043085422701375435,True,False
2023,pedestrian_crossing_physical_facilities_historic,4,"Pelican, puffin, toucan or similar non-junction pedestrian light crossing",6122,0.05871971455427881,True,False
2023,pedestrian_crossing_physical_facilities_historic,5,Pedestrian phase at traffic signal junction,8147,0.07814268449423545,True,False
2023,pedestrian_crossing_physical_facilities_historic,7,Footbridge or subway,258,0.0024746302442018838,True,False
2023,pedestrian_crossing_physical_facilities_historic,8,Central refuge,2659,0.025504038059429492,True,False
2023,pedestrian_crossing_physical_facilities_historic,9,unknown (self reported),5112,0.049032208559535,True,True
2023,police_force,1,Metropolitan Police,22740,0.2181127587331428,True,False
2023,police_force,10,Northumbria,1900,0.018224021178230927,True,False
2023,police_force,11,Durham,571,0.005476797943563084,True,False
2023,police_force,12,North Yorkshire,1443,0.0138406645053617,True,False
2023,police_force,13,West Yorkshire,4247,0.04073548312839303,True,False
2023,police_force,14,South Yorkshire,2187,0.02097680753515318,True,False
2023,police_force,16,Humberside,1975,0.01894339043526636,True,False
2023,police_force,17,Cleveland,607,0.005822095186940091,True,False
2023,police_force,20,West Midlands,4688,0.04496537435976136,True,False
2023,police_force,21,Staffordshire,883,0.008469374052830478,True,False
2023,police_force,22,West Mercia,1449,0.013898214045924534,True,False
2023,police_force,23,Warwickshire,994,0.009534040553242917,True,False
2023,police_force,3,Cumbria,863,0.008277542250954364,True,False
2023,police_force,30,Derbyshire,1767,0.016948339695754763,True,False
2023,police_force,31,Nottinghamshire,2022,0.019394195169675228,True,False
2023,police_force,32,Lincolnshire,1724,0.016535901321721114,True,False
2023,police_force,33,Leicestershire,1224,0.01174010627481824,True,False
2023,police_force,34,Northamptonshire,1233,0.011826430585662491,True,False
2023,police_force,35,Cambridgeshire,1518,0.01456003376239713,True,False
2023,police_force,36,Norfolk,1354,0.012987012987012988,True,False
2023,police_force,37,Suffolk,930,0.00892017878723935,True,False
2023,police_force,4,Lancashire,2762,0.026491971839091483,True,False
2023,police_force,40,Bedfordshire,1297,0.01244029235166606,True,False
2023,police_force,41,Hertfordshire,1813,0.017389552840069825,True,False
2023,police_force,42,Essex,2840,0.027240115866408333,True,False
2023,police_force,43,Thames Valley,2949,0.02828559918663316,True,False
2023,police_force,44,Hampshire,3351,0.03214141840434307,True,False
2023,police_force,45,Surrey,2740,0.02628095685702776,True,False
2023,police_force,46,Kent,3896,0.037368835005467206,True,False
2023,police_force,47,Sussex,3534,0.033896679391509525,True,False
2023,police_force,48,City of London,174,0.0016689366763222007,True,False
2023,police_force,5,Merseyside,2130,0.02043008689980625,True,False
2023,police_force,50,Devon and Cornwall,2806,0.02691400180321894,True,False
2023,police_force,52,Avon and Somerset,2281,0.021878417003970918,True,False
2023,police_force,53,Gloucestershire,1076,0.010320550940934987,True,False
2023,police_force,54,Wiltshire,1353,0.012977421396919181,True,False
2023,police_force,55,Dorset,1387,0.013303535460108576,True,False
2023,police_force,6,Greater Manchester,2530,0.02426672293732855,True,False
2023,police_force,60,North Wales,777,0.007452665502887069,True,False
2023,police_force,61,Gwent,502,0.004814978227090487,True,False
2023,police_force,62,South Wales,955,0.009159968539584493,True,False
2023,police_force,63,Dyfed-Powys,1021,0.009793013485775671,True,False
2023,police_force,7,Cheshire,1533,0.014703907613804216,True,False
2023,police_force,99,Police Scotland,4232,0.04059160927698594,True,False
2023,road_surface_conditions,-1,Data missing or out of range,1064,0.01020545185980932,True,True
2023,road_surface_conditions,1,Dry,72752,0.697807362504556,True,False
2023,road_surface_conditions,2,Wet or damp,26944,0.25843580348750217,True,False
2023,road_surface_conditions,3,Snow,241,0.002311573212607186,True,False
2023,road_surface_conditions,4,Frost or ice,1461,0.014013313127050203,True,False
2023,road_surface_conditions,5,Flood over 3cm. deep,179,0.0017168946267912294,True,False
2023,road_surface_conditions,9,unknown (self reported),1617,0.0155096011816839,True,True
2023,road_type,1,Roundabout,5947,0.057041186287862804,True,False
2023,road_type,2,One way street,2236,0.02144679544974966,True,False
2023,road_type,3,Dual carriageway,15412,0.14782558652573424,True,False
2023,road_type,6,Single carriageway,75685,0.7259394962496882,True,False
2023,road_type,7,Slip road,1801,0.017274453758944156,True,False
2023,road_type,9,Unknown,3177,0.030472481728020872,True,True
2023,second_road_class,-1,Data missing or out of range,84,0.0008056935678796831,True,True
2023,second_road_class,0,Not at junction or within 20 metres,42962,0.4120738936100827,True,False
2023,second_road_class,1,Motorway,312,0.0029925761092673944,True,False
2023,second_road_class,2,A(M),44,0.00042202996412745304,True,False
2023,second_road_class,3,A,10277,0.0985727713940417,True,False
2023,second_road_class,4,B,4005,0.03841431832569203,True,False
2023,second_road_class,5,C,2978,0.028563755299353528,True,False
2023,second_road_class,6,Unclassified,43596,0.4181549617295555,True,False
2023,special_conditions_at_site,-1,Data missing or out of range,3116,0.02988739473229872,True,True
2023,special_conditions_at_site,0,None,94834,0.9096088549559747,True,False
2023,special_conditions_at_site,1,Auto traffic signal - out,297,0.002848702257860308,True,False
2023,special_conditions_at_site,2,Auto signal part defective,45,0.0004316215542212588,True,False
2023,special_conditions_at_site,3,Road sign or marking defective or obscured,156,0.0014962880546336972,True,False
2023,special_conditions_at_site,4,Roadworks,1225,0.011749697864912045,True,False
2023,special_conditions_at_site,5,Road surface defective,242,0.0023211648027009917,True,False
2023,special_conditions_at_site,6,Oil or diesel,116,0.0011126244508814671,True,False
2023,special_conditions_at_site,7,Mud,258,0.0024746302442018838,True,False
2023,special_conditions_at_site,9,unknown (self reported),3969,0.038069021082315024,True,True
2023,trunk_road_flag,-1,Data missing or out of range,7487,0.07181223503232366,True,True
2023,trunk_road_flag,1,Trunk (Roads managed by Highways England),6577,0.06308388804696043,True,False
2023,trunk_road_flag,2,Non-trunk,90194,0.8651038769207159,True,False
2023,urban_or_rural_area,-1,Data missing or out of range,8,7.6732720750446e-05,True,True
2023,urban_or_rural_area,1,Urban,70312,0.67440388267567,True,False
2023,urban_or_rural_area,2,Rural,33934,0.32548101824320436,True,False
2023,urban_or_rural_area,3,Unallocated,4,3.8366360375223e-05,True,False
2023,weather_conditions,1,Fine no high winds,82029,0.7867885438047919,True,False
2023,weather_conditions,2,Raining no high winds,12840,0.12315601680446585,True,False
2023,weather_conditions,3,Snowing no high winds,396,0.0037982696771470775,True,False
2023,weather_conditions,4,Fine + high winds,977,0.009370983521648219,True,False
2023,weather_conditions,5,Raining + high winds,1225,0.011749697864912045,True,False
2023,weather_conditions,6,Snowing + high winds,42,0.00040284678393984153,True,False
2023,weather_conditions,7,Fog or mist,333,0.003193999501237315,True,False
2023,weather_conditions,8,Other,3081,0.02955168907901552,True,False
2023,weather_conditions,9,Unknown,3335,0.03198795296284218,True,True
2024,carriageway_hazards,-1,Data missing or out of range,421,0.0041713317546345375,True,True
2024,carriageway_hazards,0,None,93522,0.9266301386150386,True,False
2024,carriageway_hazards,11,Defective traffic signals,310,0.003071526945217831,True,False
2024,carriageway_hazards,12,Permanent road signing or markings defective or obscured or inadequate,209,0.002070803650162989,True,False
2024,carriageway_hazards,13,Roadworks,1196,0.011850149117679114,True,False
2024,carriageway_hazards,14,Oil or diesel,124,0.0012286107780871323,True,False
2024,carriageway_hazards,15,Mud,305,0.003021986188036898,True,False
2024,carriageway_hazards,16,Dislodged vehicle load in carriageway,199,0.001971722135801124,True,False
2024,carriageway_hazards,17,Other object in carriageway,943,0.009343386804323917,True,False
2024,carriageway_hazards,18,Involvement with previous collision,191,0.0018924569243116312,True,False
2024,carriageway_hazards,19,Pedestrian in carriageway - not injured,249,0.0024671297076104513,True,False
2024,carriageway_hazards,20,Any animal in carriageway (except ridden horse),265,0.002625660130589436,True,False
2024,carriageway_hazards,21,Poor or defective road surface,331,0.0032795981253777484,True,False
2024,carriageway_hazards,99,unknown (self reported),2662,0.026375499123128598,True,True
2024,carriageway_hazards_historic,-1,Data missing or out of range,59300,0.5875533801658624,True,True
2024,carriageway_hazards_historic,0,None,38450,0.3809684227213729,True,False
2024,carriageway_hazards_historic,1,Vehicle load on road,100,0.000990815143618655,True,False
2024,carriageway_hazards_historic,2,Other object on road,363,0.003596658971335718,True,False
2024,carriageway_hazards_historic,3,Previous accident,63,0.0006242135404797527,True,False
2024,carriageway_hazards_historic,6,Pedestrian in carriageway - not injured,154,0.0015258553211727288,True,False
2024,carriageway_hazards_historic,7,Any animal in carriageway (except ridden horse),100,0.000990815143618655,True,False
2024,carriageway_hazards_historic,9,unknown (self reported),2397,0.02374983899253916,True,True
2024,collision_injury_based,0,Based on severity reporting,41630,0.4124763442884461,True,False
2024,collision_injury_based,1,Based on Injury code reporting,59297,0.5875236557115538,True,False
2024,collision_severity,1,Fatal,1502,0.014882043457152199,True,False
2024,collision_severity,2,Serious,23567,0.23350540489660843,True,False
2024,collision_severity,3,Slight,75858,0.7516125516462394,True,False
2024,day_of_week,1,Sunday,11388,0.11283402855529244,True,False
2024,day_of_week,2,Monday,14051,0.1392194358298572,True,False
2024,day_of_week,3,Tuesday,14897,0.14760173194487106,True,False
2024,day_of_week,4,Wednesday,14915,0.1477800786707224,True,False
2024,day_of_week,5,Thursday,15461,0.15318992935488027,True,False
2024,day_of_week,6,Friday,16444,0.16292964221665163,True,False
2024,day_of_week,7,Saturday,13771,0.13644515342772498,True,False
2024,did_police_officer_attend_scene_of_accident,1,Yes,70064,0.6942047222249745,True,False
2024,did_police_officer_attend_scene_of_accident,2,No,9344,0.09258176701972713,True,False
2024,did_police_officer_attend_scene_of_accident,3,No - accident was reported using a self completion  form (self rep only),21519,0.21321351075529837,True,False
2024,enhanced_severity_collision,-1,Data missing or out of range,41630,0.4124763442884461,True,True
2024,enhanced_severity_collision,1,Fatal,1050,0.010403559007995878,True,False
2024,enhanced_severity_collision,3,Slight,42423,0.420333508377342,True,False
2024,enhanced_severity_collision,5,Very Serious,2935,0.029080424465207526,True,False
2024,enhanced_severity_collision,6,Moderately Serious,3441,0.03409394909191792,True,False
2024,enhanced_severity_collision,7,Less Serious,9448,0.09361221476909053,True,False
2024,first_road_class,1,Motorway,3029,0.03001179070020906,True,False
2024,first_road_class,2,A(M),229,0.00226896667888672,True,False
2024,first_road_class,3,A,44142,0.4373656206961467,True,False
2024,first_road_class,4,B,12677,0.1256056357565369,True,False
2024,first_road_class,5,C,4384,0.04343733589624184,True,False
2024,first_road_class,6,Unclassified,36466,0.3613106502719788,True,False
2024,junction_control,-1,Data missing or out of range,42581,0.42189899630425953,True,True
2024,junction_control,1,Authorised person,418,0.004141607300325978,True,False
2024,junction_control,2,Auto traffic signal,11027,0.10925718588682909,True,False
2024,junction_control,3,Stop sign,661,0.00654928809931931,True,False
2024,junction_control,4,Give way or uncontrolled,44332,0.4392481694690222,True,False
2024,junction_control,9,unknown (self reported),1908,0.01890475294024394,True,True
2024,junction_detail,-1,Data missing or out of range,7005,0.06940660081048679,True,True
2024,junction_detail,0,Not at junction or within 20 metres,46139,0.4571521991142113,True,False
2024,junction_detail,13,T or staggered junction,28004,0.2774678728189682,True,False
2024,junction_detail,16,Crossroads,9495,0.0940778978865913,True,False
2024,junction_detail,17,Junction with more than four arms (not roundabout),1669,0.016536704746995354,True,False
2024,junction_detail,18,Using private drive or entrance,2256,0.022352789640036858,True,False
2024,junction_detail,19,Other junction,6357,0.0629861186798379,True,False
2024,junction_detail,99,unknown (self reported),2,1.98163028723731e-05,True,True
2024,junction_detail_historic,-1,Data missing or out of range,59602,0.5905456418995908,True,True
2024,junction_detail_historic,0,Not at junction or within 20 metres,12861,0.12742873562079524,True,False
2024,junction_detail_historic,1,Roundabout,3121,0.030923340632338224,True,False
2024,junction_detail_historic,2,Mini-roundabout,726,0.007193317942671436,True,False
2024,junction_detail_historic,3,T or staggered junction,13683,0.13557323610134056,True,False
2024,junction_detail_historic,5,Slip road,603,0.00597461531602049,True,False
2024,junction_detail_historic,6,Crossroads,4338,0.04298156093017726,True,False
2024,junction_detail_historic,7,More than 4 arms (not roundabout),867,0.00859036729517374,True,False
2024,junction_detail_historic,8,Private drive or entrance,1312,0.012999494684276754,True,False
2024,junction_detail_historic,9,Other junction,1864,0.01846879427705173,True,False
2024,junction_detail_historic,99,unknown (self reported),1950,0.019320895300563773,True,True
2024,light_conditions,-1,Data missing or out of range,6,5.9448908617119306e-05,True,True
2024,light_conditions,1,Daylight,71550,0.7089282352591477,True,False
2024,light_conditions,4,Darkness - lights lit,21241,0.2104590446560385,True,False
2024,light_conditions,5,Darkness - lights unlit,756,0.007490562485757032,True,False
2024,light_conditions,6,Darkness - no lighting,5695,0.056426922429082406,True,False
2024,light_conditions,7,Darkness - lighting unknown,1679,0.01663578626135722,True,True
2024,local_authority_district,-1,Code deprecated,100927,1.0,True,False
2024,pedestrian_crossing,-1,Data missing or out of range,1034,0.010245028585016894,True,True
2024,pedestrian_crossing,0,No physical crossing facility within 50m,74788,0.7410108296095198,True,False
2024,pedestrian_crossing,11,Human crossing control by school crossing patrol,377,0.0037353730914423296,True,False
2024,pedestrian_crossing,12,Human crossing control by other authorised person,1001,0.009918059587622737,True,False
2024,pedestrian_crossing,13,Zebra crossing,4115,0.04077204315990766,True,False
2024,pedestrian_crossing,14,Pedestrian light crossing (pelican or puffin or toucan or similar),6273,0.06215383395919823,True,False
2024,pedestrian_crossing,15,Pedestrian phase at traffic signal,7342,0.07274564784448166,True,False
2024,pedestrian_crossing,16,Footbridge or subway,241,0.0023878644961209585,True,False
2024,pedestrian_crossing,17,Central refuge - no other controls,2744,0.027187967540895894,True,False
2024,pedestrian_crossing,99,unknown (self reported),3012,0.02984335212579389,True,True
2024,pedestrian_crossing_human_control_historic,-1,Data missing or out of range,59298,0.58753356386299,True,True
2024,pedestrian_crossing_human_control_historic,0,None within 50 metres,36696,0.36358952510230164,True,False
2024,pedestrian_crossing_human_control_historic,1,Control by school crossing patrol,200,0.00198163028723731,True,False
2024,pedestrian_crossing_human_control_historic,2,Control by other authorised person,547,0.005419758835594043,True,False
2024,pedestrian_crossing_human_control_historic,9,unknown (self reported),4186,0.0414755219118769,True,True
2024,pedestrian_crossing_physical_facilities_historic,-1,Data missing or out of range,59305,0.5876029209230433,True,True
2024,pedestrian_crossing_physical_facilities_historic,0,No physical crossing facilities within 50 metres,26613,0.2636856341712327,True,False
2024,pedestrian_crossing_physical_facilities_historic,1,Zebra,2564,0.025404500282382315,True,False
2024,pedestrian_crossing_physical_facilities_historic,4,"Pelican, puffin, toucan or similar non-junction pedestrian light crossing",2840,0.028139150078769805,True,False
2024,pedestrian_crossing_physical_facilities_historic,5,Pedestrian phase at traffic signal junction,4704,0.04660794435582154,True,False
2024,pedestrian_crossing_physical_facilities_historic,7,Footbridge or subway,152,0.0015060390183003556,True,False
2024,pedestrian_crossing_physical_facilities_historic,8,Central refuge,1228,0.012167209963637085,True,False
2024,pedestrian_crossing_physical_facilities_historic,9,unknown (self reported),3521,0.03488660120681285,True,True
2024,police_force,1,Metropolitan Police,20834,0.2064264270215106,True,False
2024,police_force,10,Northumbria,1834,0.018171549733966133,True,False
2024,police_force,11,Durham,571,0.0056575544700625206,True,False
2024,police_force,12,North Yorkshire,1347,0.013346279984543285,True,False
2024,police_force,13,West Yorkshire,4060,0.040227094830917395,True,False
2024,police_force,14,South Yorkshire,2107,0.02087647507604506,True,False
2024,police_force,16,Humberside,1896,0.0187858551230097,True,False
2024,police_force,17,Cleveland,500,0.0049540757180932754,True,False
2024,police_force,20,West Midlands,4622,0.04579547593805424,True,False
2024,police_force,21,Staffordshire,1496,0.01482259454853508,True,False
2024,police_force,22,West Mercia,1539,0.015248645060291102,True,False
2024,police_force,23,Warwickshire,1092,0.010819701368315714,True,False
2024,police_force,3,Cumbria,794,0.007867072240332122,True,False
2024,police_force,30,Derbyshire,1656,0.01640789877832493,True,False
2024,police_force,31,Nottinghamshire,2069,0.020499965321469974,True,False
2024,police_force,32,Lincolnshire,1725,0.0170915612274218,True,False
2024,police_force,33,Leicestershire,1206,0.01194923063204098,True,False
2024,police_force,34,Northamptonshire,1240,0.012286107780871323,True,False
2024,police_force,35,Cambridgeshire,1373,0.013603891921884135,True,False
2024,police_force,36,Norfolk,1628,0.016130470538111705,True,False
2024,police_force,37,Suffolk,1141,0.011305200788688855,True,False
2024,police_force,4,Lancashire,2731,0.02705916157222547,True,False
2024,police_force,40,Bedfordshire,1173,0.011622261634646825,True,False
2024,police_force,41,Hertfordshire,1648,0.016328633566835435,True,False
2024,police_force,42,Essex,2811,0.027851813687120395,True,False
2024,police_force,43,Thames Valley,2877,0.028505751681908706,True,False
2024,police_force,44,Hampshire,3429,0.033975051274683685,True,False
2024,police_force,45,Surrey,2454,0.024314603624401795,True,False
2024,police_force,46,Kent,3344,0.03313285840260782,True,False
2024,police_force,47,Sussex,3308,0.03277616495090511,True,False
2024,police_force,48,City of London,166,0.0016447531384069674,True,False
2024,police_force,5,Merseyside,1902,0.01884530403162682,True,False
2024,police_force,50,Devon and Cornwall,2820,0.027940987050046072,True,False
2024,police_force,52,Avon and Somerset,2501,0.024780286741902562,True,False
2024,police_force,53,Gloucestershire,1030,0.010205395979272147,True,False
2024,police_force,54,Wiltshire,1262,0.012504087112467427,True,False
2024,police_force,55,Dorset,1393,0.013802054950607864,True,False
2024,police_force,6,Greater Manchester,2793,0.027673466961269037,True,False
2024,police_force,60,North Wales,521,0.005162146898253193,True,False
2024,police_force,61,Gwent,569,0.005637738167190147,True,False
2024,police_force,62,South Wales,799,0.007916612997513055,True,False
2024,police_force,63,Dyfed-Powys,1024,0.010145947070655028,True,False
2024,police_force,7,Cheshire,1475,0.014614523368375163,True,False
2024,police_force,99,Police Scotland,4167,0.041287267034589355,True,False
2024,road_surface_conditions,-1,Data missing or out of range,704,0.006975338611075332,True,True
2024,road_surface_conditions,1,Dry,71832,0.7117223339641523,True,False
2024,road_surface_conditions,2,Wet or damp,25355,0.25122117966451,True,False
2024,road_surface_conditions,3,Snow,159,0.0015753960783536616,True,False
2024,road_surface_conditions,4,Frost or ice,1015,0.010056773707729349,True,False
2024,road_surface_conditions,5,Flood over 3cm. deep,192,0.0019023650757478178,True,False
2024,road_surface_conditions,9,unknown (self reported),1670,0.01654661289843154,True,True
2024,road_type,1,Roundabout,6204,0.06147017151010136,True,False
2024,road_type,2,One way street,2224,0.02203572879407889,True,False
2024,road_type,3,Dual carriageway,14671,0.1453624897202929,True,False
2024,road_type,6,Single carriageway,73618,0.7294182924291814,True,False
2024,road_type,7,Slip road,1642,0.016269184658218316,True,False
2024,road_type,9,Unknown,2568,0.025444132888127063,True,True
2024,second_road_class,-1,Data missing or out of range,11167,0.1106443270878952,True,True
2024,second_road_class,0,Not at junction or within 20 metres,12848,0.1272999296521248,True,False
2024,second_road_class,1,Motorway,747,0.007401389122831353,True,False
2024,second_road_class,2,A(M),76,0.0007530195091501778,True,False
2024,second_road_class,3,A,11899,0.11789709393918377,True,False
2024,second_road_class,4,B,4478,0.04436870213124337,True,False
2024,second_road_class,5,C,2773,0.027475303932545304,True,False
2024,second_road_class,6,Unclassified,56939,0.564160234625026,True,False
2024,special_conditions_at_site,-1,Data missing or out of range,59299,0.5875434720144262,True,True
2024,special_conditions_at_site,0,None,38039,0.3768961724811002,True,False
2024,special_conditions_at_site,1,Auto traffic signal - out,134,0.0013276922924489979,True,False
2024,special_conditions_at_site,2,Auto signal part defective,26,0.0002576119373408503,True,False
2024,special_conditions_at_site,3,Road sign or marking defective or obscured,78,0.0007728358120225509,True,False
2024,special_conditions_at_site,4,Roadworks,466,0.004617198569262932,True,False
2024,special_conditions_at_site,5,Road surface defective,93,0.0009214580835653492,True,False
2024,special_conditions_at_site,6,Oil or diesel,42,0.00041614236031983515,True,False
2024,special_conditions_at_site,7,Mud,78,0.0007728358120225509,True,False
2024,special_conditions_at_site,9,unknown (self reported),2672,0.026474580637490464,True,True
2024,trunk_road_flag,-1,Data missing or out of range,7080,0.07014971216820078,True,True
2024,trunk_road_flag,1,Trunk (Roads managed by Highways England),6495,0.06435344357803165,True,False
2024,trunk_road_flag,2,Non-trunk,87352,0.8654968442537676,True,False
2024,urban_or_rural_area,1,Urban,67304,0.6668582242610996,True,False
2024,urban_or_rural_area,2,Rural,33620,0.3331120512845918,True,False
2024,urban_or_rural_area,3,Unallocated,3,2.9724454308559653e-05,True,False
2024,weather_conditions,1,Fine no high winds,79601,0.7886987624718856,True,False
2024,weather_conditions,2,Raining no high winds,12328,0.12214769090530779,True,False
2024,weather_conditions,3,Snowing no high winds,242,0.0023977726475571453,True,False
2024,weather_conditions,4,Fine + high winds,935,0.009264121592834424,True,False
2024,weather_conditions,5,Raining + high winds,1125,0.01114667036570987,True,False
2024,weather_conditions,6,Snowing + high winds,25,0.00024770378590466377,True,False
2024,weather_conditions,7,Fog or mist,474,0.004696463780752425,True,False
2024,weather_conditions,8,Other,3052,0.03023967818324135,True,False
2024,weather_conditions,9,Unknown,3145,0.0311611362668067,True,True
